,betweenness,pagerank,clustering,closeness,raw_degree,is_high_risk,risk_score
M6PR,0.0,4.436447115561397e-05,1.0,0.15508405859988433,2,0,0.0
IGF2R,0.0002565642121030758,0.0001383534225855646,0.14285714285714285,0.1713207510534197,8,0,0.01
GGA3,0.0009134444021064954,0.00013049903225902568,0.2777777777777778,0.18313890972097735,9,0,0.01
FKBP4,0.00022849189583512902,0.00011480569356610846,0.5277777777777778,0.18463497405390927,9,0,0.02
PGR,8.280432102729836e-05,9.714645190342085e-05,0.2857142857142857,0.1861733074866629,8,0,0.0
FKBP5,0.00041052954138810055,0.0001272918693489737,0.4888888888888889,0.18935856646301805,10,0,0.09
HSP90AB1,0.017869564913805015,0.0006574107175225898,0.09409701928696669,0.22551752507922626,59,1,1.0
HSP90AA1,0.024109092707576493,0.0007769159442507971,0.07372229760289462,0.22737771434714774,67,1,1.0
MTOR,0.0016567982967754572,0.0003387628768889456,0.2276923076923077,0.17110707219580001,26,1,0.69
PHLPP1,9.593434321045076e-05,8.014875318813059e-05,0.3333333333333333,0.16774020191715197,4,0,0.0
PTGES3,0.002567781867616157,0.00030392816444547673,0.32386363636363635,0.18986441651182492,33,1,0.91
HSPA4,0.006355795100423453,0.0004844863391774151,0.1066066066066066,0.2109755524130897,37,1,1.0
NR3C1,0.000449243403986063,0.00012787092235949863,0.3090909090909091,0.19118121017054707,11,0,0.0
CYP26B1,0.0,0.00011486331265793706,1.0,0.00022975301550832856,2,0,0.0
CYP26A1,0.0,0.00011486331265793706,1.0,0.00022975301550832856,2,0,0.0
CYP26C1,0.0,0.00011486331265793706,1.0,0.00022975301550832856,2,0,0.0
FUCA2,0.0,0.00011486331265793706,0.0,0.00011487650775416428,1,0,0.0
FUCA1,0.0,0.00011486331265793706,0.0,0.00011487650775416428,1,0,0.0
SEMA3F,0.0,8.068211838097757e-05,0.8333333333333334,0.14902706702259502,4,0,0.0
PLXNA1,0.00010527908030780104,0.0001593374627816944,0.35714285714285715,0.14924197184259874,8,0,0.0
NRP1,0.0018393549010653127,0.0004315100420891107,0.09881422924901186,0.18183488752303806,23,0,0.25
NRP2,0.00043298276067354894,0.00021855375938440106,0.24358974358974358,0.1684683407877085,13,0,0.02
PLXNA3,9.92062442544812e-06,0.00011377327334071036,0.3333333333333333,0.14922687058314743,6,0,0.0
CFTR,0.001035257310979494,0.00012578149908064117,0.07142857142857142,0.18630854375840575,8,0,0.0
TJP1,0.007779856931510685,0.000712932193201045,0.07686274509803921,0.1960285588350248,51,1,0.99
YWHAB,0.0004912680417057712,0.00019552703900326863,0.34615384615384615,0.182036888879294,13,0,0.04
FLNA,0.0013973207176903788,0.0002780197414302545,0.16842105263157894,0.18428889162831616,20,0,0.02
YWHAG,0.0005482901790123434,0.00017043036720510913,0.3090909090909091,0.17120639136935226,11,0,0.0
YWHAZ,0.0023766418840026116,0.0003258526655282912,0.1422924901185771,0.19745238388748163,23,0,0.09
SLC9A3R1,0.0021242221068255933,0.00018739230818655645,0.13333333333333333,0.1659144261291633,10,0,0.0
GOPC,1.2352223633522587e-05,4.914710342123288e-05,0.0,0.15310772200219058,2,0,0.0
USP28,2.201901169626686e-05,5.6049479753074674e-05,0.6666666666666666,0.18422558386753696,6,0,0.0
TP53BP1,0.0033181731590974147,0.00030259947848069974,0.432996632996633,0.20388081222860305,55,1,1.0
UBB,0.017547032773918194,0.0013222747655196624,0.07014542343883662,0.22268270057840026,168,1,1.0
UBC,0.01874127415273428,0.0013415991684426838,0.06806745546035632,0.2242231715771181,172,1,1.0
FBXW7,0.0007465302122558429,0.00017445886325770867,0.2857142857142857,0.18587413495359995,14,0,0.0
RPS27A,0.04255908207797517,0.0015222819390317095,0.12496526169522927,0.22967946663379538,255,1,1.0
UBA52,0.029264350849147216,0.001422256615028442,0.12944171667575924,0.2269228889453147,235,1,1.0
HSPB6,0.0,2.9660311679180787e-05,0.0,0.16292671088525426,1,0,0.0
SFN,0.004450165935494496,0.0003488642911211142,0.03985507246376811,0.2031226300193651,24,0,0.23
USH1C,0.0,0.0002185554262342215,0.2,0.0005907934684499876,5,0,0.0
ANKS4B,0.0,5.514194542686796e-05,0.0,0.0003446295232624928,1,0,0.0
CDH23,0.0,0.00012864195680754607,0.6666666666666666,0.00045950603101665706,3,0,0.0
MYO7B,0.0,5.514194542686796e-05,0.0,0.0003446295232624928,1,0,0.0
USH1G,0.0,9.062131162408412e-05,1.0,0.00041355542791499133,2,0,0.0
MYO7A,0.0,0.00016722564032403803,0.5,0.0005169442848937392,4,0,0.01
RALA,0.000133805868207889,0.00010578357983348552,0.4,0.1489066897471325,5,0,0.0
RALBP1,0.0,5.3695747400723064e-05,1.0,0.12610276658876446,2,0,0.0
EXOC2,0.00012700326772177126,0.0001928387711056286,0.5454545454545454,0.14753988997880102,11,0,0.01
RASA1,0.0008992742815976431,0.00019489910150807273,0.0,0.1737632160305871,9,0,0.0
EXOC8,0.0004594911321902265,0.00017899622972896378,0.5454545454545454,0.16009681713633134,11,0,0.04
RALB,1.78534953200675e-05,8.68515840325658e-05,0.6666666666666666,0.13682850697057503,4,0,0.0
CACNG3,0.0,0.00012802400453085732,1.0,0.14451817587452903,12,0,0.0
CACNG8,7.773672754935152e-05,0.00018356771819374543,0.6476190476190476,0.14791353044035907,15,0,0.03
CACNB4,0.00040229949941634585,0.00013285350127473182,0.8461538461538461,0.15674055215810398,13,0,0.02
CACNB3,3.0534525217801746e-06,0.00016060824382598855,0.6952380952380952,0.1445287980454332,15,0,0.07
CACNA2D4,0.0,0.00012802400453085732,1.0,0.14451817587452903,12,0,0.0
CACNA1D,6.782406342492975e-06,0.00015071998862736512,0.7912087912087912,0.14452525714830586,14,0,0.07
CACNA1C,0.0007888777638567697,0.00024337416562714682,0.35968379446640314,0.1678022307217295,23,0,0.01
CACNG4,0.0,0.00012802400453085732,1.0,0.14451817587452903,12,0,0.0
CACNA1F,0.0,0.00012802400453085732,1.0,0.14451817587452903,12,0,0.0
CACNG7,0.0,0.00012802400453085732,1.0,0.14451817587452903,12,0,0.0
CACNA2D1,9.297008805534341e-06,0.00017395845696094854,0.625,0.1445323391160701,16,0,0.03
CACNA1S,0.00042536691544180704,0.00024177721631040672,0.42105263157894735,0.1651110451472907,20,0,0.03
CACNG6,0.0,0.0001280240045308573,1.0,0.14451817587452903,12,0,0.0
DVL2,0.0032726997212988483,0.00037212320363383823,0.19373219373219372,0.1773255003764211,27,1,0.92
PRICKLE2,0.0,7.761640781827393e-05,1.0,0.15540681843627074,5,0,0.0
PRICKLE1,0.0,7.761640781827393e-05,1.0,0.15540681843627074,5,0,0.0
LRP6,0.005118467224565519,0.0003796881624688128,0.1541501976284585,0.18062117027012864,23,0,0.22
VANGL2,7.885133627572716e-05,0.0001474835973190681,0.4888888888888889,0.15672805922108451,10,0,0.0
FRAT2,7.124931144852538e-06,7.684195813534554e-05,0.8,0.16425135517255746,5,0,0.0
ARRB2,0.009855045285980892,0.0003266097030909732,0.07905138339920949,0.20337473009109844,23,0,0.26
AXIN1,0.004357302413829324,0.0003970161376614418,0.1693121693121693,0.19084104108642233,28,1,0.97
CSNK1E,0.0007508884835286052,0.0002211824736974749,0.2,0.16958222908705806,15,0,0.01
FRAT1,7.350349165503312e-06,8.932747016939764e-05,0.8,0.16500943835027695,6,0,0.0
CSNK2A2,9.535845588235295e-05,0.00011613118662481585,0.7142857142857143,0.15588730566625444,7,0,0.01
CSNK2A3,0.0,9.073455853850111e-05,1.0,0.15588318634945436,6,0,0.0
DAAM1,0.0,6.672431550957171e-05,1.0,0.15530453404123842,4,0,0.0
INVS,0.0,5.2553331867250894e-05,1.0,0.155300445465905,3,0,0.0
DACT1,0.0,2.8968668067142335e-05,0.0,0.14590144986699646,1,0,0.0
AXIN2,0.00018495758034949548,0.00016251864973288984,0.48717948717948717,0.1849301677489075,13,0,0.16
DAAM2,0.0,6.672431550957171e-05,1.0,0.15530453404123842,4,0,0.0
PRICKLE4,0.0,7.761640781827393e-05,1.0,0.15540681843627074,5,0,0.0
APC2,0.0003421680096584777,0.0001711927501921794,0.43956043956043955,0.1870113942753741,14,0,0.11
DVL1,0.003907662153874443,0.0004277006865147972,0.1839080459770115,0.185956164959884,30,1,0.98
CSNK2A1,6.198171340526368e-05,0.00010074623590494606,0.7142857142857143,0.15921103910780526,7,0,0.01
WWTR1,0.0010402553004881887,0.0002500374836523123,0.21666666666666667,0.17739482230776452,16,0,0.01
CSNK2B,5.718662005211719e-05,9.761650732592507e-05,0.7142857142857143,0.16034486058772496,7,0,0.0
APC,0.0012471892326918808,0.0003150615610491484,0.23550724637681159,0.18925529101772218,24,0,0.08
DVL3,0.00016291643198798134,0.0002957440609975994,0.2857142857142857,0.1634911429805,22,0,0.06
PRICKLE3,0.0,7.761640781827393e-05,1.0,0.15540681843627074,5,0,0.0
VANGL1,0.0,0.00011781723109957848,0.7857142857142857,0.15541910161825273,8,0,0.06
PARD6A,0.0003108787235381441,0.0001639562746283927,0.5818181818181818,0.16949939433446545,11,0,0.04
RPAP3,0.0005630122336505964,0.00010426324588698169,0.3484848484848485,0.19106356019505752,12,0,0.0
PFDN6,0.00013980988035774462,0.00014695063086644136,0.477124183006536,0.16634485015431297,18,0,0.03
RUVBL2,0.0018290708545330118,0.00037550055957197114,0.31931252826775214,0.1997118092295484,67,1,0.97
PIH1D1,0.0003135200816377657,6.499126649746362e-05,0.38095238095238093,0.18897035016248842,7,0,0.0
PFDN2,0.00013980988035774462,0.00014695063086644136,0.477124183006536,0.16634485015431297,18,0,0.03
POLR2E,0.0020372897083977327,0.0003781160360820982,0.27593300029385837,0.188378969216746,83,1,0.9
WDR92,2.2683075419887078e-06,6.71286298040121e-05,0.7619047619047619,0.16367258812003777,7,0,0.0
UXT,6.294277880782533e-06,7.13428892623968e-05,0.7619047619047619,0.16297172199415422,7,0,0.01
RUVBL1,0.003977284045680656,0.00045397140058521415,0.2575438596491228,0.20805866825459038,76,1,1.0
TARBP2,0.0004064658720444776,0.00022021367275100763,0.4676923076923077,0.17794598718054963,26,1,0.88
PDRG1,0.0,5.903489940910442e-05,1.0,0.1629672197641417,6,0,0.0
SKAP2,0.0,4.796414007152289e-05,1.0,0.15976295691210055,3,0,0.0
ITGA4,0.00025487654364155795,0.00026968056962203726,0.4901185770750988,0.17887947786470984,23,0,0.25
ITGB1,0.005077215460417379,0.0006701370005229406,0.15510204081632653,0.19785636159726314,50,1,1.0
ITGA5,0.0001656184190186054,0.0002559667871996229,0.5217391304347826,0.17681525705189585,23,0,0.37
CX3CL1,0.00036757571739457807,0.0001402726327515862,0.21818181818181817,0.1654537336910978,11,0,0.0
CCL11,0.0005094755901567882,0.00014870710049565014,0.3787878787878788,0.16218760092990214,12,0,0.0
EGF,0.0013958403808299982,0.00036535413405997105,0.11724137931034483,0.1844214031019602,30,1,0.88
CCR2,0.002187255279217044,0.00039293833268831023,0.23106060606060605,0.16750681264793713,33,1,0.47
FGF13,0.0004618866539624833,0.00013193741947650368,0.17777777777777778,0.16192049355024157,10,0,0.0
FGF2,0.0038618702919000847,0.00024532696616786086,0.08088235294117647,0.18360060445136636,17,0,0.01
CCR5,0.0026907465372654946,0.00043239052411530557,0.1915966386554622,0.17098308515760127,35,1,0.94
CD200R1,1.3344403033399734e-05,7.656628316377322e-05,0.0,0.14761372822416738,4,0,0.0
CXCR1,3.466189010199812e-05,0.00019043265975559955,0.275,0.15874831595862218,16,0,0.0
CXCR3,0.00014120015330099857,0.0002836867676393412,0.32,0.1612257077543087,25,0,0.04
CXCR4,0.0052465056429645,0.0004752375381054075,0.1422475106685633,0.18161655801922358,38,1,0.96
CX3CR1,0.00020591620725539324,0.00019425299568638727,0.04395604395604396,0.1585222212942359,14,0,0.0
TRAPPC6A,0.0,0.00010298953985746978,0.9090909090909091,0.0013603796970887874,11,0,0.0
TRAPPC12,0.0,0.00012658984562378828,0.8681318681318682,0.0016154508902929351,14,0,0.0
TRAPPC2B,0.0,7.139395146418306e-05,0.9523809523809523,0.001123791923682042,7,0,0.0
TRAPPC10,0.0,0.00011021564375722337,0.9545454545454546,0.0014359563469270534,12,0,0.03
TRAPPC2,0.0,0.00012658984562378828,0.8681318681318682,0.0016154508902929351,14,0,0.0
TRAPPC5,0.0,0.00013527909968194025,0.8095238095238095,0.0017231476163124641,15,0,0.0
TRAPPC4,0.0,0.00012702862507069706,0.8461538461538461,0.0016154508902929351,14,0,0.0
TRAPPC9,0.0,0.00011847967476365087,0.8974358974358975,0.0015204243673345272,13,0,0.0
TRAPPC8,0.0,0.00013527909968194025,0.8095238095238095,0.0017231476163124641,15,0,0.0
TRAPPC2L,0.0,0.00012658984562378828,0.8681318681318682,0.0016154508902929351,14,0,0.0
TRAPPC1,0.0,0.00012720428855669306,0.8351648351648352,0.0016154508902929351,14,0,0.0
TRAPPC3,0.0,0.00012702862507069706,0.8461538461538461,0.0016154508902929351,14,0,0.0
CRY1,7.877939664193918e-05,0.00012184739010365023,0.32142857142857145,0.15900505177957955,8,0,0.0
CRY2,0.00037000895866182225,0.00011074794623899516,0.38095238095238093,0.15443445785178284,7,0,0.0
ARNTL,0.0002681594931945987,0.00014820982418676523,0.24444444444444444,0.18210432243694513,10,0,0.01
CSNK1D,0.0002016508089386754,0.00015544985310116197,0.3333333333333333,0.16020116288793418,10,0,0.0
FBXL3,8.263309289175826e-05,5.4061616984912064e-05,0.3333333333333333,0.16462722688645665,3,0,0.0
CLOCK,0.0001642460074533372,0.00012157577664858011,0.32142857142857145,0.1798063710382346,8,0,0.04
TIMELESS,0.0002397845207327071,0.00012927454250005104,0.38461538461538464,0.1555994782924246,13,0,0.0
PER2,0.00043769373707013383,0.00018565732745114372,0.15555555555555556,0.16504637180410725,10,0,0.0
PGLYRP1,0.0,2.8395415972136444e-05,0.0,0.16794076812111827,1,0,0.0
STARD3NL,0.0,6.105410556637221e-05,0.0,0.08179544399642819,1,0,0.0
STARD3,0.00201785831654442,0.00016333684838816057,0.0,0.09081806513774768,3,0,0.01
CD74,0.0007420348994697072,0.00023240750305778015,0.2549019607843137,0.1776940605163685,18,0,0.0
HLA-DMA,3.19594475548923e-05,0.00016294018357632461,0.8666666666666667,0.16795033085703226,15,0,0.04
CD44,0.01053494273114715,0.0007044030457191223,0.03636363636363636,0.19863584823969296,45,1,0.97
CTSL,9.386379853780994e-05,0.00010645100704694866,0.3333333333333333,0.14927596085384892,4,0,0.0
APP,0.00808760214101198,0.0005019909440986218,0.022792022792022793,0.20064923200756465,27,1,0.91
HLA-DOB,3.19594475548923e-05,0.00016294018357632461,0.8666666666666667,0.16795033085703226,15,0,0.04
HLA-DQB1,8.416984427342125e-06,7.296149725200102e-05,0.5,0.14867401131665914,4,0,0.0
HLA-DQA1,0.00010262886138275409,9.399017929028786e-05,0.26666666666666666,0.16466858589276465,6,0,0.0
HLA-DMB,3.19594475548923e-05,0.00016294018357632461,0.8666666666666667,0.16795033085703226,15,0,0.04
HLA-DOA,3.19594475548923e-05,0.00016294018357632461,0.8666666666666667,0.16795033085703226,15,0,0.04
CXCR2,0.0009388508904739013,0.00026863850680210346,0.20346320346320346,0.1753436798449128,22,0,0.0
MIF,0.0,4.9105777115972116e-05,1.0,0.1537021214440438,3,0,0.0
HLA-DPA1,3.19594475548923e-05,0.00016294018357632461,0.8666666666666667,0.16795033085703226,15,0,0.04
HLA-DPB1,3.19594475548923e-05,0.00016294018357632461,0.8666666666666667,0.16795033085703226,15,0,0.04
HLA-DRA,0.0015807389227700218,0.0003145771076291596,0.3076923076923077,0.1794344634694732,27,1,0.83
HLA-DRB1,0.00136999608034598,0.00032961633819997277,0.26455026455026454,0.17688948457292275,28,1,0.97
HLA-DQA2,2.0235932870525712e-05,7.528414572241658e-05,0.3,0.16456752276467113,5,0,0.0
HLA-DRB5,6.359099710003901e-06,6.970166629570981e-05,0.6,0.16455375103970546,5,0,0.0
CPA1,0.0,0.00011486331265793706,1.0,0.00022975301550832856,2,0,0.0
CPA2,0.0,0.00011486331265793706,1.0,0.00022975301550832856,2,0,0.0
CPA3,0.0,0.00011486331265793706,1.0,0.00022975301550832856,2,0,0.0
RANBP9,0.0008582261029411765,0.00010282315891404459,0.0,0.14621607190537614,3,0,0.0
GID8,0.0006675091911764706,0.00017106217428585903,0.4,0.12420177322347987,5,0,0.01
L1CAM,0.0021124575117246924,0.0003009920736263718,0.05714285714285714,0.1776940605163685,15,0,0.0
MKLN1,0.0,4.659243019758494e-05,0.0,0.12416517409013683,1,0,0.0
CD4,0.003133151695441227,0.00042709879959757554,0.1586452762923351,0.18133184006585518,34,1,0.92
CD82,0.00014253154606079196,0.00010848429955067738,0.26666666666666666,0.1614861051470682,6,0,0.0
ITIH4,0.0059513209024130665,0.00011747618227628254,0.3333333333333333,0.16370892548766167,7,0,0.07
LCK,0.003708662476109635,0.0002126623934499546,0.23529411764705882,0.19782318648633135,17,0,0.1
CD5,0.0001115021333653676,8.49989912593495e-05,0.2,0.16628858128322485,5,0,0.0
TRAT1,0.0,0.00011344617191933082,1.0,0.16438866994628398,9,0,0.0
CD8A,0.0005829751626592094,0.00025872582870624996,0.329004329004329,0.17740549203122824,22,0,0.14
CD8B,0.0,0.00011344617191933082,1.0,0.16438866994628398,9,0,0.0
CD8B2,6.96973940755251e-05,0.00010771662591630263,0.5555555555555556,0.1678261001713343,9,0,0.0
CD81,0.0016831590387282774,0.0002420846297774508,0.11666666666666667,0.18200319082507715,16,0,0.0
PLAT,0.00035308883744165665,0.00012055333837892465,0.19047619047619047,0.17880357119975754,7,0,0.0
SYK,0.0071190751940777034,0.0007036180108795383,0.09019607843137255,0.19804899687847985,51,1,0.97
ENPEP,0.0,2.7897851645523137e-05,0.0,0.14860285213044816,1,0,0.0
CD247,0.0005269169365185278,0.00026143486561442265,0.30526315789473685,0.1782201637771118,20,0,0.08
ZAP70,0.0009923757971392808,0.00022797844481895496,0.3508771929824561,0.1860793458148508,19,0,0.1
CD3D,0.0,0.0001134461719193308,1.0,0.16438866994628398,9,0,0.0
CD3E,8.575031257704771e-05,0.00013507104799450638,0.7636363636363637,0.17316134150416534,11,0,0.14
CD2,0.0006295013006105639,0.000154682921775499,0.1111111111111111,0.17947813742918342,10,0,0.02
CD3G,0.0,0.0001134461719193308,1.0,0.16438866994628398,9,0,0.0
IL16,0.0,2.7897851645523137e-05,0.0,0.14860285213044816,1,0,0.0
FYN,0.00687806094051304,0.0005154731134442839,0.10810810810810811,0.205700795767571,38,1,1.0
ERVW-1,0.0031531356748208993,0.0002516483705948961,0.0989010989010989,0.1837321276052699,14,0,0.01
PPP5C,0.0002610065211523751,0.00014663547654553485,0.8300653594771242,0.1844675387292411,18,0,0.83
TCP1,0.0003872562516824635,0.00018464287138325337,0.6363636363636364,0.17649256285969364,23,0,0.88
STIP1,0.0009374590126755949,0.00020990838545728385,0.5454545454545454,0.18976058870339374,23,0,0.35
DNAJC9,0.0015286176495856994,0.00018888227478686318,0.48484848484848486,0.1807761528874234,33,1,0.76
CCT2,0.00023101702044778873,0.00019356454528582929,0.605072463768116,0.16910581988941636,24,0,0.14
CDC37,0.0009468349662495368,0.00020582466779605902,0.549407114624506,0.18910361984364163,23,0,0.64
TSC1,0.00164092347060119,0.00017268053383142783,0.7134502923976608,0.1676162817816219,19,0,0.29
CCT6B,0.0,0.00012743251110310485,1.0,0.16710349048276021,16,0,0.01
CCT3,0.0004862721723477596,0.0002113427107674877,0.5353846153846153,0.1765136870443567,26,1,0.97
CCT5,0.0005908429813508377,0.00018956314558963257,0.5833333333333334,0.1723417985048468,24,0,0.22
PSMG2,0.00018743536418133148,0.00013132838262542754,0.8823529411764706,0.16902829286597137,17,0,0.18
CCT8,0.00047819957624894234,0.0002109242945866007,0.5415384615384615,0.1765136870443567,26,1,0.96
CCT4,8.6805903263828e-05,0.00019216496747504624,0.605072463768116,0.16848277556971414,24,0,0.16
CCT7,0.00016295950845918224,0.00017454825881292734,0.6883116883116883,0.1759398556778431,22,0,0.3
PSMG1,0.0,0.00012743251110310485,1.0,0.16710349048276021,16,0,0.01
CCT6A,0.000416180471247528,0.00019264644160401902,0.6014492753623188,0.17649784343184038,24,0,0.29
ERCC1,0.00031267700738805287,0.00021558358727266145,0.7486772486772487,0.17264947965998598,28,1,1.0
KDM1A,0.005229377317459319,0.0004501425383479675,0.28061224489795916,0.19124318942561114,49,1,0.98
ERCC4,0.00017542854812349393,0.0002011043912196755,0.8005698005698005,0.17263937433486687,27,1,0.97
SWSAP1,0.0,0.0001696492574469918,1.0,0.1716897296493612,24,0,0.01
MUS81,8.42558810671702e-05,8.602223842835544e-05,0.6,0.1450904476615279,5,0,0.0
ERCC5,0.000359616518729026,0.00020387805708177095,0.7407407407407407,0.17635537880485502,28,1,0.88
XRCC5,0.00017999673060342097,0.0002089710972001521,0.8034188034188035,0.172276368816728,27,1,0.98
SLX1A,2.2025463627333255e-05,9.134623982156795e-05,0.5333333333333333,0.14509401630770596,6,0,0.0
XRCC4,0.0006065209842452849,0.000246068483190965,0.6847290640394089,0.1732427071458225,29,1,0.98
RCOR1,0.000525837800223475,0.0002640526135198754,0.5277310924369748,0.1844387012575788,35,1,1.0
RAD23B,0.0004990365119250611,0.0002101292468236715,0.7407407407407407,0.17685236302381582,28,1,0.97
PAXX,0.0,0.00016964925744699183,1.0,0.1716897296493612,24,0,0.01
ATM,0.003305779333772463,0.00035125147340982535,0.35365853658536583,0.19241592475120362,41,1,0.99
XRCC6,0.0012653046430335278,0.00026467167433960663,0.610752688172043,0.17559943504859205,31,1,0.94
NHEJ1,0.0,0.00016964925744699183,1.0,0.1716897296493612,24,0,0.01
XPC,9.953705419852141e-05,0.00018097890966711408,0.8553846153846154,0.17927087525139493,26,1,0.99
ATP23,0.0,0.00016964925744699183,1.0,0.1716897296493612,24,0,0.01
SLX4,0.00031530414613128684,0.0001261965937153272,0.2222222222222222,0.15971970057460336,9,0,0.0
MSH2,0.0013910505825984118,0.00022874687228260663,0.6387096774193548,0.1747308261314061,31,1,0.97
PHF21A,0.00017043796801786618,0.0002012637038408985,0.7671957671957672,0.1800588309939076,28,1,0.89
ERCC8,0.0024373386737458667,0.0003248199370057148,0.44304682040531096,0.18934641056082172,54,1,0.99
PRKDC,0.000261499889186377,0.00022914268346911805,0.7433862433862434,0.17230152820113914,28,1,0.98
DCLRE1C,0.0,0.00016964925744699183,1.0,0.1716897296493612,24,0,0.01
ZSWIM7,0.0,0.00016964925744699183,1.0,0.1716897296493612,24,0,0.01
MSH6,0.0024560065742141655,0.00023085294689614345,0.6408602150537634,0.18028995785520785,31,1,0.93
POLD1,0.0009319356607347152,0.0003277438531886126,0.4107308048103608,0.17809103432624082,47,1,0.95
CETN2,0.002698296882496178,0.00024240475244052486,0.5428571428571428,0.18348638945637327,35,1,0.95
XPA,0.0015053645893085075,8.845601741522025e-05,0.18181818181818182,0.16488951870031307,11,0,0.0
LIG4,0.0,0.00016964925744699183,1.0,0.1716897296493612,24,0,0.01
COX15,0.0,3.127901971490515e-05,1.0,0.11020975639917799,3,0,0.0
MT-CO3,0.00014272302718173875,0.00013706371782283932,0.7384615384615385,0.12723422096933829,26,1,0.84
MT-CO2,0.00010826667441470126,0.00011849207192554537,0.7157894736842105,0.12721501414725583,20,0,0.01
MT-CO1,0.00014272302718173875,0.00013706371782283932,0.7384615384615385,0.12723422096933829,26,1,0.84
XYLT2,0.0,4.731077554274282e-05,0.0,0.12947384708797685,1,0,0.0
XYLT1,9.535845588235295e-05,7.001969223571949e-05,0.0,0.15363407091758213,2,0,0.0
SCTR,0.0001907169117647059,0.0001258065012771939,0.16666666666666666,0.15055605688893883,4,0,0.0
GNAS,0.006397276789089917,0.0010796679941966914,0.04887218045112782,0.17547929384009284,57,1,0.94
ANO6,0.0,4.389117362792168e-05,0.0,0.12728089026306774,1,0,0.0
SCT,0.0,4.389117362792168e-05,0.0,0.12728089026306774,1,0,0.0
GNB1,0.016738737573438436,0.0019899728858153525,0.028686868686868688,0.18122599677498083,100,1,0.96
SNAI2,0.0,2.5038558957971833e-05,0.0,0.15519421801642685,1,0,0.0
SLC7A9,5.677824795886704e-05,8.340810835502679e-05,0.0,0.12844486731165547,2,0,0.0
SLC3A1,9.529089657675372e-06,7.623133615085708e-05,0.0,0.11636658028607728,2,0,0.0
SLC3A2,0.0006703108288002638,0.00031321022927872206,0.0,0.15131685060978328,9,0,0.0
RB1CC1,0.003412137551226444,0.00020474215807083986,0.14102564102564102,0.19188392222692646,13,0,0.0
ATG13,0.0005011216552580092,0.00011609472069573768,0.38095238095238093,0.16334627626467302,7,0,0.0
ATG12,0.003865283423252664,0.00023661824617288093,0.19607843137254902,0.1795928827905867,18,0,0.03
PTK2B,0.00033076875147260225,0.0001221144981947129,0.35714285714285715,0.18468121661205938,8,0,0.0
CCPG1,0.0,3.067030515954393e-05,0.0,0.15561589693527492,1,0,0.0
OPTN,0.0052036501665874806,0.00022949823911573377,0.175,0.19413833413487794,16,0,0.05
CALCOCO2,0.00132083263886687,0.00015925912165003846,0.28888888888888886,0.1777101196271246,10,0,0.08
ULK1,0.0005903573117396206,0.00013832161416917361,0.2857142857142857,0.16807474559867802,8,0,0.0
PTK2,0.0012649935515091717,0.00024394008134576598,0.2736842105263158,0.19864922619283407,20,0,0.02
ATG101,0.00015171814876102036,9.066768660984639e-05,0.7,0.1592798202025705,5,0,0.02
ATG16L1,0.001497761908041876,0.00018759208267165768,0.16666666666666666,0.1721758047114121,13,0,0.0
ULK2,3.388636655839311e-06,9.364902791326798e-05,0.8,0.15836476298046714,5,0,0.0
TP53,0.039508847001149344,0.0009611861574173165,0.029259896729776247,0.22768487479340774,84,1,0.97
C9orf72,0.0004960416509077949,0.00013126997001449962,0.3333333333333333,0.15928842201821033,6,0,0.0
PIGQ,0.0,0.00012038781743456623,1.0,0.11194351521001956,6,0,0.0
PIGY,0.0,0.00012038781743456623,1.0,0.11194351521001956,6,0,0.0
PIGH,0.0,0.00012038781743456623,1.0,0.11194351521001956,6,0,0.0
PIGA,0.0007628676470588236,0.00013704124072240058,0.7142857142857143,0.1295392393557698,7,0,0.14
PIGP,0.0,0.00012038781743456623,1.0,0.11194351521001956,6,0,0.0
PIGC,0.0,0.00012038781743456623,1.0,0.11194351521001956,6,0,0.0
DPM2,0.0001907169117647059,0.00017176546925638567,0.5714285714285714,0.11194776394387325,8,0,0.06
CDH17,0.0002775048036098641,0.00013510887856114963,0.2222222222222222,0.18495915912154012,9,0,0.0
KLRG1,6.514564578357747e-07,5.4655599389747225e-05,0.3333333333333333,0.16466398942142083,3,0,0.0
KDR,0.0057540714187923215,0.0003817343444341768,0.09788359788359788,0.20938797504782597,28,1,0.88
CTNNB1,0.023690921811323557,0.0010257586951947706,0.054858934169279,0.21973803996954486,88,1,1.0
VCL,0.0032312801240828113,0.0004740804769513952,0.17567567567567569,0.20126535042723986,37,1,1.0
PECAM1,0.0007289093044912566,0.0001547992621502442,0.13333333333333333,0.18704697257347966,10,0,0.01
NECTIN1,0.00026963601396261705,0.0001819748875236213,0.26666666666666666,0.15881669774451865,10,0,0.0
CTNNA1,0.000571313808005714,0.00021862659855888386,0.39869281045751637,0.18763597509534022,18,0,0.34
CTNND1,0.000162409647992253,0.00015911207098341727,0.2909090909090909,0.1805548304671401,11,0,0.01
CTNND2,2.047168040422285e-06,4.377012959876177e-05,0.0,0.15568982372716814,2,0,0.0
GABARAPL2,0.002862313853273636,0.00030005390359927266,0.19047619047619047,0.18143780706247964,21,0,0.03
NBR1,0.0030222854430860487,0.0001248262661329364,0.37777777777777777,0.18932210343792807,10,0,0.05
TBC1D25,0.0,2.942394229081258e-05,0.0,0.14867401131665914,1,0,0.0
TAX1BP1,0.00016626532226247703,0.00011840814424397901,0.14285714285714285,0.16673980104079825,8,0,0.01
GABARAP,0.003813737695051084,0.0002993488618841625,0.14736842105263157,0.1798063710382346,20,0,0.01
PEX10,0.00011589426219958057,7.698938621064881e-05,0.3,0.15561179194973226,5,0,0.0
ATG7,0.0003018211222643923,0.00011285114512259408,0.5714285714285714,0.17090877914655234,8,0,0.0
BCL2L13,0.0,5.410508813812181e-05,1.0,0.15315939923726246,3,0,0.0
SIRT1,0.0022609722717035307,0.0002568761791404144,0.1286549707602339,0.19084104108642233,19,0,0.0
SQSTM1,0.012394645196279563,0.0004038661643668194,0.11553030303030302,0.20472990286049841,33,1,0.99
GABARAPL1,0.001194054451309439,0.0002923173096136857,0.19047619047619047,0.18137644265841843,21,0,0.01
UBA5,0.00012307444247255527,9.081004321747702e-05,0.0,0.15002765567198376,3,0,0.0
FUNDC1,2.6710243821297252e-05,0.00010007837247725226,0.2,0.15838602284930597,6,0,0.0
PSMD4,0.0014474812365254473,0.00025388848415330715,0.5198889916743756,0.18973007272039114,47,1,0.94
ATG3,0.00019257475658049673,0.00011218666484397062,0.5,0.16243769746179096,8,0,0.0
BNIP3,0.00018956274000794227,8.991667222318877e-05,0.26666666666666666,0.1678404251009304,6,0,0.0
BNIP3L,0.00022926102980994097,0.00010587483411249943,0.2,0.16733575641852894,6,0,0.0
ATG5,0.006376589383722699,0.00030334795283584276,0.15151515151515152,0.18196389219354084,22,0,0.04
MYOC,0.0,0.00011486331265793706,0.0,0.00011487650775416428,1,0,0.0
OLFM3,0.0,0.00011486331265793706,0.0,0.00011487650775416428,1,0,0.0
RTN4R,0.0018578428591324843,0.00018183346497769944,0.19047619047619047,0.1561389963479633,7,0,0.0
OMG,0.0,3.943378997793149e-05,0.0,0.1312483295737641,1,0,0.0
ANPEP,0.0004378035277372987,8.803579569178094e-05,0.0,0.16357727923418464,3,0,0.0
NGFR,0.003765373473697948,0.00036905815268589297,0.11255411255411256,0.18417956917238756,22,0,0.19
TNFRSF19,0.0,5.9426127711053684e-05,1.0,0.13850224035082648,2,0,0.0
RTN4,0.00019063863020157964,0.00014563878507634976,0.3,0.15390663521152131,5,0,0.0
LINGO1,0.0008064305053440681,0.00011733749637217114,0.4,0.1651757691947808,5,0,0.0
MAG,0.0001168275602942639,4.9346684770825355e-05,0.0,0.1405012961706855,2,0,0.0
PSMA4,0.0007947456328212611,0.00017749962170256951,0.7146341463414634,0.183783644495682,41,1,0.99
PSMD6,1.2065285678516796e-05,0.0001559297680281219,0.834920634920635,0.165388791662622,36,1,0.96
PSMD14,0.00034015540128754,0.00018482042273249393,0.7233468286099866,0.18541843221821155,39,1,0.98
AKIRIN2,0.0,4.2897117855658134e-05,1.0,0.15200307714763073,7,0,0.0
PSMD11,3.905239516903901e-06,0.00015025608485880285,0.8756302521008403,0.1640777520936334,35,1,1.0
PSMB3,4.281569148591504e-05,0.00016727266481340837,0.7759784075573549,0.16178726951408043,39,1,1.0
PSMA6,0.0007947456328212611,0.00017749962170256951,0.7146341463414634,0.183783644495682,41,1,0.99
PSMD2,0.004407411610881422,0.00017431492501901626,0.7581792318634424,0.19607416808556807,38,1,0.88
PSME1,4.7564338235294116e-05,8.03052933914786e-05,0.8666666666666667,0.15203833559336083,15,0,0.0
PSME4,0.0,7.724424806716721e-05,0.9916666666666667,0.15204617302496007,16,0,0.02
PSMC5,1.9050758784790951e-06,0.000145220936261777,0.9162210338680927,0.1640731885470991,34,1,0.99
PSMD7,1.9050758784790951e-06,0.000145220936261777,0.9162210338680927,0.1640731885470991,34,1,0.99
PSMB9,4.7679227941176475e-05,9.286897639172124e-05,0.8758169934640523,0.15205401126462523,18,0,0.0
PSMD1,1.9050758784790951e-06,0.000145220936261777,0.9162210338680927,0.1640731885470991,34,1,0.99
PSMB4,4.281569148591504e-05,0.00016727266481340837,0.7759784075573549,0.16178726951408043,39,1,1.0
PSME2,4.781053046218488e-05,8.493021223953244e-05,0.8666666666666667,0.15204617302496007,16,0,0.0
PSMC6,3.905239516903901e-06,0.00015025608485880285,0.8756302521008403,0.1640777520936334,35,1,1.0
PSMA3,4.281569148591504e-05,0.00016727266481340837,0.7759784075573549,0.16178726951408043,39,1,1.0
PSMD8,9.384680170671932e-06,0.00015089318824852986,0.8722689075630252,0.16538415489703667,35,1,1.0
PSMB10,4.7679227941176475e-05,8.872656303288539e-05,0.8823529411764706,0.15205009204377662,17,0,0.0
PSMD3,9.384680170671932e-06,0.00015089318824852986,0.8722689075630252,0.16538415489703667,35,1,1.0
PSMC1,1.9050758784790951e-06,0.00014522093626177698,0.9162210338680927,0.1640731885470991,34,1,0.99
PSMA7,4.5480400237293325e-05,0.00017244736088306152,0.7448717948717949,0.161791706783204,40,1,0.99
PSMC4,0.0001287652386442379,0.0001723952921138691,0.7912912912912913,0.1678261001713343,37,1,0.95
PSMF1,0.0,6.828951291090132e-05,1.0,0.1520304989697026,14,0,0.0
PSMB8,0.0017414981617647049,0.0001082571129010951,0.8526315789473684,0.15206577013952005,20,0,0.15
PSMB7,4.041792653770641e-05,0.00016285492132091313,0.7965860597439545,0.16178283248834163,38,1,0.96
PSMC2,0.00022311858452569945,0.0001613205643487723,0.8003003003003003,0.18584485605892512,37,1,0.93
PSMA2,0.0007593351622922229,0.0001835646644304177,0.6829268292682927,0.18207059941427164,42,1,0.96
PSMD12,1.2065285678516796e-05,0.0001559297680281219,0.834920634920635,0.165388791662622,36,1,0.96
PSMA1,0.00016612239330963293,0.00017691296266633206,0.7146341463414634,0.16683883197642402,41,1,0.62
PSMC3,6.980285390520626e-05,0.0001568406267126802,0.8365079365079365,0.18087592509420497,36,1,0.99
PSMA5,0.00023265903478230014,0.0001789397938857485,0.7085365853658536,0.16474676518620385,41,1,0.83
PSMA8,0.0,8.166484908122301e-05,0.9852941176470589,0.15205009204377662,17,0,0.01
PSMB5,4.040151372258036e-05,0.00016274296876992142,0.7994310099573257,0.16178283248834163,38,1,0.93
PSMB1,4.281569148591504e-05,0.00016727266481340837,0.7759784075573549,0.16178726951408043,39,1,1.0
PSMB2,4.5480400237293325e-05,0.0001724473608830615,0.7448717948717949,0.161791706783204,40,1,0.99
USP14,0.0003292332841604398,0.00017794501216565064,0.7612612612612613,0.18492437056496555,37,1,0.98
PSMD13,1.2065285678516796e-05,0.0001559297680281219,0.834920634920635,0.165388791662622,36,1,0.96
PSMB6,3.8020161589497844e-05,0.00015841315246170934,0.8183183183183184,0.16177839570596755,37,1,0.93
LCP2,0.0010285348437210032,0.00030514279726385536,0.2536231884057971,0.18747497047678133,24,0,0.13
CBL,0.008517727020402828,0.00034354740656028954,0.16129032258064516,0.21059895830289532,31,1,0.94
GRB2,0.014080809205119253,0.0010741063636423994,0.07111372318542462,0.20722546882433696,83,1,1.0
ITK,9.852919943839553e-05,0.00011864097886502409,0.6071428571428571,0.17016434710307787,8,0,0.01
WAS,0.0016919736961950192,0.00028826036480707033,0.25691699604743085,0.19444549479274842,23,0,0.06
VAV1,0.0019029040905431138,0.00029966862902005594,0.26,0.19481151286359105,25,0,0.22
BLNK,0.00023598260036796447,0.0001737471711044131,0.3956043956043956,0.18590342307520485,14,0,0.11
RABIF,0.0005021750988560684,5.89706977167624e-05,0.3333333333333333,0.1678499764126448,3,0,0.0
LAT,3.704679642611509e-07,7.887148411918221e-05,0.8666666666666667,0.17078013493782643,6,0,0.01
TEC,3.7051538201138004e-07,7.343423454112331e-05,0.8,0.16238851050244724,5,0,0.02
SKAP1,4.7777009464038e-06,6.181802333701668e-05,0.3333333333333333,0.1539387651946035,3,0,0.0
PLCG1,0.001506438566430518,0.0003426806960264106,0.22916666666666666,0.18897035016248842,33,1,0.9
FYB1,0.0,4.556128945696402e-05,1.0,0.15281026372972753,2,0,0.0
NCK2,0.0005601382212816359,0.00018961753520134155,0.18181818181818182,0.16294021160707106,12,0,0.0
VAV3,1.4379087649054275e-05,9.552112208734301e-05,0.7142857142857143,0.1730445122036492,7,0,0.0
NCK1,0.0010605482702715332,0.00037077597804438246,0.13846153846153847,0.18636151579649968,26,1,0.92
BTK,0.00036501040997057624,0.00015657329280678725,0.36363636363636365,0.1825382127370239,11,0,0.06
GRAP2,1.9867525270803827e-05,0.0001383741519173506,0.5454545454545454,0.17864113079227184,11,0,0.17
PLCG2,0.00025856806917246103,0.00021060135478143265,0.35947712418300654,0.17941809121391772,18,0,0.07
VAV2,0.0001371723765926103,0.00011099410512917726,0.42857142857142855,0.1738502717500413,8,0,0.01
RANGAP1,0.0005490949325028966,0.00013989555697624105,0.28888888888888886,0.17608164948428157,10,0,0.0
DCN,0.001866007372585179,0.00024261763505361054,0.15,0.18969346649374239,16,0,0.0
YBX3,0.00016623834993863292,5.1591483359120905e-05,0.0,0.17415822570330658,3,0,0.0
ERBB3,0.001140062394456465,0.0002974909404945726,0.233201581027668,0.19580083049065325,23,0,0.04
P3H3,0.0,3.0149948821838866e-05,0.0,0.15417210937517709,1,0,0.0
TLR2,0.0019065450885769805,0.00043493811303440833,0.1206896551724138,0.19147286250843587,29,1,0.87
BGN,0.002156744381435436,0.00018193521596363688,0.2,0.17862490298326725,10,0,0.0
EGFR,0.019447328173596387,0.0008473759187739398,0.07526881720430108,0.21868720745217426,63,1,1.0
MET,0.0012159827845627475,0.00024434157149871925,0.22058823529411764,0.19886351877772387,17,0,0.0
ELN,0.0025421167922471217,0.0002493773605506275,0.18181818181818182,0.17176971787620188,11,0,0.02
MFAP2,9.72428176647621e-05,0.00010230717289720307,0.3333333333333333,0.15448298908035407,4,0,0.0
TGFB1,0.0008262196346079005,0.0003155892562713244,0.10526315789473684,0.18209308004143723,19,0,0.01
TLR4,0.0056436593720238255,0.0006038259560870414,0.08205128205128205,0.20306669263416183,40,1,0.98
FN1,0.020384306863714414,0.0008298235087326352,0.055904961565338925,0.20939540753309674,54,1,1.0
ERBB4,0.0010365079151535884,0.0002873451475688841,0.21428571428571427,0.18945586989826899,21,0,0.04
YBX1,0.003479883880991999,0.00018190157764982976,0.37606837606837606,0.1903852645158109,27,1,0.81
ERBB2,0.0020538863320648205,0.0002904997612745549,0.20476190476190476,0.20676787315185421,21,0,0.09
IGF1,0.0008230801380110207,0.00039275127470837724,0.15343915343915343,0.17946175720307872,28,1,0.6
TNFRSF17,4.220715501281329e-05,7.14893876910828e-05,0.0,0.13221021136785677,2,0,0.0
TNFSF13B,0.00027498286355528333,0.00010308091710921528,0.0,0.15749379060824437,4,0,0.0
TNFSF13,2.8722426470588236e-08,7.52011759993904e-05,0.0,0.11472136716560162,2,0,0.0
MRPS10,0.0005380603125452692,0.00017949642895573895,0.6192490745637229,0.13808725236475658,62,1,0.93
MRPL36,0.000154970123022364,0.00013163665982122107,0.8224101479915433,0.1403074736234041,44,1,0.58
MRPL40,1.7197882430823164e-05,0.00014651038605612568,0.7647058823529411,0.13306912591690692,51,1,0.95
MRRF,1.3345773915626858e-08,5.2006604281490924e-05,0.978021978021978,0.12015413518458531,14,0,0.02
MRPS16,0.0014676591189909786,0.0001929036688291654,0.6135198135198136,0.1382490607223436,66,1,0.92
MRPS18C,1.9148465599995597e-07,0.00010560197064302928,0.9732620320855615,0.12189960161639908,34,1,0.84
MRPL23,1.5248814001217085e-05,0.0001456708491399129,0.7937254901960784,0.13306912591690692,51,1,0.92
MRPS25,1.5294216369514997e-06,0.00012255044343954577,0.8269230769230769,0.12193487713723725,40,1,0.74
MRPL43,2.689574922517215e-05,0.00015380615419256636,0.7460087082728593,0.13308113386925352,53,1,0.96
MRPS31,2.2333198570663764e-07,0.00010802047656995867,0.9680672268907563,0.12191219767343972,35,1,0.99
MRPL27,0.0002779495876833355,0.00018957922771335983,0.6393849206349206,0.14037424854898156,64,1,0.95
MRPL42,0.00031140610315805883,0.00020003010532665405,0.5661971830985916,0.13314421119086356,71,1,0.83
MTIF3,0.0,8.71391391819558e-05,1.0,0.11844843525535412,27,1,0.61
MRPS2,5.639000139405072e-07,0.00011703863480195644,0.871977240398293,0.12192479633388588,38,1,0.77
METTL17,3.012909026965647e-05,5.8848355463840874e-05,0.8461538461538461,0.1298071827708747,13,0,0.0
MRPS34,1.8070844513713365e-06,0.00011560189651545757,0.9174603174603174,0.1219147171972307,36,1,0.94
MRPS23,2.2333198570663764e-07,0.00010802047656995867,0.9680672268907563,0.12191219767343972,35,1,0.99
MRPL16,2.7836646820132397e-05,0.00015918647862324427,0.7515151515151515,0.13308713865814778,55,1,0.91
MRPS15,0.00038893528952398294,0.00019571679509902963,0.6009615384615384,0.13033200965539307,65,1,0.97
MRPL33,0.0003231683725762947,0.0001685050982758826,0.7051948051948052,0.14034753095314048,56,1,0.92
AURKAIP1,0.0003452117362194779,0.00011318209124154293,0.93048128342246,0.13052233429999116,34,1,0.79
MRPS35,9.602874382710699e-05,0.00016668967212450208,0.6709013914095584,0.13018244738982215,58,1,0.86
MRPL47,3.2501885766270226e-05,0.00018479672840995771,0.6498015873015873,0.1331141669153895,64,1,0.61
MRPS11,0.00011454716760994713,0.00017320092363410652,0.6481589713617767,0.13018532035006292,59,1,0.86
MRPS18B,1.9148465599995597e-07,0.00010560197064302927,0.9732620320855615,0.12189960161639908,34,1,0.84
MRPS6,0.000540008360811549,0.00018719593012106423,0.6201923076923077,0.13810341615410043,65,1,0.97
MRPL24,8.966401845057237e-05,0.00012028072537124834,0.7597840755735492,0.14027744562866862,39,1,0.66
MRPS28,2.2333198570663764e-07,0.00010802047656995867,0.9680672268907563,0.12191219767343972,35,1,0.99
MRPS33,1.8794987773411744e-05,0.00011505425088900219,0.9206349206349206,0.12203577693006477,36,1,0.88
MRPS9,0.0005417851739478083,0.0001896721160797189,0.6167832167832168,0.13810664936607203,66,1,0.99
MRPL44,1.5118535338791356e-05,0.0001400325207929519,0.8256802721088435,0.13306312275330795,49,1,0.85
TUFM,0.009536666173017194,0.00013515254516182487,0.6092307692307692,0.15661155443816605,26,1,0.67
MRPS30,0.00032688849811925315,0.0002264788590974717,0.5256329113924051,0.13317727556208153,80,1,0.27
MRPL58,2.789287080946288e-05,0.00013493198597642426,0.7227053140096619,0.13306012137461995,46,1,0.7
MRPL9,0.0003020140661688091,0.00016814396449658735,0.7035692679975801,0.14034753095314048,58,1,0.94
MRPL34,1.4765075940441957e-05,0.00012225354349383784,0.8664343786295006,0.13304211594547588,42,1,0.76
MRPS5,0.0005689312901842607,0.0001939280738118363,0.6001809136137495,0.13810664936607203,67,1,0.91
MRPL3,0.00020223689358505337,0.00017399545931403063,0.6853107344632768,0.14036088847964218,60,1,0.98
MRPL13,0.008374084955482435,0.00019174172741492627,0.6359126984126984,0.15038334364143066,64,1,0.83
MRPS18A,0.00032230479100621857,0.0001873322026706717,0.5818181818181818,0.13312918735804655,66,1,0.94
MRPL41,2.7587651918555206e-05,0.00017358113083546035,0.6961748633879782,0.13310215300140796,61,1,0.77
MRPS14,0.0004913793436829546,0.00017972310246190746,0.6518177163338453,0.13809371742643387,63,1,0.98
MRPL22,0.0001540520162640433,0.00014527150617341513,0.8024489795918367,0.14032416139828255,50,1,0.82
DAP3,0.00036230387029304565,0.0001863945841006795,0.623015873015873,0.13032913021722822,64,1,0.98
MRPL19,0.0002054828087916215,0.00017176964856410024,0.6949152542372882,0.14035420939858198,59,1,0.96
MRPS26,9.558778512229266e-07,0.00011260022458815431,0.9222222222222223,0.1219147171972307,36,1,0.91
MRPS12,0.00010601030331031807,0.00017763844859615822,0.6493918561607614,0.13019681345918913,62,1,0.87
MRPS17,2.237795447962301e-07,0.00010802047656995867,0.9680672268907563,0.12191219767343972,35,1,0.99
MRPL32,0.00019025022063233393,0.00016813787276745434,0.7102238354506957,0.1403508700964146,58,1,0.96
MRPS24,3.6382065869685495e-07,0.00011185835290289649,0.9317460317460318,0.1219147171972307,36,1,0.84
MRPS21,1.7208955766614996e-06,0.00011506700096525033,0.9174603174603174,0.1219147171972307,36,1,0.97
MRPL4,0.0004023428856386109,0.00019671003447914453,0.6169154228855721,0.14038427027016018,67,1,0.9
MRPS22,2.2333198570663764e-07,0.00010802047656995867,0.9680672268907563,0.12191219767343972,35,1,0.99
MRPL46,1.6889857206742038e-05,0.00014861100821335138,0.7933634992458521,0.1330751296221977,52,1,0.89
MRPL17,0.0002046728227534108,0.00017501149419341696,0.688135593220339,0.14036088847964218,60,1,0.96
MRPL12,0.0017428008978426276,0.00011504072105196116,0.8049242424242424,0.12971013920759913,33,1,0.73
MRPS27,1.803470282468594e-06,0.00011560189651545755,0.9174603174603174,0.1219147171972307,36,1,0.94
PTCD3,2.2333198570663764e-07,0.00010802047656995867,0.9680672268907563,0.12191219767343972,35,1,0.99
MRPS7,0.0006577368222076605,0.00018017671603350307,0.6262626262626263,0.1380646294151801,55,1,0.97
CHCHD1,5.427069157983597e-07,0.00010411652342105985,0.9450757575757576,0.12190715893825999,33,1,0.74
MRPL49,2.4641675035523247e-05,0.00014904571957996378,0.7684766214177979,0.1330781316780004,52,1,0.93
MTIF2,4.6137672965315e-08,9.702050443097631e-05,0.9870967741935484,0.12019085636035129,31,1,0.22
ERAL1,0.0006815229492391023,0.00011156506634627447,0.8473118279569892,0.1299902474829202,31,1,0.19
GUCA1A,0.0,0.00011486331265793706,1.0,0.00022975301550832856,2,0,0.0
GUCA1C,0.0,0.00011486331265793706,1.0,0.00022975301550832856,2,0,0.0
GUCA1B,0.0,0.00011486331265793706,1.0,0.00022975301550832856,2,0,0.0
VAMP3,0.00041572866264424734,0.00027136428997864587,0.47619047619047616,0.14543384007254082,22,0,0.1
SNAP29,0.00042089787291040877,0.00021574901926029128,0.6143790849673203,0.1500734563198942,18,0,0.17
STX3,2.555412141779037e-05,0.0001221495216359582,0.6388888888888888,0.13903760302211748,9,0,0.02
STX1A,0.0012323747473734319,0.000290996441047724,0.44285714285714284,0.1513984041941895,21,0,0.02
STX17,0.0021181512412268913,0.00019392197040037152,0.675,0.15775069985352055,16,0,0.24
VAMP1,0.0,5.037959892469093e-05,1.0,0.13561120508097474,3,0,0.0
STX16,0.0005374750903111226,0.00023901594978030055,0.5614035087719298,0.14582570936697897,19,0,0.12
VAMP7,0.0013896997174401473,0.00030679996710363867,0.4329004329004329,0.14455713146986868,22,0,0.04
SNX4,0.002177940507337564,0.00021342327533808295,0.543859649122807,0.15528409331707602,19,0,0.33
CPLX1,0.00028607536764705885,0.00014916892116473065,0.5,0.13934961899752912,9,0,0.04
VAMP2,0.0051068903804371134,0.00035449829333029887,0.3384615384615385,0.16089590391180453,26,1,0.58
VAMP8,0.0008014649101856446,0.00025407206074604604,0.5,0.14986757332001424,21,0,0.1
STX12,0.0002266920130073729,0.0001915292962421905,0.7416666666666667,0.14448277991188618,16,0,0.08
STX6,0.0030479082206089432,0.0002373127966488945,0.5614035087719298,0.14871523989770846,19,0,0.19
STX4,0.0004017051750633478,0.0002193132488916975,0.6397058823529411,0.14503693902644016,17,0,0.17
SNAP25,0.0009276462579784668,0.00032667244339135767,0.36,0.14844952994671098,25,0,0.11
STX10,5.49664014357075e-05,9.094701711070125e-05,0.6,0.12781313474503622,6,0,0.0
SYT1,0.00067400787842048,0.00013342708173481134,0.4444444444444444,0.1522030915171681,9,0,0.02
STX2,1.0216872670852844e-05,7.536706685411286e-05,0.6,0.13806786081127184,5,0,0.0
L7N2F9_HUMAN,0.0,8.878636762457098e-05,1.0,0.13933974444969768,6,0,0.0
SNAP23,0.0005980143168070019,0.0002514945218963766,0.5105263157894737,0.14512971242705247,20,0,0.15
STX1B,8.614518453219645e-06,7.617336879578924e-05,0.7,0.13779051249701954,5,0,0.0
VTI1A,2.9596342635073772e-05,0.00015693038216275587,0.48484848484848486,0.1277577732278425,12,0,0.01
UTS2,0.0,0.00011486331265793706,0.0,0.00011487650775416428,1,0,0.0
UTS2R,0.0,0.00011486331265793706,0.0,0.00011487650775416428,1,0,0.0
RFC2,0.00013186599688850192,0.00016481895520420388,0.5606060606060606,0.15594912155398,12,0,0.0
CHTF8,0.0,8.951593755028005e-05,1.0,0.13112871320653524,6,0,0.0
ATAD5,0.0,6.497243882542081e-05,1.0,0.1311228838387695,4,0,0.0
RAD17,0.0,8.850801605105954e-05,1.0,0.13674921000098292,6,0,0.0
RFC4,0.00013186599688850192,0.00016481895520420388,0.5606060606060606,0.15594912155398,12,0,0.0
RAD9A,0.00029526254191030755,0.00018367886115186428,0.32051282051282054,0.155739147289255,13,0,0.0
HUS1,6.324866095648575e-05,0.0001449725008013968,0.4888888888888889,0.14663768478019343,10,0,0.0
PCNA,0.008783419382936117,0.00045508522615022,0.0761904761904762,0.19168440035816087,36,1,0.97
DSCC1,0.0,8.951593755028005e-05,1.0,0.13112871320653524,6,0,0.0
RFC3,0.00010773061637606962,0.00015097267658992566,0.6181818181818182,0.15594499896960984,11,0,0.01
RFC1,2.295231434505597e-05,8.872676861330011e-05,0.8666666666666667,0.15556665139827006,6,0,0.0
RFC5,0.00013186599688850192,0.00016481895520420388,0.5606060606060606,0.15594912155398,12,0,0.0
CHTF18,0.0,8.951593755028005e-05,1.0,0.13112871320653524,6,0,0.0
PPP1R3F,0.0,0.00011790843849865915,1.0,0.1440453061075477,8,0,0.0
PPP1R3D,0.0,0.00011790843849865915,1.0,0.1440453061075477,8,0,0.0
PPP1CC,0.001196255743074094,0.0003099261821058135,0.2578947368421053,0.1646502015469019,20,0,0.14
PPP1R3E,0.0,0.00011790843849865915,1.0,0.1440453061075477,8,0,0.0
PPP1CB,0.0009552414735469383,0.00024969471315870083,0.3382352941176471,0.16461803881742434,17,0,0.08
PPP1CA,0.0022478037395345066,0.00020804494813027828,0.39166666666666666,0.17206030103609163,16,0,0.09
PPP1R3C,0.0020261948529411767,0.00017530833133861274,0.5636363636363636,0.14405937681072556,11,0,0.09
PPP1R3B,0.0,0.00011790843849865913,1.0,0.1440453061075477,8,0,0.0
PPP1R3A,0.0,0.00011790843849865913,1.0,0.1440453061075477,8,0,0.0
CLDN11,0.0,2.9114219275307753e-05,0.0,0.15833075905905847,1,0,0.0
PKP2,0.00017921773542376834,0.0001040974189302999,0.5,0.15191695864186863,4,0,0.0
CTNNA3,0.0004249307145365902,0.00015528817792811623,0.5909090909090909,0.1861909358653663,12,0,0.17
DSG2,9.535845588235295e-05,0.00012602612646998553,0.5,0.1286689951582961,4,0,0.0
DSP,0.00021194603216201347,0.00016358814311116058,0.26666666666666666,0.14669238128568163,6,0,0.0
DSC2,0.0,8.975393259628541e-05,1.0,0.12866618873282154,3,0,0.0
INPP4A,0.0,0.00011486331265793706,0.0,0.00011487650775416428,1,0,0.0
INPP4B,0.0,0.00011486331265793706,0.0,0.00011487650775416428,1,0,0.0
GNA11,0.0,6.706486541299862e-05,1.0,0.15156566945922256,3,0,0.0
GNG2,0.0013199347998731712,0.00041233401689778307,0.17391304347826086,0.16763057091365408,23,0,0.13
GNAQ,0.0016991064242451869,0.0004269925042158333,0.05714285714285714,0.1653239005947649,21,0,0.14
CREB3L3,1.2599660347822112e-07,0.00012808642052694884,0.9333333333333333,0.1577633563602482,10,0,0.01
CRTC2,0.0002516920116111761,0.0001384249993573725,0.5333333333333333,0.17056286997693867,10,0,0.06
CREB3L1,1.2599660347822112e-07,0.00012808642052694884,0.9333333333333333,0.1577633563602482,10,0,0.01
CREB1,0.0030329536840833634,0.000335071001722913,0.20615384615384616,0.19420224588564658,26,1,0.65
CREB3L2,1.2599660347822112e-07,0.00012808642052694884,0.9333333333333333,0.1577633563602482,10,0,0.01
ATF4,0.00015281599080557186,0.0001722123722537312,0.4835164835164835,0.17788159759437933,14,0,0.12
CREB5,1.2599660347822112e-07,0.00012808642052694884,0.9333333333333333,0.1577633563602482,10,0,0.01
ATF2,0.00017871019857160735,0.00017506780366915986,0.47619047619047616,0.18076507388068888,15,0,0.1
ATF6B,2.8283468891574355e-05,0.00013456911081257298,0.8,0.15839027550806575,10,0,0.01
CREB3,0.00019337478958091002,0.00019031495173457106,0.5384615384615384,0.15874404405216225,13,0,0.03
CREB3L4,1.2599660347822112e-07,0.00012808642052694884,0.9333333333333333,0.1577633563602482,10,0,0.01
HDAC7,7.098009864839254e-06,5.56487412557983e-05,0.16666666666666666,0.17022326997611892,4,0,0.0
KAT5,0.002285309910772993,0.0002930105249420053,0.37272727272727274,0.2008405086825004,45,1,0.93
FOXA1,1.8890712459222485e-05,7.030337188592133e-05,0.2,0.17807490630067319,5,0,0.0
FOXP3,5.194613487493008e-05,7.94106448312403e-05,0.2,0.1768470612172078,6,0,0.0
NCOR1,0.0026084051779186727,0.0003495112493042251,0.1032258064516129,0.19815543906692648,31,1,0.74
MRPL11,9.910032280450395e-05,0.0001625611542534839,0.7148040638606676,0.1330781316780004,53,1,0.89
MRPL2,0.0002523297973257457,0.00017611178448080967,0.6915584415584416,0.1403441919687484,56,1,1.0
APPBP2,0.0,0.0001145882793436009,1.0,0.16583979705440952,16,0,0.0
ZER1,0.0,0.0001145882793436009,1.0,0.16583979705440952,16,0,0.0
ZYG11B,0.0,0.0001145882793436009,1.0,0.16583979705440952,16,0,0.0
KLHDC3,0.0,0.0001145882793436009,1.0,0.16583979705440952,16,0,0.0
RBX1,0.016374388768045527,0.0007606863327712435,0.15894465894465895,0.20250205695041024,112,1,0.98
ELOB,0.0025899497631115057,0.00041765015013075195,0.32202623247399365,0.1866977061436972,67,1,1.0
FEM1A,0.0,0.0001145882793436009,1.0,0.16583979705440952,16,0,0.0
CUL2,0.0011982783814294819,0.00025153784193152035,0.33689839572192515,0.18304798526150123,34,1,0.14
FEM1C,0.0,0.0001145882793436009,1.0,0.16583979705440952,16,0,0.0
PRAME,0.0,0.0001145882793436009,1.0,0.16583979705440952,16,0,0.0
ASB4,1.4104911865837486e-05,0.00015207572827011514,0.680952380952381,0.1660779116278829,21,0,0.28
KLHDC2,0.0,0.0001145882793436009,1.0,0.16583979705440952,16,0,0.0
COMMD1,0.003951916311656538,0.00017505216188527564,0.5952380952380952,0.17482921643715255,21,0,0.19
PRAMEF6,0.0,0.0001145882793436009,1.0,0.16583979705440952,16,0,0.0
KLHDC10,0.0,0.0001145882793436009,1.0,0.16583979705440952,16,0,0.0
FEM1B,0.0,0.0001145882793436009,1.0,0.16583979705440952,16,0,0.0
PRAMEF15,0.0,0.0001145882793436009,1.0,0.16583979705440952,16,0,0.0
CD22,1.74209819181485e-05,6.419423898177135e-05,0.0,0.14944235246041446,3,0,0.0
PTPRC,0.0001993409276297944,0.00013707565474381508,0.0,0.16953836531175173,7,0,0.0
PTPN6,0.0005530950498787189,0.00027586664837694154,0.022058823529411766,0.17354851051814896,17,0,0.03
KCNQ1,0.0028173939402358138,0.0003051203702045427,0.26877470355731226,0.16551872674024695,23,0,0.46
KCNQ3,0.00011623462101231781,0.0001279073930058224,0.7818181818181819,0.16493562100940562,11,0,0.0
KCNJ18,0.0,0.00010600599703427735,1.0,0.14337661435500684,9,0,0.0
KCNE3,0.000328416420358254,8.879986968631862e-05,0.7333333333333333,0.16346849062051155,6,0,0.0
KCNQ4,0.00011623462101231781,0.0001279073930058224,0.7818181818181819,0.16493562100940562,11,0,0.0
KCNN4,0.001427720240197348,0.00018849490660670119,0.4666666666666667,0.16354100027785204,15,0,0.08
KCNE2,9.535845588235295e-05,6.782263188396729e-05,0.0,0.1378194851067075,2,0,0.0
KCNJ12,0.0,0.00010600599703427735,1.0,0.14337661435500684,9,0,0.0
KCNE1B,0.0,4.955733500649115e-05,1.0,0.13781626532619384,2,0,0.0
KCNQ5,0.0007940199143716466,0.00018845408362345818,0.47368421052631576,0.1568989685893505,19,0,0.11
KCNJ4,0.0,0.00010600599703427734,1.0,0.14337661435500684,9,0,0.0
CALML5,0.0026738224663511068,0.000499226017210122,0.19797979797979798,0.19877640667932747,45,1,1.0
CALM2,0.004804919810268091,0.0007322858741261921,0.08051948051948052,0.18960810687266652,56,1,1.0
KCNJ2,0.0,0.00010600599703427734,1.0,0.14337661435500684,9,0,0.0
CALML3,0.0026738224663511068,0.000499226017210122,0.19797979797979798,0.19877640667932747,45,1,1.0
CALML6,0.0026738224663511068,0.000499226017210122,0.19797979797979798,0.19877640667932747,45,1,1.0
KCNJ13,0.0,6.564320368299435e-05,1.0,0.13787424440289817,4,0,0.0
CALM3,0.020148542012022437,0.0010975650242741302,0.08359456635318704,0.20339576668008139,88,1,0.98
KCNJ14,0.0,0.00010600599703427734,1.0,0.14337661435500684,9,0,0.0
KCNK5,0.0,6.564320368299435e-05,1.0,0.13787424440289817,4,0,0.0
AKAP9,0.002751292306494591,0.00013304371718916253,0.2,0.15003910321292063,6,0,0.0
KCNE1,0.0,4.955733500649115e-05,1.0,0.13781626532619384,2,0,0.0
KCNQ2,0.00045125812641603314,0.00017917849354059253,0.475,0.1674877891321201,16,0,0.13
CALML4,0.0026738224663511068,0.000499226017210122,0.19797979797979798,0.19877640667932747,45,1,1.0
OTUD5,0.0,4.0776906306050204e-05,1.0,0.18078169290007665,4,0,0.0
GPKOW,6.965036894424223e-07,4.646311121142767e-05,0.9444444444444444,0.15426887264369887,9,0,0.0
PRPF8,0.0012773302531237007,0.0004199690192111148,0.407386255473063,0.17565695205974455,103,1,0.88
CWC22,0.00029053950449246585,0.00029829631108026683,0.5582655826558266,0.17199508487440668,82,1,0.82
DHX16,5.411391454731434e-05,0.00019618119098904971,0.822746521476104,0.16832893197381654,58,1,0.93
ARMC7,0.00010990771566954482,0.00014646173595404789,0.6711711711711712,0.16186273620585542,37,1,0.81
SF3B3,0.0026408067857706767,0.0003251749149012896,0.47223038495445196,0.18499396076964378,83,1,0.95
PPIL2,0.0006274280459373074,9.022200359621067e-05,0.6617647058823529,0.16300324457094229,17,0,0.0
BUD13,3.359248161344196e-05,0.00018519747589070164,0.8794612794612795,0.1673167717339082,55,1,0.98
RNF113A,0.0002067534222946181,0.00020658158574565294,0.7768361581920904,0.17027731846849095,60,1,0.99
CWC27,0.0012991362651419425,0.0002170217738247457,0.7567424643046008,0.16968466621666622,62,1,0.9
AQR,4.8254808565156564e-05,0.00016014674035679378,0.732051282051282,0.165314634598767,40,1,0.95
EIF4A3,0.0017395593639243962,0.0002696551841047372,0.3691026827012026,0.16981655308372393,47,1,0.2
SNRPA1,0.00030637276838396134,0.0002933069020075792,0.5660945498343872,0.17254343271293107,82,1,0.93
CWC15,0.0007944401982635982,0.00017904672509808615,0.6878787878787879,0.17735748838045762,45,1,0.99
SNRPB2,0.0002035863746011996,0.00026343093558922284,0.6421621621621622,0.17067143331276474,75,1,0.96
ISY1,2.55389079230428e-05,0.00011890628941820101,0.7724867724867724,0.1640686252544125,28,1,0.73
SNRPD3,0.000985528702650899,0.0004002037591731572,0.39802336028751123,0.17787087052683254,106,1,0.99
CASC3,2.0016162935027808e-05,0.00011515191916242168,0.6263157894736842,0.15855204593405367,20,0,0.0
PRPF19,0.005644389065095988,0.0002420409718087564,0.5666666666666667,0.1863850685947046,60,1,0.97
MAGOH,0.0001310722951273208,0.00015905010894454145,0.594758064516129,0.16522203173376657,32,1,0.64
SNRPG,0.0012365547407718783,0.00041608374220724963,0.3809276566285912,0.17798893947507471,108,1,1.0
PRKRIP1,6.045365546086736e-07,4.641779562168366e-05,0.7857142857142857,0.14931374458394253,8,0,0.0
BCAS2,0.0005413116274305987,0.00016096688129957514,0.7666666666666667,0.17550017615275046,40,1,0.83
PPIL1,2.73365754710978e-05,0.00014332959307420396,0.8198198198198198,0.16725984351760473,37,1,0.88
YJU2,3.8284757750632104e-06,0.0001010688104309086,0.8181818181818182,0.1598019076533225,23,0,0.0
SNRPF,0.00132905777917529,0.0004254459548795615,0.3746177370030581,0.17816095620858327,109,1,1.0
MAGOHB,0.0002101289029840267,0.00023742186468471045,0.6622023809523809,0.168665830479554,64,1,0.96
BUD31,0.0009865147035144862,0.0001828946079924017,0.6565656565656566,0.1768099574697998,45,1,0.98
CDC5L,0.001261356109506799,0.00025073318727098816,0.5251366120218579,0.17941263445931876,61,1,0.98
SNRPD1,0.0006231645954984143,0.00035367496422088196,0.44813801809383547,0.17653481628628204,98,1,0.94
SNRPB,0.001291776594325678,0.00040282430440496795,0.3971248876909254,0.17796209186142153,106,1,1.0
SYF2,6.535583334750502e-05,0.0001498979095259849,0.8048048048048048,0.16445282877595832,37,1,0.86
SNRNP40,0.0005897565276201429,0.0002551479403714889,0.47444595205789236,0.17091373087128497,67,1,0.83
SLU7,6.6483991801793615e-06,6.288016735704879e-05,0.8181818181818182,0.15695323722289214,12,0,0.0
SNRNP200,0.0004052922949123269,0.0003269278133509967,0.5261285909712722,0.17078507921086247,86,1,0.93
ZNF830,2.245851553046828e-05,5.23719544970876e-05,0.7857142857142857,0.1593142330404667,8,0,0.06
CDC40,0.00020483298440843387,0.00021615308344480387,0.5805515239477503,0.1670183301535221,53,1,0.73
RBM22,3.5210228684563904e-05,0.00016418046104394392,0.7317073170731707,0.1653239005947649,42,1,0.95
CRNKL1,0.0001855655441631272,0.0002048498415506988,0.6180392156862745,0.16739273633047874,51,1,0.74
DHX8,0.0017511851407497035,0.00014473486135910688,0.8257575757575758,0.16372255616059508,33,1,0.84
SNRPE,0.0011740736090283834,0.00040298166084771044,0.39389038634321655,0.1779781994576075,106,1,1.0
PPIE,0.005497676596819386,0.00021803645953103707,0.42042606516290726,0.1797625372081424,57,1,0.71
PLRG1,0.0007420246941434981,0.00018708321366092822,0.6549491211840888,0.17726688566086907,47,1,1.0
SNRPD2,0.0007618643607773792,0.0003659136738841826,0.434949494949495,0.17761915635982178,100,1,0.97
RBM8A,0.0006109390565550302,0.00014333099383387636,0.45652173913043476,0.17458086478314297,24,0,0.07
EFTUD2,0.0003464014211075143,0.00030068132330183313,0.5688468158347676,0.17327323897848143,84,1,0.97
SRRM2,0.00020627567519599678,0.0002510662192810534,0.6741001564945227,0.1714801145612744,72,1,0.98
XAB2,0.0005688709987421823,0.00018444686483405764,0.6521739130434783,0.16766392169799912,46,1,0.87
SNW1,0.0013861937232133468,0.0002191686254078421,0.5968627450980392,0.1699241681363752,51,1,0.89
LMCD1,0.0,0.00011486331265793706,0.0,0.00011487650775416428,1,0,0.0
GATA6,0.0,0.00011486331265793706,0.0,0.00011487650775416428,1,0,0.0
PSMD5,0.0,8.107747346484153e-05,1.0,0.1613094728198633,17,0,0.01
PSMD10,0.00022173990751120134,9.913910500269698e-05,0.7953216374269005,0.17850058766105062,19,0,0.01
PSMD9,0.0,4.773275201920443e-05,1.0,0.1543496015338549,8,0,0.0
UCHL5,0.0004574419970779329,0.00014270476714932785,0.5413105413105413,0.18182367836957222,27,1,0.74
PAAF1,0.0,2.1174382124227257e-05,0.0,0.13940889568763798,1,0,0.0
ADRM1,0.00023827225700795668,0.00011316558987899136,0.7075098814229249,0.18600307176485578,23,0,0.03
DERL2,0.0002915027532692467,0.00020202760838618398,0.24444444444444444,0.15233279331239255,10,0,0.0
SELENOS,4.435850247988541e-06,0.00010205568355244473,0.8,0.1400476573055031,5,0,0.01
SEL1L,0.00010724042032924378,0.00017320436126160295,0.39285714285714285,0.13776798666532147,8,0,0.02
FAF2,0.0017498728840633884,0.0001328491181897056,0.38095238095238093,0.1526283938168797,7,0,0.0
ERLEC1,0.0,5.3088270663163544e-05,1.0,0.12855683354811606,2,0,0.0
DERL3,0.0,5.158249931139438e-05,1.0,0.1298786310220696,2,0,0.0
OS9,0.0002731515273227463,0.0001363932439208844,0.3333333333333333,0.15803384646973856,7,0,0.0
DERL1,0.00010576774713243671,0.00013933561046638364,0.5238095238095238,0.15243513840208792,7,0,0.0
SYVN1,2.334715104701199e-05,0.0001539925733506275,0.5,0.14467767256149508,8,0,0.0
AUP1,6.510670583167437e-07,5.4593778172533366e-05,0.0,0.12857644771190935,2,0,0.0
AMFR,0.0014545635495500932,0.00019374621113370423,0.14545454545454545,0.1814768787615333,11,0,0.0
NOX3,1.2725234614212472e-05,0.00012694724816401904,0.7222222222222222,0.1459808814902846,9,0,0.0
NCF1,0.00021548442340671274,0.00019684412152969327,0.5274725274725275,0.1693582746044557,14,0,0.06
NOXO1,2.0930768460346085e-06,0.00012191351064415829,0.8611111111111112,0.14907225869358134,9,0,0.02
DUOX2,0.0,5.330212173654325e-05,1.0,0.13162023742212903,3,0,0.0
DUOX1,0.00011063329839878146,0.000151422629937119,0.6,0.14598449407365688,10,0,0.0
CYBA,0.00023756515070240866,0.00020960621942011444,0.5047619047619047,0.16908643146704888,15,0,0.16
NOX5,0.0,8.80011795736204e-05,1.0,0.14537291261545135,6,0,0.0
NOX1,0.00018851402037269635,0.00017245961906404864,0.5641025641025641,0.1566531434002284,13,0,0.01
NOX4,0.00012474637200791616,0.00013633497373837284,0.6666666666666666,0.16413253445987594,10,0,0.07
CYBB,0.00014220669482005577,0.00018551597595359553,0.5824175824175825,0.16908158505610368,14,0,0.1
ICAM3,5.143332565590196e-05,9.171342702067885e-05,0.5333333333333333,0.1557967309587577,6,0,0.0
ICAM1,0.0006325245597385156,0.00027827547670315224,0.15789473684210525,0.18104245706550456,20,0,0.04
ICAM2,0.0001323983825341936,0.00011627558046276024,0.42857142857142855,0.16519889722541659,8,0,0.0
CD209,0.0020774052495864557,0.00020629563759672257,0.16666666666666666,0.17644505192541504,12,0,0.0
ITGAL,0.0007288801050148674,0.0002828120424429428,0.45652173913043476,0.17617630572877796,24,0,0.2
ITGB2,0.002793231818865367,0.00039536648852537176,0.2842741935483871,0.17131577571651277,32,1,0.97
CLEC4M,8.664989892441376e-05,0.00012383390953351863,0.42857142857142855,0.16239745137019687,7,0,0.02
CTTNBP2,0.0,3.958842706048185e-05,0.0,0.15566517366008026,2,0,0.0
CTTN,0.0008808065854627131,0.00023799962543416742,0.125,0.18813865160332963,17,0,0.0
HCLS1,0.0008969931769649074,0.00024535214910516745,0.23157894736842105,0.19095841709900302,20,0,0.0
ACTL6B,8.577426097368663e-06,9.481542685791809e-05,0.8761904761904762,0.17755500304064536,15,0,0.01
ARID1A,0.000447325189080335,0.00017099669740257552,0.6817204301075269,0.18151038218530463,31,1,0.93
SMARCD1,2.949163829053344e-05,0.00015867100279591081,0.7536945812807881,0.17943992155201222,29,1,0.92
PPARG,0.00237063956888373,0.00032129290904711264,0.1949579831932773,0.19548289826763432,35,1,0.24
SMARCB1,0.00089378149663089,0.0002015923507885968,0.4534412955465587,0.19613283974540016,39,1,0.92
ACTB,0.024078464809695464,0.0009756428736570444,0.0891941391941392,0.20712360594861137,105,1,1.0
BRD7,0.0002809974621788096,0.00011225670184614695,0.7485380116959064,0.19623070391266054,19,0,0.08
DPF1,9.549260214025426e-05,9.378494475036065e-05,0.7948717948717948,0.16690964041033304,13,0,0.0
SMARCC1,4.040640551330321e-06,0.00015693909099938756,0.7487684729064039,0.16947504657039764,29,1,0.95
ACTL6A,0.0004163345191660549,0.0003243932323596871,0.3420378904249872,0.18647933935077451,63,1,0.94
ARID2,8.135150900200195e-06,0.00010813753942694659,0.8654970760233918,0.17820401235605235,19,0,0.06
SMARCA2,6.304777546276987e-05,0.00017065204112074383,0.6580645161290323,0.17388101812834997,31,1,0.94
ARID1B,3.481051661738599e-05,0.00015974753265368243,0.7413793103448276,0.17944537996661195,29,1,0.96
SMARCC2,3.4872264020041385e-05,0.00016475583517187308,0.728735632183908,0.17945083871330275,30,1,1.0
SMARCE1,3.4872264020041385e-05,0.00016475583517187308,0.728735632183908,0.17945083871330275,30,1,1.0
DPF3,2.0651659630062355e-06,0.00011439755539755006,0.8631578947368421,0.16933396736293024,20,0,0.02
CEACAM1,0.0,3.231738870687577e-05,0.0,0.14339404023001048,1,0,0.0
HAVCR2,0.0012564633348842395,0.00019563466789553546,0.07272727272727272,0.17363535118097373,11,0,0.0
YTHDC2,0.0,3.0042557894250153e-05,0.0,0.12636478848879465,1,0,0.0
XRN1,0.00030878869929890253,0.0001500542649811826,0.24444444444444444,0.14927596085384892,10,0,0.0
TNFRSF1A,0.0010903846508519114,0.0003263092282933712,0.2134387351778656,0.18164451967675824,23,0,0.1
RIPK1,0.0020969410404019072,0.0003680273930633631,0.20075757575757575,0.19443267702776537,33,1,0.97
BIRC3,0.00010275680284608489,0.0001758058562713456,0.5047619047619047,0.18294580310195072,15,0,0.23
FASLG,0.0001152403955525315,0.00015131773573167062,0.5111111111111111,0.16455375103970546,10,0,0.05
CYLD,0.002994069673265578,0.00017908053002356649,0.27205882352941174,0.19623070391266054,17,0,0.13
IL1B,0.001135699515917098,0.00025817295426000964,0.1568627450980392,0.1799050753590241,18,0,0.0
IKBKB,0.001421756218537104,0.00019915804147403062,0.175,0.1981620955027848,16,0,0.01
CASP8,0.0035122678409613226,0.0003526563526309655,0.17094017094017094,0.1871181697970691,27,1,0.9
TRAF1,0.00010084780677297462,0.00010770791400906774,0.6071428571428571,0.16979211412435313,8,0,0.0
TNF,0.0024440027548169796,0.0002637495956089169,0.21052631578947367,0.18942545183425602,19,0,0.0
BIRC2,0.0011043082078151288,0.0002478407992252911,0.308300395256917,0.19519828665571626,23,0,0.05
TRAF2,0.0029058751178810986,0.0004152958408800114,0.1856060606060606,0.1947150587873779,33,1,0.99
NSMAF,0.0,2.9310333753896396e-05,0.0,0.1488127802281073,1,0,0.0
FADD,0.0006318237272292251,0.0002209810040730895,0.35947712418300654,0.1801248067487756,18,0,0.06
IL6,0.0002983364813513769,0.00015974174971898595,0.18181818181818182,0.16890246295087902,11,0,0.0
FAS,0.0009502322092212782,0.00021896618437792047,0.39166666666666666,0.18021835520796753,16,0,0.17
LTA,6.333680664299854e-05,0.00010823200304597676,0.26666666666666666,0.15727544579882696,6,0,0.0
RFK,9.535845588235295e-05,6.918900508927302e-05,0.0,0.14882028863044983,2,0,0.0
BAG4,0.0,2.9310333753896396e-05,0.0,0.1488127802281073,1,0,0.0
IKBKG,0.006050073334937164,0.00040188689180029676,0.14838709677419354,0.1973599003353095,31,1,0.94
TNFRSF1B,0.00019238697222618659,0.00011114513743140972,0.4666666666666667,0.16072493858873665,6,0,0.0
TRADD,0.001525879647804622,0.00033110546505593137,0.2564102564102564,0.18529030439496189,27,1,0.92
TRAF5,5.78516906753685e-05,0.00016800328992323783,0.5384615384615384,0.18304798526150123,14,0,0.14
TNFSF10,1.888844045185925e-05,0.00011464095724571634,0.5714285714285714,0.158786773465651,7,0,0.0
GOLGA5,0.0,3.274918875156541e-05,0.0,0.08803294166575736,1,0,0.0
COG7,9.535845588235295e-05,0.00014602726960650058,0.75,0.09857277000622276,8,0,0.06
PPP2R5B,0.0,5.880977520417304e-05,1.0,0.13487636145648765,4,0,0.0
SGO1,0.0006074988652356233,0.00013799203152673232,0.509090909090909,0.14842338460240032,11,0,0.04
PPP2CA,0.0013813331240060008,0.0004506877661873536,0.17983193277310924,0.154527502842761,35,1,0.32
PPP2R1A,0.0011376866944987846,0.0003894907724264655,0.2192513368983957,0.15487233974855347,34,1,0.63
PPP2R1B,6.475895574947627e-06,0.00015588645599044619,0.6282051282051282,0.13593620197765693,13,0,0.09
PYGM,0.0,0.00010369842341821879,1.0,0.09760721778086935,3,0,0.0
PYGL,0.0,0.00010369842341821879,1.0,0.09760721778086935,3,0,0.0
PYGB,0.0,0.00010369842341821879,1.0,0.09760721778086935,3,0,0.0
AGL,0.001931295955882354,0.00012861960719062255,0.5,0.110731077467853,4,0,0.0
BCL3,9.488833306736716e-05,7.186863092365314e-05,0.3333333333333333,0.1571623130684002,3,0,0.0
NFKB1,0.0007947922838871961,0.0002606124197044458,0.1871345029239766,0.19414472341689654,19,0,0.0
PIR,2.1591683366403124e-05,7.307317535132788e-05,0.0,0.1364929179532706,2,0,0.0
NFKB2,2.5849208466887835e-05,0.00012068395812407315,0.5357142857142857,0.17240223926768566,8,0,0.02
PRLH,0.0,0.00011486331265793706,0.0,0.00011487650775416428,1,0,0.0
PRLHR,0.0,0.00011486331265793706,0.0,0.00011487650775416428,1,0,0.0
FSTL3,5.6473396240057285e-05,4.756551297208401e-05,0.0,0.14480196914559515,2,0,0.0
INHBA,0.00011630574198364594,0.0001402691221425156,0.14285714285714285,0.14008423977161313,7,0,0.0
MSTN,0.0007911610995625375,0.0001399003269156231,0.25,0.1756726450572484,9,0,0.0
EPHA8,1.1745727238595737e-06,5.575243992852501e-05,0.0,0.12915918422311654,2,0,0.0
EFNA5,0.0004634936232323732,0.00019717286541285085,0.05555555555555555,0.15317530694387205,9,0,0.0
EFNA2,9.645398306754982e-05,0.00013244306918597451,0.06666666666666667,0.1414174478837417,6,0,0.03
TRIP13,2.9091887325286103e-05,6.159326370916418e-05,0.5,0.1489330056558459,5,0,0.0
MAD2L1BP,0.0,3.989904235222236e-05,1.0,0.1481066387402059,3,0,0.0
MAD2L2,0.0004922027789885117,0.0001901853211192514,0.5059288537549407,0.16141540581793906,23,0,0.02
CDC20,0.0016632187043045547,0.00021034142730298465,0.46825396825396826,0.16933882825302563,28,1,0.34
SHLD3,5.15178093401384e-07,6.496839881671182e-05,0.6666666666666666,0.13537779508944123,4,0,0.0
MAD2L1,0.0028208405012652483,0.0001853896791527104,0.37037037037037035,0.17616052262138743,27,1,0.76
VASH1,2.7178996479293706e-05,5.500160210089263e-05,0.0,0.14028078143780084,2,0,0.0
SVBP,0.0,5.920803052336767e-05,0.0,0.12224821098378201,2,0,0.0
TUBA1A,0.002255471406570327,0.00041301424529972624,0.1206896551724138,0.16908158505610368,29,1,0.72
KRT14,0.0,0.00011486331265793706,0.0,0.00011487650775416428,1,0,0.0
KRT5,0.0,0.00011486331265793706,0.0,0.00011487650775416428,1,0,0.0
HSD17B10,0.000654150040019127,0.00016088032631050178,0.7794117647058824,0.16569074013488752,17,0,0.21
POP7,0.0001486068487974638,0.00015295443791273668,0.6536796536796536,0.1710673767840854,22,0,0.01
PRORP,4.7552849264705884e-05,0.0001346114616621839,0.8833333333333333,0.16559306706216037,16,0,0.57
POP1,0.0001486068487974638,0.00015295443791273668,0.6536796536796536,0.1710673767840854,22,0,0.01
RPP30,0.0001486068487974638,0.00015295443791273668,0.6536796536796536,0.1710673767840854,22,0,0.01
AGO2,0.011460251844624353,0.00044758832323851425,0.17375886524822695,0.20350101493798817,48,1,0.99
POP5,0.0001486068487974638,0.00015295443791273668,0.6536796536796536,0.1710673767840854,22,0,0.01
POP4,7.946794132102083e-06,0.000128288472644938,0.9333333333333333,0.16559306706216037,16,0,0.25
RPP14,0.0,0.00012109760845676845,1.0,0.16558841883571654,15,0,0.03
EHHADH,0.0005169479938227084,0.0001899467418114989,0.13333333333333333,0.13816163714130736,6,0,0.0
RPP21,0.0,0.00012109760845676845,1.0,0.16558841883571654,15,0,0.03
CLP1,0.0005035252799829203,0.00019611672570026649,0.5842105263157895,0.16571401261369742,20,0,0.2
DICER1,0.001090440507331006,0.00032827503916665695,0.29411764705882354,0.17917286541800514,34,1,0.86
RPP25,0.0001486068487974638,0.00015295443791273668,0.6536796536796536,0.1710673767840854,22,0,0.01
RPP40,7.946794132102083e-06,0.000128288472644938,0.9333333333333333,0.16559306706216037,16,0,0.25
RPP38,7.946794132102083e-06,0.000128288472644938,0.9333333333333333,0.16559306706216037,16,0,0.25
TRMT10C,0.0,3.244069379367314e-05,1.0,0.13793549748690345,2,0,0.0
FGF4,1.620342936513474e-05,8.500784276074798e-05,0.2,0.15821610355430873,6,0,0.0
FGFR4,0.001490709596028007,0.0003057537554936456,0.14855072463768115,0.1706270043392937,24,0,0.02
FGFR2,0.0008960969638750223,0.0002609198475604909,0.05238095238095238,0.1732935995130108,21,0,0.0
KL,0.0001229859813977336,0.00022878523756901577,0.21323529411764705,0.14709107146296974,17,0,0.0
HSPG2,0.002271856903710584,0.0003236815111682265,0.02766798418972332,0.18128168836306202,23,0,0.04
FGFR1,0.0012026982913471422,0.0003646308424938183,0.10541310541310542,0.16725984351760473,27,1,0.69
ST6GAL1,0.0,0.00011486331265793706,0.0,0.00011487650775416428,1,0,0.0
ST6GAL2,0.0,0.00011486331265793706,0.0,0.00011487650775416428,1,0,0.0
TIMM21,0.0001330241167151454,0.00011018397421523752,0.4,0.138255540944558,5,0,0.0
TIMM17A,0.0001592377825634269,0.00013492544563673163,0.4,0.140494603720644,6,0,0.04
TIMM23,4.7679227941176475e-05,0.0001035284496838113,0.6666666666666666,0.12183666035405018,4,0,0.02
TIMM10,0.0007628676470588236,0.00017413709259813791,0.42857142857142855,0.13804201387706277,8,0,0.01
SLC25A6,0.001176143485637962,0.0001704806979710186,0.44871794871794873,0.16573729163100612,13,0,0.04
TIMM50,4.7679227941176475e-05,0.0001035284496838113,0.6666666666666666,0.12183666035405018,4,0,0.02
REXO1,0.0,0.00011486331265793706,1.0,0.00022975301550832856,2,0,0.0
REXO2,0.0,0.00011486331265793706,1.0,0.00022975301550832856,2,0,0.0
REXO5,0.0,0.00011486331265793706,1.0,0.00022975301550832856,2,0,0.0
BDNF,6.112736208756287e-05,0.00011320641897226344,0.5714285714285714,0.1634820812831837,7,0,0.0
ARHGDIG,3.728615603625303e-05,8.02052314877893e-05,0.8333333333333334,0.1601968124327178,4,0,0.0
ARHGDIB,4.13249470899866e-05,9.344140713139755e-05,0.7,0.16089590391180453,5,0,0.0
IRAK1,0.00044246747698539795,0.0002750618404662861,0.24210526315789474,0.1904897772223715,20,0,0.07
RIPK2,0.00017396845928463535,0.00011551125423027716,0.047619047619047616,0.1699682317982655,7,0,0.0
IRAK3,0.0,7.835995315394114e-05,1.0,0.17751760166779215,5,0,0.0
NTRK1,0.002050683137497562,0.0003249776569004488,0.11255411255411256,0.18386383932871217,22,0,0.16
IRAK2,1.1292672351474044e-05,9.046947175820108e-05,0.8666666666666667,0.17917286541800514,6,0,0.02
MAGED1,0.00010317340620304174,8.845834372345577e-05,0.0,0.1535620830670936,3,0,0.0
NTF4,1.4860694748261506e-05,9.57934790164664e-05,0.7333333333333333,0.16442074310224652,6,0,0.0
NGF,0.00027313340590081345,0.00013572761959845277,0.3055555555555556,0.17205026456156564,9,0,0.0
PRDM4,0.0,3.160645934226095e-05,0.0,0.15050996124463953,1,0,0.0
ZNF274,0.00014218689108747658,6.256899496745099e-05,0.3333333333333333,0.16070742422487266,3,0,0.0
SORT1,0.0005668100812140559,9.631522367700806e-05,0.2,0.1585818817985,5,0,0.0
TRAF6,0.022814201129993588,0.0007819510333472387,0.08294930875576037,0.22388278192805802,63,1,1.0
NTF3,1.4625188878004477e-05,8.296610531195725e-05,0.7,0.1631384795636726,5,0,0.0
ARHGDIA,0.0005154996386121228,0.00017579256362289274,0.2222222222222222,0.1781232991431367,10,0,0.02
IRAK4,8.436618039599744e-05,0.0001507862787732606,0.509090909090909,0.1852961245452444,11,0,0.19
NTN1,0.0001387418213084929,0.00017817457516792456,0.10714285714285714,0.1450583377436841,8,0,0.0
UNC5C,3.796437163037674e-05,4.846009819234746e-05,0.0,0.1625137723083942,2,0,0.0
NEO1,0.0002570179221073937,0.0001778122372365147,0.3333333333333333,0.15704934298020343,10,0,0.0
UNC5B,0.0007486844907388613,0.00011937002104693243,0.1,0.1637361891035417,5,0,0.0
DCC,0.00014701994048369634,0.00010160638186907516,0.1,0.16082572031140677,5,0,0.0
UNC5A,8.774229260083778e-05,7.385651689486813e-05,0.0,0.1628727303631354,3,0,0.0
DRAXIN,0.0,3.635697676761803e-05,0.0,0.12332930717976252,1,0,0.0
RGMB,9.318576237843642e-05,0.0001427429626771779,0.4722222222222222,0.15086794253401195,9,0,0.03
DSCAM,0.0,5.364474096388625e-05,1.0,0.13618097375276791,2,0,0.0
TRO,0.0,3.48444501707822e-05,1.0,0.1533106559858205,2,0,0.0
TROAP,0.0,3.48444501707822e-05,1.0,0.1533106559858205,2,0,0.0
BYSL,0.002534549993148837,0.0002473084087019473,0.5823768974453906,0.18838498502338893,74,1,0.95
LAPTM4A,0.0,0.00011486331265793706,1.0,0.00022975301550832856,2,0,0.0
LAPTM5,0.0,0.00011486331265793706,1.0,0.00022975301550832856,2,0,0.0
LAPTM4B,0.0,0.00011486331265793706,1.0,0.00022975301550832856,2,0,0.0
DRD4,0.0,4.171775708148257e-05,0.0,0.12641894908219364,1,0,0.0
DRD3,9.535845588235295e-05,8.76226511182204e-05,0.3333333333333333,0.14935154744600743,3,0,0.0
TBX21,0.0,3.112514917616799e-05,0.0,0.15659492503576758,1,0,0.0
RUNX3,0.0004177969373926589,0.0001304239506278064,0.25,0.1933746614116043,8,0,0.02
NOA1,9.966343992758005e-05,3.6006022234117834e-05,0.5,0.128643741735485,4,0,0.0
MAP2K5,9.535845588235295e-05,0.0001210307715778014,0.3333333333333333,0.1372934442949799,3,0,0.03
MAPK7,0.0,5.177345671988765e-05,0.0,0.11767109672509378,1,0,0.0
MAP3K3,0.0005170985841092955,0.00011667358158001758,0.16666666666666666,0.16475136628002016,4,0,0.0
MAP3K2,9.535845588235295e-05,0.0001210307715778014,0.3333333333333333,0.1372934442949799,3,0,0.03
TIGAR,0.0,0.00011486331265793704,1.0,0.0003446295232624928,3,0,0.0
PFKFB2,0.0,0.00011486331265793704,1.0,0.0003446295232624928,3,0,0.0
PFKFB1,0.0,0.00011486331265793704,1.0,0.0003446295232624928,3,0,0.0
PFKFB3,0.0,0.00011486331265793704,1.0,0.0003446295232624928,3,0,0.0
FGF20,1.620342936513474e-05,8.500784276074798e-05,0.2,0.15821610355430873,6,0,0.0
MTMR7,0.0,8.660665808563686e-05,0.0,0.00020677771395749567,1,0,0.0
MTMR9,0.0,0.00019963327637483752,0.0,0.0003446295232624928,3,0,0.0
CPB2,0.0,0.00011486331265793706,0.0,0.00011487650775416428,1,0,0.0
CPB1,0.0,0.00011486331265793706,0.0,0.00011487650775416428,1,0,0.0
CDK13,0.0,3.8189678923182007e-05,0.0,0.12480350817742612,1,0,0.0
CCNK,9.70157376899368e-05,7.244982911595086e-05,0.0,0.14710207523371405,3,0,0.0
NDUFB4,5.745634542241876e-06,0.00014173188464197822,0.9555555555555556,0.13331572286429977,46,1,0.99
NDUFA3,3.7679770351276634e-05,0.0001472461955617515,0.9213691026827012,0.133306684918702,47,1,0.91
NDUFB8,2.3135199532742094e-06,0.00014196323855254506,0.9555555555555556,0.13332174884223566,46,1,0.97
NDUFS2,0.00011461583517404463,0.000159922888698391,0.8448979591836735,0.13750786529189746,50,1,0.94
NDUFA2,0.00010901872251269515,0.00015284791135519434,0.8843537414965986,0.13751107067816035,49,1,0.96
NDUFB6,5.512828463780163e-07,0.0001376447223217508,0.9959595959595959,0.1333006603023998,45,1,1.0
NDUFA5,7.890901578413511e-05,0.0001562023354222545,0.8604081632653061,0.13750786529189746,50,1,0.98
NDUFB5,1.1273300778821526e-05,0.0001453790115102948,0.9287696577243293,0.133306684918702,47,1,0.99
NDUFS4,7.955150086038114e-05,0.00015720108040840266,0.8522448979591837,0.13750786529189746,50,1,0.98
MT-ND3,9.590973872873092e-05,0.00015444599574041811,0.9526570048309179,0.13330367254248077,46,1,0.98
NDUFS1,9.04398410108729e-05,0.00016552108052325009,0.803921568627451,0.13751748189902327,52,1,0.73
MT-ND4L,0.0,0.00013127223416868638,1.0,0.12821037188981768,43,1,0.74
NDUFV1,7.720636514657417e-05,0.00015682092487784752,0.8587755102040816,0.13750786529189746,50,1,1.0
NDUFV2,7.341410089375858e-05,0.00015278715603673622,0.8860544217687075,0.13750466005506634,49,1,0.99
NDUFB2,5.512828463780163e-07,0.0001376447223217508,0.9959595959595959,0.1333006603023998,45,1,1.0
NDUFB1,5.512828463780163e-07,0.0001376447223217508,0.9959595959595959,0.1333006603023998,45,1,1.0
NDUFS6,7.341410089375858e-05,0.00015278715603673622,0.8860544217687075,0.13750466005506634,49,1,0.99
MT-ND5,8.876295116917779e-06,0.0001419503181329285,0.9536231884057971,0.13331572286429977,46,1,0.99
NDUFS5,0.0017442591741954974,0.00016141470421300933,0.9033687943262412,0.13332174884223566,48,1,0.88
MT-ND4,5.512828463780163e-07,0.0001376447223217508,0.9959595959595959,0.1333006603023998,45,1,1.0
MT-ND2,9.590973872873092e-05,0.00015444599574041811,0.9526570048309179,0.13330367254248077,46,1,0.98
MT-ND6,2.1086055600576743e-06,0.00013496035210192874,0.9640591966173362,0.12821315846603784,44,1,0.68
NDUFB11,5.512828463780163e-07,0.0001376447223217508,0.9959595959595959,0.1333006603023998,45,1,1.0
NDUFA12,8.145426866329526e-05,0.00016077524995362374,0.832156862745098,0.13751107067816035,51,1,0.95
NDUFAF1,0.003248531570744711,0.00017819338303241578,0.8464384828862165,0.15014603123068546,47,1,0.84
NDUFA10,4.330524643124374e-06,0.0001416760325024679,0.9594202898550724,0.13332174884223566,46,1,0.9
NDUFA1,5.512828463780163e-07,0.0001376447223217508,0.9959595959595959,0.1333006603023998,45,1,1.0
NDUFS3,8.608302965772908e-05,0.0001686547746271194,0.7830188679245284,0.13751748189902327,53,1,0.8
NDUFA7,2.3707845181487854e-05,0.0001447407908379574,0.9545893719806763,0.13330367254248077,46,1,0.96
NDUFA6,6.34083851589447e-05,0.00015241816104924109,0.8877551020408163,0.13750466005506634,49,1,0.99
NDUFB3,5.512828463780163e-07,0.0001376447223217508,0.9959595959595959,0.1333006603023998,45,1,1.0
MT-ND1,5.512828463780163e-07,0.0001376447223217508,0.9959595959595959,0.1333006603023998,45,1,1.0
NDUFC1,5.512828463780163e-07,0.0001376447223217508,0.9959595959595959,0.1333006603023998,45,1,1.0
NDUFS7,1.1273300778821526e-05,0.0001453790115102948,0.9287696577243293,0.133306684918702,47,1,0.99
NDUFA11,6.132404497236973e-05,0.00015762401842177407,0.84,0.1333398300450352,50,1,0.95
NDUFA8,3.6220829015104044e-05,0.00015430585387961215,0.8724489795918368,0.13333078883063015,49,1,0.93
UQCRQ,2.5509646127594925e-05,0.00011560544041169999,0.6992753623188406,0.12723696527451633,24,0,0.05
NDUFV3,1.034433105383115e-05,0.00014196472985768884,0.9584541062801932,0.13330367254248077,46,1,1.0
NDUFA13,4.526104008200806e-05,0.00015827368482107727,0.843265306122449,0.13332777536495424,50,1,0.95
NDUFAB1,0.0031079544392659903,0.00031206805873898246,0.3794059405940594,0.13979873974506246,101,1,0.73
NDUFA9,0.008892909071604988,0.00016313255844488845,0.8125490196078431,0.14925329979309787,51,1,0.79
NDUFB7,6.671299150796378e-05,0.00015293410539800732,0.8792517006802721,0.13750466005506634,49,1,0.96
NDUFC2,5.512828463780163e-07,0.0001376447223217508,0.9959595959595959,0.1333006603023998,45,1,1.0
NDUFS8,0.00012027845739976378,0.00016739837232472777,0.8009049773755657,0.13751427621386547,52,1,0.81
NDUFB9,7.504100287976587e-05,0.00015702198843418717,0.8571428571428571,0.13751107067816035,50,1,1.0
NDUFA4,0.0017809928917450577,0.00021924748109762536,0.6002337814143776,0.13338203859683906,59,1,0.95
NDUFB10,6.178249175417078e-05,0.00014520049192988328,0.9352451433857539,0.13749504524105913,47,1,0.95
CLIC5,9.535845588235295e-05,7.727799508488777e-05,0.3333333333333333,0.15842855971592323,3,0,0.0
RDX,0.0006786633931282121,0.00020269466957363266,0.1794871794871795,0.17982281423631766,13,0,0.0
TPRN,0.0,3.920584933011397e-05,0.0,0.13286232930230632,1,0,0.01
EZR,0.00350232077782866,0.00037988497687338105,0.11231884057971014,0.19567093740952637,24,0,0.33
ACTR6,0.0,4.404622740824849e-05,1.0,0.16610129300358725,4,0,0.0
ZNHIT1,0.0,5.0039968611665755e-05,0.8,0.16618083894930422,5,0,0.01
SRCAP,2.072747361411418e-06,5.0358918528170646e-05,0.8,0.17172471533018166,5,0,0.0
OSTM1,0.0,0.00011486331265793706,0.0,0.00011487650775416428,1,0,0.0
CLCN7,0.0,0.00011486331265793706,0.0,0.00011487650775416428,1,0,0.0
HSPB11,0.0,0.00013652401678657407,0.9619047619047619,0.13324646325041564,15,0,0.0
IFT80,0.0,0.00013652401678657407,0.9619047619047619,0.13324646325041564,15,0,0.0
IFT27,0.0005721507352941177,0.00021176895953240585,0.5523809523809524,0.13326452403701264,21,0,0.2
TRAF3IP1,0.0033576181518767644,0.00014771523864825318,0.8416666666666667,0.15537407277431456,16,0,0.3
IFT57,0.0021327029544811883,0.00015964626591899033,0.7426470588235294,0.15359806855757957,17,0,0.04
CLUAP1,0.0,0.00012865199756339652,0.967032967032967,0.1332434535952477,14,0,0.0
IFT22,0.0,0.00013652401678657407,0.9619047619047619,0.13324646325041564,15,0,0.0
IFT81,0.0,0.00012773507501057533,0.989010989010989,0.1332404440760356,14,0,0.0
IFT74,0.0,0.00012865199756339652,0.967032967032967,0.1332434535952477,14,0,0.0
TTC26,0.0,0.00012773507501057533,0.989010989010989,0.1332404440760356,14,0,0.0
TTC30B,0.0,0.00012773507501057533,0.989010989010989,0.1332404440760356,14,0,0.0
IFT172,0.0,0.00013652401678657407,0.9619047619047619,0.13324646325041564,15,0,0.0
IFT46,0.00012714460784313684,0.000169319076987722,0.7573529411764706,0.133252482968656,17,0,0.26
IFT88,3.178615196078421e-05,0.0001481037597026256,0.8583333333333333,0.13324947304154866,16,0,0.34
IFT52,3.178615196078421e-05,0.0001481037597026256,0.8583333333333333,0.13324947304154866,16,0,0.34
IFT20,9.535845588235295e-05,0.00013433581627731546,0.8333333333333334,0.1332404440760356,13,0,0.1
STRADB,0.0,8.308780093427726e-05,1.0,0.13363282486911926,4,0,0.0
STRADA,0.0,8.308780093427726e-05,1.0,0.13363282486911926,4,0,0.0
CAB39,8.228192379163475e-05,0.00012982953807334912,0.47619047619047616,0.1362155637892812,7,0,0.0
CAB39L,4.412905409842934e-06,9.903977797687172e-05,0.7,0.1345717542892235,5,0,0.0
STK11,0.00043351359293436443,0.00010879831860705674,0.4,0.1592454222282259,6,0,0.0
PLOD1,0.0,9.773786622527749e-05,1.0,0.0003063373540111047,2,0,0.0
PLOD2,0.0,9.773786622527749e-05,1.0,0.0003063373540111047,2,0,0.0
PLOD3,0.0,0.00018336509838857526,0.3333333333333333,0.0004595060310166571,4,0,0.0
OXCT1,0.0,0.00011486331265793706,1.0,0.00022975301550832856,2,0,0.0
AACS,0.0,0.00011486331265793706,1.0,0.00022975301550832856,2,0,0.0
OXCT2,0.0,0.00011486331265793706,1.0,0.00022975301550832856,2,0,0.0
PILRA,4.515338544435796e-05,7.552623708133572e-05,0.3333333333333333,0.16257199528805602,3,0,0.0
PTPN11,0.011191441169369218,0.0006534498176713775,0.09468599033816426,0.20205122006515966,46,1,1.0
CD99,9.725302247278296e-05,8.582321587007467e-05,0.0,0.15071376359884522,3,0,0.0
PILRB,0.0,5.069540731932488e-05,1.0,0.16227236874597423,2,0,0.0
RRN3,0.0001021208494225802,0.0001004997382342992,0.7428571428571429,0.16245111725889905,15,0,0.04
UBTF,0.0,2.2909115575170196e-05,0.0,0.1356798247624638,1,0,0.0
ZNRD1,0.0,7.407647021509153e-05,1.0,0.1560274920922133,13,0,0.0
POLI,7.543574441651191e-05,6.450740056134882e-05,0.6666666666666666,0.18320716236598655,7,0,0.0
POLR2H,0.0008598088364203756,0.0003007367113210221,0.34202898550724636,0.18162774164913947,70,1,0.7
POLR2F,0.0012256464708363245,0.00030344866246691086,0.33255086071987483,0.18881913517132068,72,1,0.85
POLR2K,0.000386444526391594,0.00028459458382415145,0.3608428446005268,0.17946721694622453,68,1,0.83
CD3EAP,0.0,7.407647021509153e-05,1.0,0.1560274920922133,13,0,0.0
TWISTNB,0.0,7.407647021509153e-05,1.0,0.1560274920922133,13,0,0.0
POLR1D,8.769270954582897e-07,0.00012008791242365795,0.7233201581027668,0.15679887887465846,23,0,0.04
POLR1C,1.1530173476273048e-05,0.00012552556604928966,0.6920289855072463,0.15680304672981582,24,0,0.02
POLR2L,0.0006173690618763271,0.0002956502076712274,0.3491048593350384,0.1793580851633445,69,1,0.85
POLR1B,0.0,7.407647021509153e-05,1.0,0.1560274920922133,13,0,0.0
POLR1E,0.0,7.407647021509153e-05,1.0,0.1560274920922133,13,0,0.0
POLR1A,0.0,7.407647021509153e-05,1.0,0.1560274920922133,13,0,0.0
MOGAT2,0.0,9.810417739230447e-05,1.0,0.0003518093049971281,2,0,0.0
MOGAT3,4.595588235294118e-07,0.0001843976384727733,0.3333333333333333,0.0005117226254503681,4,0,0.0
MOGAT1,0.0,9.810417739230447e-05,1.0,0.0003518093049971281,2,0,0.0
DIMT1,4.5145076774078723e-08,3.072440414995814e-05,0.3333333333333333,0.15344225311542206,3,0,0.01
BUD23,0.00017883747632248454,6.493415386696904e-05,0.3333333333333333,0.1594003302265024,7,0,0.0
UTP14A,0.00038383689226785544,0.00014832751894066438,0.7219512195121951,0.16634485015431297,41,1,0.31
HBQ1,0.0,4.091919839415768e-05,0.0,0.13005616255175276,2,0,0.0
HBD,5.066365873639412e-05,5.5484306672811575e-05,0.16666666666666666,0.15444658780003667,4,0,0.0
HBE1,5.066365873639412e-05,5.5484306672811575e-05,0.16666666666666666,0.15444658780003667,4,0,0.0
CEACAM6,0.0,0.00011486331265793706,0.0,0.00011487650775416428,1,0,0.0
CEACAM8,0.0,0.00011486331265793706,0.0,0.00011487650775416428,1,0,0.0
ISY1-RAB43,6.369103632836492e-06,0.00010000825763121112,0.8142292490118577,0.16367258812003777,23,0,0.0
DHX38,1.897701966004351e-07,8.288169663610275e-05,0.8771929824561403,0.1577380453773571,19,0,0.0
CWC25,9.73417201481074e-07,7.672220306567558e-05,0.8666666666666667,0.15934435647395803,16,0,0.08
CTNNBL1,0.00014261858297809937,7.041158436933737e-05,0.7692307692307693,0.17076530383622524,13,0,0.02
SNIP1,2.8884770624018496e-05,0.00018751717863042051,0.8681818181818182,0.16733100984349014,56,1,0.8
HSD17B2,6.427490265467665e-05,0.00014125296596858655,0.75,0.10405869502597286,8,0,0.0
HSD17B12,0.00272123440696868,0.00023973258221021254,0.4338235294117647,0.11840801728266562,17,0,0.01
HSD17B8,0.0005033801071786006,0.00018341217251206207,0.4888888888888889,0.10558406724458845,10,0,0.05
DHRS11,0.0,0.00010590761687337613,1.0,0.104053188595107,6,0,0.0
HSD17B1,3.8822838310543516e-05,0.00012381076789894516,0.8571428571428571,0.10405685948426384,7,0,0.12
HSD17B3,0.0,8.176759003704456e-05,1.0,0.09359025592204473,4,0,0.0
HSD17B7,0.0,0.00010590761687337613,1.0,0.104053188595107,6,0,0.0
AKR1C3,9.535845588235295e-05,0.0001262324930326231,0.6,0.09359322567425155,6,0,0.0
HSD17B6,0.00015963335853702964,0.000168576005626954,0.5833333333333334,0.10406053063244017,9,0,0.02
ZW10,0.00028817429205799957,0.0001472806812520655,0.2,0.11492251117302217,5,0,0.01
RINT1,1.0233356813029285e-05,8.700947980809913e-05,0.3333333333333333,0.10522810240853374,3,0,0.0
NBAS,1.2477358485670283e-05,8.618169799858927e-05,0.3333333333333333,0.10522997950413673,3,0,0.0
ZWINT,0.0003686536942648267,8.037216366773169e-05,0.3333333333333333,0.13279652922026025,4,0,0.0
ZWILCH,0.0,7.422164696718248e-05,1.0,0.10084772067736389,2,0,0.0
KNTC1,0.0,7.422164696718248e-05,1.0,0.10084772067736389,2,0,0.0
ITGB4,0.0006727645947248259,9.642764292590502e-05,0.26666666666666666,0.16715083931266012,6,0,0.0
ITGA6,6.9143602326395175e-06,9.061934619636444e-05,0.6,0.1600316700402149,5,0,0.0
ACTG1,0.004565507145536721,0.0007295152564597639,0.10403863037752414,0.19390859973119456,68,1,0.99
DST,6.943643987751136e-05,9.018911925581262e-05,0.5,0.15659492503576758,5,0,0.0
PLEC,0.0002828374696803686,0.00010633611076575644,0.3333333333333333,0.1625316826290784,6,0,0.0
COL17A1,1.0666053377016915e-06,7.660848444696351e-05,0.8333333333333334,0.15391065072590276,4,0,0.0
PPP1R15A,0.00021740353696164016,8.071450507483504e-05,0.4,0.16815619341017649,6,0,0.0
ACTA1,0.006351119784057173,0.0007166725582618173,0.08163265306122448,0.18671543397551435,50,1,0.96
EIF2S1,0.0064154329556952916,0.00023335097037903766,0.4005102040816326,0.18979722084303596,49,1,0.93
SMAD7,0.0008396275484419762,0.0001576221690671413,0.0641025641025641,0.1794999823826193,13,0,0.01
TFAP2C,2.3878889228307034e-05,4.847827289743919e-05,0.0,0.16733100984349014,2,0,0.0
MYC,0.004944893115292596,0.00033526851801539447,0.07936507936507936,0.2082864000078526,28,1,0.87
WWOX,7.031108220578123e-06,4.948642878958978e-05,0.0,0.1580042164462944,2,0,0.0
PPP1R13B,1.3073209377286905e-05,4.506282498231789e-05,0.0,0.17867359525752366,2,0,0.0
HIF1AN,0.00027245378222556137,0.0001674015796831803,0.03571428571428571,0.1715249889806467,8,0,0.01
RALGAPA2,0.0,0.00011486331265793706,0.0,0.00011487650775416428,1,0,0.0
RALGAPB,0.0,0.00011486331265793706,0.0,0.00011487650775416428,1,0,0.0
TRMT6,0.0,0.00011486331265793706,0.0,0.00011487650775416428,1,0,0.0
TRMT61A,0.0,0.00011486331265793706,0.0,0.00011487650775416428,1,0,0.0
UQCRC1,0.00013129865999902707,0.00014299527851944352,0.5472370766488414,0.12951364321204886,34,1,0.71
COX5B,0.0007233371116229619,0.00014462221120241142,0.6666666666666666,0.1272451989003969,28,1,0.87
COX6A2,7.946254689137133e-05,0.00011419968809831664,0.8744588744588745,0.12687573762818372,22,0,0.04
COX7C,0.00012639543987882926,0.00013701103872924253,0.698005698005698,0.127242454240038,27,1,0.85
UQCRFS1,0.00038456639603016827,0.00015915999634402313,0.5602564102564103,0.13473157822543397,40,1,0.66
UQCR11,5.816627687816855e-06,0.00010458934846113512,0.9315789473684211,0.12687028025512184,20,0,0.1
COX6B1,0.0002014948077963028,0.00015201058332089094,0.6613756613756614,0.12724794367916478,28,1,0.76
UQCRB,3.0810872858937857e-05,0.00013784261773812194,0.5714285714285714,0.12725617872599881,29,1,0.71
COX5A,0.0007223997172898565,0.00015316271080336043,0.656084656084656,0.12723970969808035,28,1,0.85
UQCR10,0.00026361430160188,0.00011572516260720933,0.7282608695652174,0.13343332777702782,24,0,0.04
MT-CYB,0.0026738038156081975,0.00013421035693083293,0.7619047619047619,0.14892172627038272,22,0,0.04
UQCRC2,0.00030004120463548555,0.0001324379166351298,0.6646153846153846,0.13344238290366686,26,1,0.69
COX4I1,0.0007048373483959796,0.00014459419150353336,0.6640211640211641,0.1272451989003969,28,1,0.82
UQCRH,8.783438263521078e-06,0.00012105211305546941,0.6461538461538462,0.1272451989003969,26,1,0.67
UQCRHL,0.0,4.58502883472292e-05,1.0,0.11581371566323231,7,0,0.0
COX7A1,2.0246271122194694e-05,0.00011511913460374085,0.8528138528138528,0.12687573762818372,22,0,0.2
COX7B,0.00020114645627352257,0.00014662223267028867,0.7323076923076923,0.12723422096933829,26,1,0.79
CYC1,0.004230051822483204,0.00017298335355996072,0.5021337126600285,0.14900071786573718,38,1,0.68
LAG3,0.00016245489405721073,0.00016292570751796998,0.027777777777777776,0.16624171962864312,9,0,0.0
LGALS9B,3.3926762550967164e-06,7.455144784335208e-05,0.0,0.15448703472626427,4,0,0.0
IGHV3-43D,0.016441737854388135,0.001130695114268577,0.03887449092928545,0.20058782757055327,74,1,0.96
CD86,2.6358971221709092e-05,0.00015833846332714233,0.34545454545454546,0.1545679921661837,11,0,0.01
LGALS3,0.001620008815991616,0.00023651504717885682,0.05128205128205128,0.18636151579649968,13,0,0.01
CLEC4G,7.059462499753323e-06,4.6045003655680864e-05,0.0,0.16134918139608875,2,0,0.0
FGL1,0.0,3.265424559745635e-05,0.0,0.13831389029360847,1,0,0.0
LGALS9C,3.3926762550967164e-06,7.455144784335208e-05,0.0,0.15448703472626427,4,0,0.0
LGALS9,0.00020675724820942918,0.00011677810430338314,0.0,0.16696633044698425,7,0,0.0
CD80,0.0001784263376450582,0.0002088267182625914,0.2761904761904762,0.16875750718109628,15,0,0.0
OTUB2,0.0,4.0776906306050204e-05,1.0,0.18078169290007665,4,0,0.0
PDCD7,0.0,3.5799625984300474e-05,0.6666666666666666,0.13548039642236004,3,0,0.0
ZMAT5,7.273996677305104e-06,5.52994330239852e-05,0.6666666666666666,0.14661581759717662,7,0,0.0
SNRNP35,0.00010501269339395424,8.356255291208118e-05,0.5555555555555556,0.14665955848699502,10,0,0.0
ZRSR2,0.00014073774228182448,0.00011815141361887202,0.6285714285714286,0.16214747865705728,21,0,0.01
CHRD,0.0,4.446429158120411e-05,1.0,0.12293607212717308,2,0,0.0
BMP2,0.001926689133008041,0.00022684785862367153,0.4065934065934066,0.1445110952946376,14,0,0.01
BMP4,4.6356032464490854e-05,0.00014247772105725542,0.6388888888888888,0.14253479162593088,9,0,0.05
GNPTG,0.0,0.00011486331265793706,0.0,0.00011487650775416428,1,0,0.0
GNPTAB,0.0,0.00011486331265793706,0.0,0.00011487650775416428,1,0,0.0
EFNB1,0.0002391844624966794,0.0002055459045388079,0.34545454545454546,0.14018743871250952,11,0,0.0
EPHB2,0.00017351564235611508,0.00011889951939581983,0.4666666666666667,0.1476469795520449,6,0,0.0
EPHB6,0.0,6.612183209490288e-05,1.0,0.11979788434715082,3,0,0.0
EPHB4,0.0,6.612183209490288e-05,1.0,0.11979788434715082,3,0,0.0
EPHA4,2.2165729160925604e-05,0.00017934455872595917,0.19444444444444445,0.1341616425067637,9,0,0.0
RGS3,0.0,6.612183209490288e-05,1.0,0.11979788434715082,3,0,0.0
EPHA1,0.00014588900619035803,0.00017848224547283722,0.2222222222222222,0.14453588036022935,9,0,0.0
EPHB1,0.0,6.612183209490288e-05,1.0,0.11979788434715082,3,0,0.0
EFNB3,4.7798027983814415e-05,0.00019171969893128234,0.4,0.13045594597453286,10,0,0.0
EPHB3,0.0,6.612183209490288e-05,1.0,0.11979788434715082,3,0,0.0
EFNB2,0.00025988331264769666,0.00022532851286951146,0.2878787878787879,0.14019077024222062,12,0,0.0
GLG1,0.0,4.700370981811059e-05,1.0,0.14822572543902712,2,0,0.0
SELE,0.00040050680650746375,0.000167171252773255,0.16666666666666666,0.17005152554114733,9,0,0.01
SELP,0.0010222830893131093,0.0002001277551253351,0.10606060606060606,0.17685236302381582,12,0,0.01
DLL3,1.3012531142098921e-06,0.00010414642090498436,0.6666666666666666,0.1500849108516067,6,0,0.0
NOTCH1,0.0018611330807632024,0.0002758220149911791,0.12418300653594772,0.18319009443582387,18,0,0.0
DLL1,1.2986506079814724e-06,0.00010414642090498436,0.6666666666666666,0.1500849108516067,6,0,0.0
NOTCH3,0.00014634207295962463,0.00012380640781219112,0.19047619047619047,0.1564910712283107,7,0,0.0
DLL4,1.2986506079814724e-06,0.00010414642090498436,0.6666666666666666,0.1500849108516067,6,0,0.0
NOTCH4,0.0004363987657007429,0.00012241839266562105,0.19047619047619047,0.17123620960877797,7,0,0.02
NOTCH2,0.00015494717486883911,0.00013344546117472235,0.35714285714285715,0.16081256770227081,8,0,0.08
DLD,0.003262982536764706,0.0003930052853593863,0.1619047619047619,0.11496730566588842,15,0,0.42
BCKDHA,0.00014303768382352942,0.0001272287750856649,0.5,0.1008891146213063,4,0,0.02
MRPS36,0.0,3.955002189167363e-05,0.0,0.10088048808096316,1,0,0.0
PDHB,0.0001907169117647059,0.00017144344620674608,0.6,0.10089601691590813,6,0,0.05
DLST,1.1488970588235294e-07,0.00011824131672388977,0.6666666666666666,0.10088566382813266,4,0,0.05
DLAT,9.535845588235295e-05,0.00016885466914185463,0.6,0.1008942912537183,6,0,0.03
DBT,4.7679227941176475e-05,9.585543186453707e-05,0.6666666666666666,0.1008873891952114,3,0,0.0
OGDH,0.0,9.031248869402633e-05,1.0,0.10088393852006705,3,0,0.0
GLDC,0.001282415763858755,0.00010506051848135014,0.5,0.1250389465645513,4,0,0.01
AMT,0.00221451676705393,0.00011824980393946318,0.4,0.12736608128988688,5,0,0.03
DHTKD1,0.0,6.471513213382033e-05,1.0,0.10088221327101156,2,0,0.0
PDHX,0.0,0.00013486304222036876,0.9,0.10089256565055672,5,0,0.0
GCSH,0.0,8.201158704564498e-05,1.0,0.11492922812153991,3,0,0.0
PDHA1,0.0,0.00011070019675470951,1.0,0.10089084010642041,4,0,0.0
PDHA2,0.0,0.00011070019675470951,1.0,0.10089084010642041,4,0,0.0
OGDHL,0.0,9.031248869402633e-05,1.0,0.10088393852006705,3,0,0.0
APOH,0.0,3.2698156342762444e-05,0.0,0.15987986614148578,1,0,0.0
ANXA2,0.002483780703348767,0.0003258447328471256,0.0718954248366013,0.19840869840651154,18,0,0.07
HAUS4,0.0,0.00011174181300119242,1.0,0.10972596668692386,7,0,0.0
HAUS7,0.0,0.00011174181300119242,1.0,0.10972596668692386,7,0,0.0
HAUS1,0.0,0.00011174181300119242,1.0,0.10972596668692386,7,0,0.0
HAUS3,0.0,0.00011174181300119242,1.0,0.10972596668692386,7,0,0.0
HAUS8,0.0,0.00011174181300119242,1.0,0.10972596668692386,7,0,0.0
HAUS5,0.0,0.00011174181300119242,1.0,0.10972596668692386,7,0,0.0
HAUS6,0.0006675091911764706,0.00012276467701916827,0.75,0.1265817097831127,8,0,0.01
HAUS2,0.0,0.00011174181300119242,1.0,0.10972596668692386,7,0,0.0
OSGEP,0.0,0.00011486331265793706,1.0,0.0004595060310166571,4,0,0.0
GON7,0.0,0.00011486331265793706,1.0,0.0004595060310166571,4,0,0.0
TP53RK,0.0,0.00011486331265793706,1.0,0.0004595060310166571,4,0,0.0
LAGE3,0.0,0.00011486331265793706,1.0,0.0004595060310166571,4,0,0.0
TPRKB,0.0,0.00011486331265793706,1.0,0.0004595060310166571,4,0,0.0
TGM1,0.0,9.367082172871192e-05,0.0,0.00015316867700555236,1,0,0.0
IVL,0.0,0.00015724829451638727,0.0,0.00022975301550832856,2,0,0.0
UNC13D,0.0,5.013275534281159e-05,0.0,0.1056332244788683,1,0,0.0
RAB27A,0.0004551712706979544,0.0003021126793579291,0.10714285714285714,0.12118092483612164,8,0,0.0
ADH1A,0.0,0.00011486331265793706,1.0,0.00022975301550832856,2,0,0.0
ADH1C,0.0,0.00011486331265793706,1.0,0.00022975301550832856,2,0,0.0
ADH1B,0.0,0.00011486331265793706,1.0,0.00022975301550832856,2,0,0.0
CDC6,0.000770242969205699,0.0001489885986807522,0.5816993464052288,0.16239745137019687,18,0,0.04
ORC4,7.547047619550963e-05,0.00010864324692611596,0.7948717948717948,0.14937045605607072,13,0,0.0
MCM10,0.00020318892886570528,0.00011696026736704973,0.5454545454545454,0.14975343777981318,11,0,0.0
ORC2,8.136627480882682e-05,0.00012996464014370185,0.7166666666666667,0.149764843510178,16,0,0.0
CCNA2,0.0017192912748935402,0.00019086062745295518,0.2736842105263158,0.19151637624252973,20,0,0.0
MCM6,1.1619994687989055e-05,0.0001570395470163299,0.5894736842105263,0.15050996124463953,20,0,0.0
MCM2,0.0037545037819326577,0.00031253901697254725,0.37343358395989973,0.17448275373487535,57,1,0.97
MCM4,7.567520365701134e-05,0.00018787453563903086,0.5019762845849802,0.15052148250931083,23,0,0.02
ORC5,7.561857219553478e-05,0.00010862553851231846,0.8076923076923077,0.14937045605607072,13,0,0.0
CDK2,0.0033191546475531335,0.00038674241405660815,0.18494623655913978,0.1829571510412307,31,1,0.94
ORC3,4.874022774935627e-06,9.690152691735908e-05,0.8545454545454545,0.143185208889109,11,0,0.0
MCM7,0.0007396866882541848,0.00019810675561761696,0.45666666666666667,0.16014897301540387,25,0,0.02
ORC1,7.444567017040776e-05,0.00010860594169614689,0.8076923076923077,0.14929862879688197,13,0,0.0
MCM8,2.0502297895197556e-07,7.717831881087698e-05,0.9444444444444444,0.148080614027723,9,0,0.0
CDC45,0.000269298761655066,0.00017691263486309115,0.5,0.15444254427223794,21,0,0.01
MCM5,2.675608454262327e-05,0.0001722842477109651,0.5194805194805194,0.1511075442768104,22,0,0.02
MCM3,6.933027965819856e-05,0.0001890531928105353,0.463768115942029,0.15138674830041832,24,0,0.0
ORC6,4.414418127561102e-06,8.295020056889566e-05,0.9166666666666666,0.1430602017951352,9,0,0.0
CDT1,0.0008592033193767059,0.00016105077087966692,0.477124183006536,0.16334627626467302,18,0,0.05
AAAS,3.0637254901960784e-08,0.0001247910424432249,0.9411764705882353,0.15747697333215166,17,0,0.0
NUP205,2.3547445253936528e-06,0.00016973909256705062,0.822463768115942,0.1588723013391075,24,0,0.04
NUP133,5.971019016795721e-07,0.00013776485982125287,0.9005847953216374,0.15884235610486297,19,0,0.07
NDC1,3.0637254901960784e-08,0.00011876410657241733,0.975,0.15747276957428794,16,0,0.02
NUP155,0.0009661402437046382,0.00018119183820069723,0.7566666666666667,0.16720769333963723,25,0,0.29
NUP107,2.3547445253936528e-06,0.00016973909256705062,0.822463768115942,0.1588723013391075,24,0,0.04
NUP98,0.0013056316623338959,0.0002123588599305955,0.5195402298850574,0.17162479404813225,30,1,0.89
NUP214,0.0017970134389989829,0.0002430101967084165,0.5049261083743842,0.16132711866275778,29,1,0.75
RANBP2,0.016402464933501795,0.0003529689675143931,0.3167220376522702,0.19069914724970585,43,1,0.95
NUP210,9.541336640354672e-05,0.0001446288763599173,0.8235294117647058,0.15748117731446118,18,0,0.15
NUP93,0.0002231891736844647,0.00018510872951380157,0.7566666666666667,0.16037973522435975,25,0,0.16
SEH1L,0.0017879464452486037,0.00022832514311060058,0.5701149425287356,0.15916808108095626,30,1,0.51
NUP35,1.5354832190229033e-07,0.00015026813020728918,0.861904761904762,0.15750220059332518,21,0,0.06
NUP85,0.0012630133239031286,0.00018926847217751042,0.7046153846153846,0.16280530499040682,26,1,0.92
NUP54,9.665026792046963e-05,0.00015734776543336573,0.8315789473684211,0.15884663330431648,20,0,0.13
NUP43,1.7373022404316125e-05,0.00017928633366531623,0.7633333333333333,0.15912085401835302,25,0,0.03
NUP188,1.1908141013758446e-07,0.0001376556890228097,0.9005847953216374,0.15748958595248955,19,0,0.03
NUP88,5.966880311723165e-05,0.000179039865825855,0.7246376811594203,0.1593013264838217,24,0,0.06
CBX5,9.219339562801242e-05,0.00012238892932474584,0.5428571428571428,0.17043967007663463,21,0,0.0
SUV39H1,0.00013867643520096512,0.00014050326672383645,0.25,0.1801248067487756,16,0,0.02
H3-4,0.0010018138762802559,0.0004011896776429891,0.1072829131652661,0.19414472341689654,85,1,0.88
TRIM28,0.0011556765626517687,0.00046914664793686956,0.013071895424836602,0.16663618036276945,18,0,0.4
H3C14,0.0024728602078015137,0.0005137384251003154,0.29027204101979776,0.20874336238578914,119,1,1.0
SETDB1,0.0003336943212491763,0.00017616760428663022,0.4985754985754986,0.18004234460620788,27,1,0.79
H3-3B,0.0024022417770965497,0.00046414413482200035,0.17647058823529413,0.199874209562323,103,1,0.99
H3-5,0.0010521547319748406,0.00035461308321459574,0.11004784688995216,0.19638748988023175,77,1,0.91
H3C10,0.0023212774951587435,0.0004886590648366123,0.29886663561558763,0.20891339097717185,114,1,1.0
H3C7,0.0023212774951587435,0.0004886590648366123,0.29886663561558763,0.20891339097717185,114,1,1.0
H3C8,0.0023212774951587435,0.0004886590648366123,0.29886663561558763,0.20891339097717185,114,1,1.0
H3C6,0.0023212774951587435,0.0004886590648366123,0.29886663561558763,0.20891339097717185,114,1,1.0
H3C13,0.008270433612353422,0.0006916678928051438,0.20164476336370232,0.2115050525625614,158,1,0.98
H3C12,0.005204821052201346,0.0005874051210129494,0.24462179042331714,0.21071179529298475,132,1,0.99
H3C11,0.0023212774951587435,0.0004886590648366123,0.29886663561558763,0.20891339097717185,114,1,1.0
H3-2,0.002337846932604054,0.0003979642206428541,0.28399311531841653,0.20781679070747555,84,1,0.99
H3C2,0.0023212774951587435,0.0004886590648366123,0.29886663561558763,0.20891339097717185,114,1,1.0
H3C1,0.0023212774951587435,0.0004886590648366123,0.29886663561558763,0.20891339097717185,114,1,1.0
H3C4,0.0023212774951587435,0.0004886590648366123,0.29886663561558763,0.20891339097717185,114,1,1.0
H3-3A,0.0011023360045671385,0.0003613056309537193,0.1674992653540993,0.19737310696675592,83,1,0.97
H3C3,0.0023212774951587435,0.0004886590648366123,0.29886663561558763,0.20891339097717185,114,1,1.0
H3C15,0.0024715585503683967,0.0005099287269786696,0.2834999275677242,0.20873597611628752,118,1,1.0
KLHL20,0.0,0.00015853292321478838,1.0,0.17293290985642593,26,1,1.0
CUL3,0.002317909574813214,0.0003179251012020395,0.4682860998650472,0.17535410424845876,39,1,0.96
KLHL42,0.0,0.00015853292321478838,1.0,0.17293290985642593,26,1,1.0
KBTBD7,0.0,0.00015853292321478838,1.0,0.17293290985642593,26,1,1.0
ZSWIM8,0.0,0.00015853292321478838,1.0,0.17293290985642593,26,1,1.0
SPOPL,0.0,0.00015853292321478838,1.0,0.17293290985642593,26,1,1.0
SPOP,0.0014657353036109147,0.00021782511015762393,0.6989247311827957,0.18082048249823446,31,1,0.96
TNFAIP1,3.0144379610056995e-06,0.00016701659954906448,0.9344729344729344,0.1729379795673654,27,1,0.99
KCTD17,0.0,0.00015853292321478838,1.0,0.17293290985642593,26,1,1.0
KEAP1,0.0059972469786781,0.00034061947734493134,0.42435897435897435,0.19808224777617947,40,1,0.95
KLHL7,0.0,0.00015853292321478838,1.0,0.17293290985642593,26,1,1.0
KLHL21,0.0,0.00015853292321478838,1.0,0.17293290985642593,26,1,1.0
KLHL22,0.0,0.00015853292321478838,1.0,0.17293290985642593,26,1,1.0
KBTBD8,0.0,0.00015853292321478838,1.0,0.17293290985642593,26,1,1.0
KLHL41,0.0,0.00015853292321478838,1.0,0.17293290985642593,26,1,1.0
KLHL13,1.873316104293491e-05,0.00017727483254502454,0.873015873015873,0.17294304957556145,28,1,1.0
KLHL25,0.0,0.00015853292321478838,1.0,0.17293290985642593,26,1,1.0
KLHL12,0.006419192188498216,0.00025579632649923057,0.5419630156472262,0.17927087525139493,38,1,0.97
KCTD13,3.0144379610056995e-06,0.00016701659954906448,0.9344729344729344,0.1729379795673654,27,1,0.99
ENC1,0.0,0.00015853292321478838,1.0,0.17293290985642593,26,1,1.0
LZTR1,0.0,0.00015853292321478838,1.0,0.17293290985642593,26,1,1.0
KBTBD6,0.0,0.00015853292321478838,1.0,0.17293290985642593,26,1,1.0
GAN,9.535845588235295e-05,0.00017748014924194447,0.9259259259259259,0.1729379795673654,27,1,1.0
KLHL9,1.8695694720849038e-05,0.00017727483254502454,0.873015873015873,0.17294304957556145,28,1,1.0
KLHL3,9.535845588235295e-05,0.00017748014924194447,0.9259259259259259,0.1729379795673654,27,1,1.0
KLHL8,0.0,0.00015853292321478838,1.0,0.17293290985642593,26,1,1.0
RAB26,0.0,2.952675115724342e-05,0.0,0.14239716660686028,1,0,0.0
NANS,0.0,0.00011486331265793706,0.0,0.00011487650775416428,1,0,0.0
NPL,0.0,0.00011486331265793706,0.0,0.00011487650775416428,1,0,0.0
TPSD1,0.0,7.872923456991284e-05,1.0,0.13488561350487951,2,0,0.0
TPSB2,0.0,7.872923456991284e-05,1.0,0.13488561350487951,2,0,0.0
TPSAB1,0.00019063863020157964,9.763735021098463e-05,0.3333333333333333,0.1613094728198633,3,0,0.0
MAPK13,9.42116393849123e-06,6.96713247331035e-05,0.3333333333333333,0.14383808204970255,3,0,0.0
DLG1,0.0030857225199163022,0.00030953775070409126,0.10294117647058823,0.17215068202709316,17,0,0.04
MAPKAPK2,5.377532535622322e-06,0.00013682838738284013,0.4,0.13422880269915358,6,0,0.06
MAP2K6,0.00028333613520999335,0.00014809046982516632,0.2857142857142857,0.14766915542761594,7,0,0.0
PXN,0.002592839021174305,0.0003923752383746323,0.1632183908045977,0.1952952201887837,30,1,0.98
PFN1,9.926838792655131e-05,0.00014425966733399228,0.5555555555555556,0.17598184484419918,10,0,0.22
BCAR1,0.0005421575071616162,0.00021648764052616622,0.2833333333333333,0.19329862445187762,16,0,0.03
FLNC,0.0002574780721468114,0.00016347433281444068,0.38181818181818183,0.1702920649237147,11,0,0.02
SORBS3,0.0,3.923450878765392e-05,1.0,0.1627514048728798,2,0,0.0
SYNM,9.535845588235295e-05,6.719589388868746e-05,0.0,0.1617384756127108,2,0,0.0
VASP,0.000785731079792327,0.0002737765735711364,0.22058823529411764,0.17794598718054963,17,0,0.02
TLN2,0.0007652261433169535,0.000254043249776436,0.3368421052631579,0.19014593285915424,20,0,0.06
SORBS1,0.0006952613073493904,0.00010095237327340945,0.09523809523809523,0.17870065799346888,7,0,0.0
RAVER1,0.0,2.8115597160257052e-05,0.0,0.16172960715620016,1,0,0.0
FLNB,0.00021329509205240675,0.00014846273043945784,0.45454545454545453,0.17626579678556192,11,0,0.01
ACTN4,0.0008559079774089176,0.00019212882496153473,0.3238095238095238,0.1792381933951872,15,0,0.07
PFN3,0.0,8.282847472914742e-05,1.0,0.1727354227115575,6,0,0.01
TLN1,0.001620669125036067,0.0003136078082851509,0.2391304347826087,0.1907361426869633,24,0,0.05
CDH5,0.0004103131343238669,0.00017459568504423628,0.2878787878787879,0.18783911546003507,12,0,0.03
ACTN1,0.0010398298817464759,0.00019916685471716304,0.3,0.179603818572763,16,0,0.06
ILK,0.00019381458210430445,0.00017089360241156177,0.3333333333333333,0.173176591739737,13,0,0.01
LIMS1,8.61035701050122e-05,0.00013561115938781854,0.4444444444444444,0.1652729504671056,10,0,0.02
SRC,0.03231313159503426,0.0007467762821932937,0.08294930875576037,0.22869111924878469,63,1,1.0
CTNNA2,0.0001505832439311641,0.00013373361242377394,0.7090909090909091,0.18615568244571937,11,0,0.13
WASL,0.0009838368938973935,0.000384633052926698,0.1748768472906404,0.1808592887458197,29,1,0.75
CDH1,0.0033737041214313875,0.0003159201172495345,0.14285714285714285,0.1992060048297167,22,0,0.22
ZYX,5.246581682380124e-05,0.00011332205166575388,0.5277777777777778,0.1742971612061575,9,0,0.0
PFN4,0.0,8.282847472914742e-05,1.0,0.1727354227115575,6,0,0.01
PPARGC1A,0.0008541938699249428,0.0002123584169694685,0.08333333333333333,0.1815606605220646,16,0,0.0
CCAR2,9.535845588235295e-05,6.835082155847603e-05,0.0,0.1549374224148343,2,0,0.0
FOSB,6.836215603017594e-05,0.00010999482270404015,0.4722222222222222,0.1742508247481066,9,0,0.0
SIRT2,0.00012081170913787711,9.481587263313461e-05,0.4666666666666667,0.16486186968370692,6,0,0.0
FOXO1,0.000407465868497811,0.0001639934667562925,0.2857142857142857,0.19110688807251527,14,0,0.01
BAHD1,0.0,6.323312711526499e-05,1.0,0.15987120033123933,4,0,0.0
CDC14A,9.535845588235295e-05,7.508874188552754e-05,0.3333333333333333,0.1565616768232278,3,0,0.0
HDAC1,0.009749306325901718,0.0008062864734951034,0.08095238095238096,0.2085588623306488,85,1,1.0
RRP8,0.0,6.323312711526499e-05,1.0,0.15987120033123933,4,0,0.0
TGFBR3,0.0,7.229323817099914e-05,1.0,0.1610188727214325,4,0,0.0
TGFB3,4.722578118512999e-06,0.00010055453691361836,0.7333333333333333,0.16488490988686588,6,0,0.0
TGFBR2,0.0005967217156731313,0.0001635437492155077,0.23636363636363636,0.19102643764846997,11,0,0.0
TGFB2,7.756865376171252e-05,0.000148328660943478,0.3333333333333333,0.17014471520932195,9,0,0.01
SEM1,0.00010907679188716406,6.729823508483247e-05,0.4,0.16553730556242005,10,0,0.0
STXBP1,0.0003513653264096723,0.00012278644287912633,0.14285714285714285,0.14166876611485113,7,0,0.0
EPHA2,0.0009408083181963747,0.00017078648241241034,0.16666666666666666,0.1701987138206117,9,0,0.0
EPHA3,4.161362735194214e-06,7.198526828888145e-05,0.0,0.1314618461217748,3,0,0.0
EPHA10,0.0,5.616196169531887e-05,0.0,0.12069250201572111,2,0,0.0
ATP5F1D,0.00048678302271924035,0.000155140248978609,0.6205533596837944,0.1357766340834212,23,0,0.02
ATP5F1C,0.00048678302271924035,0.000155140248978609,0.6205533596837944,0.1357766340834212,23,0,0.02
ATP5ME,0.0,0.00011259169682408095,0.9833333333333333,0.1349226343950963,16,0,0.0
ATP5MC2,0.0,7.124777603989339e-05,1.0,0.11657814752425597,9,0,0.0
ATP5PB,0.0003002629663893599,0.00015259498878451752,0.7368421052631579,0.13493497920816142,20,0,0.39
ATP5MPL,0.0,0.00011259169682408095,0.9833333333333333,0.1349226343950963,16,0,0.0
ATP5F1B,0.0005891265599224261,0.0001540677336186058,0.5968379446640316,0.1357766340834212,23,0,0.04
ATP5MG,0.0,0.00010650081809722469,1.0,0.1349195485447568,15,0,0.0
ATP5MC1,0.00019222104775635035,0.00011374350047266589,0.8916666666666667,0.1349226343950963,16,0,0.08
H7C0C1_HUMAN,0.0,5.8409093593504463e-05,1.0,0.11657814752425597,7,0,0.0
MT-ATP6,0.00025220674369975764,0.0001386292653014389,0.7368421052631579,0.13575163780974342,20,0,0.05
ATP6V1B1,0.0002430432503853709,0.00015581141945211513,0.5905797101449275,0.11906764534600359,24,0,0.08
ATP5MD,0.0,0.00010650081809722466,1.0,0.1349195485447568,15,0,0.0
ATP5MC3,0.0,7.71099070541665e-05,0.9777777777777777,0.11658505940873141,10,0,0.0
ATP5PD,0.0002049045105070111,0.0001329830543264904,0.8187134502923976,0.1349318927931197,19,0,0.04
ATP5F1E,0.0,0.00011259169682408093,0.9833333333333333,0.1349226343950963,16,0,0.0
ATP5F1A,0.00048678302271924035,0.000155140248978609,0.6205533596837944,0.1357766340834212,23,0,0.02
MT-ATP8,0.0,0.00011259169682408093,0.9833333333333333,0.1349226343950963,16,0,0.0
ATP5PO,0.004499945350066368,0.00013224269541504277,0.7712418300653595,0.16104524763915917,18,0,0.21
ATP6V1A,0.0001435936382743316,0.00016822264618541628,0.6184615384615385,0.12828286225991956,26,1,0.44
ATP6V1B2,0.0005266551639808121,0.00018659545917901503,0.5738916256157636,0.128291231808586,29,1,0.92
ATP6V1D,0.00045077026219010293,0.00018088611531701305,0.5978835978835979,0.12828844183768787,28,1,0.91
ATP5PF,0.00019227849260929154,0.00012590019333379193,0.8758169934640523,0.13492880651926809,18,0,0.04
ATP5MF,0.0,0.00011259169682408093,0.9833333333333333,0.1349226343950963,16,0,0.0
FGF22,2.2557759054906435e-05,9.832061179668369e-05,0.14285714285714285,0.15822459085970553,7,0,0.0
FGFBP1,4.326276180207962e-06,7.683875508408673e-05,0.1,0.15104950635075537,5,0,0.0
TECR,9.160584239649382e-05,0.0001485284169714305,0.8,0.11792278702693455,11,0,0.01
HACD2,9.160584239649382e-05,0.0001485284169714305,0.8,0.11792278702693455,11,0,0.01
ELOVL6,0.000261536195309704,0.00013082118735833958,0.7777777777777778,0.1183700020270969,9,0,0.0
HACD3,9.160584239649382e-05,0.00014852841697143054,0.8,0.11792278702693455,11,0,0.01
SCD,0.0,0.00011052297311055116,1.0,0.11790864506051049,8,0,0.0
HACD1,9.160584239649382e-05,0.0001485284169714305,0.8,0.11792278702693455,11,0,0.01
ELOVL2,0.0,9.830739507983733e-05,1.0,0.10353090473722601,7,0,0.0
FADS1,0.0,9.830739507983733e-05,1.0,0.10353090473722601,7,0,0.0
HACD4,9.178942123897176e-05,0.00014852841697143054,0.8,0.11792278702693455,11,0,0.01
ELOVL4,0.00028607536764705885,0.00011469244071250652,0.7142857142857143,0.10353999053993752,7,0,0.01
SCD5,0.0056868197211757615,0.00012472152853899783,0.7777777777777778,0.13713386384504733,9,0,0.09
TIMM13,0.0001907169117647059,0.00013285764112590232,0.16666666666666666,0.11823240111080294,4,0,0.0
TIMM8B,0.0,4.6177630894726776e-05,0.0,0.1033857484537479,1,0,0.0
TIMM9,0.0,0.0001424933840513509,0.7333333333333333,0.11823714064423957,6,0,0.03
TIMM8A,0.0,4.6177630894726776e-05,0.0,0.1033857484537479,1,0,0.0
CDC34,1.3409429448485316e-06,7.453521153199337e-05,0.8571428571428571,0.18666226057723637,8,0,0.04
SKP1,0.009702110893769782,0.0006933251154682634,0.09022556390977443,0.20362745671461516,57,1,1.0
UBE2R2,0.0,4.8695478362380734e-05,1.0,0.18078723325229545,5,0,0.0
CUL1,0.004946973437053278,0.00046146620210510533,0.14634146341463414,0.19587234522105126,42,1,1.0
GADD45B,4.304932127791944e-05,7.98673378323061e-05,0.3333333333333333,0.14456067392904162,4,0,0.0
MAP3K4,0.000510846140392518,6.291639988158376e-05,0.3333333333333333,0.16354100027785204,3,0,0.0
MAP2K7,5.8849057862664684e-05,9.152063457939033e-05,0.2,0.15192478356440808,5,0,0.0
GADD45G,1.6795838904333022e-05,5.177694870286433e-05,0.6666666666666666,0.13771009690273364,3,0,0.0
GADD45A,0.0023798506919378883,0.00013502600470949628,0.10714285714285714,0.16220543942538498,8,0,0.0
MADCAM1,0.00015613648425473145,8.724300351831103e-05,0.06666666666666667,0.1648756930328517,6,0,0.0
CCR9,3.5726385555873255e-05,8.51200369138377e-05,0.26666666666666666,0.14878650678527042,6,0,0.0
SELL,0.0009293468623205687,0.00020253744540818768,0.16666666666666666,0.17496922500437198,12,0,0.0
ITGB7,0.0002821275715217671,0.00023084181816017456,0.5857142857142857,0.17956554916055037,21,0,0.32
IGKV2D-29,0.0004203869859276067,0.00023407161969335612,0.23809523809523808,0.18298552704951923,15,0,0.03
ACKR2,9.997747539876512e-05,0.00014481602366771804,0.09090909090909091,0.1492835160700071,11,0,0.0
MAPK12,0.0001047593591273341,0.00010295071662374504,0.16666666666666666,0.1438450968305877,4,0,0.0
PTPN3,0.0,3.9467415711237115e-05,0.0,0.12245121787280543,1,0,0.0
SERPIND1,0.0,3.6060795537582835e-05,0.0,0.12946248125844712,1,0,0.0
F2,0.0007475237928771679,0.00028437080210745553,0.0641025641025641,0.15361806778527645,13,0,0.01
YKT6,0.0015977371136097441,0.00016053143948901774,0.24444444444444444,0.14414385879101774,10,0,0.0
VAMP4,5.596816781017227e-06,9.492321055329729e-05,0.7142857142857143,0.129232751791408,7,0,0.0
STX7,3.5352137738739925e-05,0.00010886520193156652,0.6428571428571429,0.13071321562203414,8,0,0.03
ATG14,0.0015190836650818896,0.00013645355648665513,0.34545454545454546,0.16991437931396972,11,0,0.0
OSM,0.0,6.755798430064533e-05,0.6666666666666666,0.1361464012791064,3,0,0.0
LIFR,0.00010206338495959898,0.00012609259179205515,0.3333333333333333,0.13914911121909707,6,0,0.0
OSMR,6.407425871223153e-05,0.00010656149030091895,0.4,0.1485691689171007,5,0,0.0
IL6ST,0.0014144456143553542,0.0002665611886460606,0.19166666666666668,0.16309788551030996,16,0,0.0
SF3A1,5.390607332169472e-05,0.00019962884850872718,0.8088836937463472,0.16815140017736732,59,1,0.93
WBP4,4.337453916606725e-06,0.00017104216629250252,0.9482352941176471,0.16176508681883348,51,1,1.0
SART1,5.958012549433391e-06,0.0001896255795666872,0.8621553884711779,0.16192493813022976,57,1,0.97
SF3B6,1.5154896133909158e-05,0.0001238406828790712,0.7935483870967742,0.163084358648192,31,1,0.73
LSM4,4.202525758694676e-05,0.0001976508120655605,0.8342407743496673,0.16210737623034902,58,1,0.99
MFAP1,0.0001290028823579678,0.0001954140610253422,0.814935064935065,0.1666503028708515,56,1,0.91
SF3A2,0.0005042921882112738,0.0002547622614189145,0.6339544513457557,0.17171471796653667,70,1,0.95
SF3B4,0.00016687462727681576,0.00022325144959382592,0.7256944444444444,0.17291770250688557,64,1,0.99
SNU13,0.0043561861451169945,0.00031965776506810267,0.44988107373428476,0.17468425883986974,109,1,0.98
PHF5A,0.0002550568076805149,0.00021438121833996208,0.7431693989071039,0.1717397135585432,61,1,0.98
TXNL4A,0.001054788565229785,0.0002074178136692176,0.8059614260666277,0.16335079946341763,59,1,0.9
LSM6,4.202525758694676e-05,0.0001976508120655605,0.8342407743496673,0.16210737623034902,58,1,0.99
PRPF38A,0.0018167252935846938,0.00020236818744843156,0.828956228956229,0.16299423687617157,55,1,0.97
LSM3,4.202525758694676e-05,0.0001976508120655605,0.8342407743496673,0.16210737623034902,58,1,0.99
LSM2,4.202525758694676e-05,0.0001976508120655605,0.8342407743496673,0.16210737623034902,58,1,0.99
PRPF6,5.295620124275181e-05,0.00020049375106560575,0.8141437755698422,0.16335079946341763,59,1,0.98
LSM5,8.380987675443878e-05,0.00021206649759001386,0.8059614260666277,0.16212965290703316,59,1,0.97
SF3B5,0.001172935249622009,0.0002596575612129211,0.549847792998478,0.1801138074322912,73,1,0.97
PRPF4,2.315196541379813e-06,0.00018562296275584535,0.8883116883116883,0.16192049355024157,56,1,1.0
PRPF3,2.3198362138074276e-06,0.00018562296275584535,0.8883116883116883,0.16192049355024157,56,1,1.0
RBMX2,4.122721397281191e-05,0.00018832755177198245,0.8760942760942761,0.1673167717339082,55,1,0.99
IK,0.0,0.00016360581756692222,1.0,0.16154359397054524,49,1,0.73
SF3B2,0.0004563637110284527,0.00023895612492696015,0.6770691994572592,0.17700625381889762,67,1,0.99
SF3A3,7.731866734718697e-05,0.00020251847765781177,0.8018702513150204,0.1693485508704829,59,1,1.0
SF3B1,0.0007416188074205473,0.0002863618040100736,0.5760829322473158,0.17638174378897895,74,1,0.95
LSM7,4.7562049736478495e-05,0.0002065836080694959,0.7983050847457627,0.16214747865705728,60,1,0.98
HTATSF1,0.0,8.017426966589048e-05,1.0,0.15363407091758213,20,0,0.0
LSM8,2.315196541379813e-06,0.00018562296275584535,0.8883116883116883,0.16192049355024157,56,1,1.0
SMU1,3.354963043648503e-06,0.0001676074275043741,0.966530612244898,0.16154801788318546,50,1,0.96
PRPF31,0.004194843855659187,0.000299685488296291,0.5103884372177055,0.18643219205557174,82,1,1.0
DDX46,9.535845588235295e-05,9.759526558818867e-05,0.9047619047619048,0.1536380722216481,21,0,0.0
ZMAT2,8.115207731761796e-05,0.00019197467866852668,0.8350649350649351,0.16334175331641704,56,1,0.99
TCERG1,0.0004973009816514905,6.632174649683484e-05,0.6515151515151515,0.1664387162774709,12,0,0.0
USP18,0.0,2.9842599722442134e-05,0.0,0.1454661164654255,1,0,0.0
IFNAR2,0.00036144564017840243,0.00017751014608351258,0.3333333333333333,0.17668286273578532,12,0,0.01
RNPC3,0.00010500242139594632,0.00010431140084860431,0.7543859649122807,0.1619382733343143,19,0,0.02
SNRNP70,0.00017252146343955588,0.00015087932107085873,0.4426877470355731,0.156167930878975,23,0,0.0
ERH,0.0,5.8060414180168294e-05,1.0,0.1591165620386902,11,0,0.0
SMN1,0.0,7.74614000281757e-05,1.0,0.15318326203641652,16,0,0.0
GEMIN8,0.0,7.74614000281757e-05,1.0,0.15318326203641652,16,0,0.0
PRMT1,0.0026892455471572317,0.00010044072325932744,0.5428571428571428,0.1823632812236429,15,0,0.01
SNRPC,0.0003624314429832187,0.00010388491445137723,0.6608187134502924,0.14982950881393886,19,0,0.0
GEMIN2,0.0,7.74614000281757e-05,1.0,0.15318326203641652,16,0,0.0
STRAP,0.00025064712697805654,8.753534126593837e-05,0.8823529411764706,0.16016636586088895,17,0,0.02
LSM11,0.0,3.9338234091358936e-05,1.0,0.1466231059334974,6,0,0.0
NCBP2,0.0015597711949943993,0.00020568870108713283,0.36774193548387096,0.17740549203122824,31,1,0.77
RBM42,0.0,0.00010476481008438814,1.0,0.16117725194050275,29,1,0.88
GEMIN5,0.0,7.74614000281757e-05,1.0,0.15318326203641652,16,0,0.0
USP39,0.0,0.00010476481008438814,1.0,0.16117725194050275,29,1,0.88
SNRPA,1.1293382865357335e-05,0.000140266200029891,0.8623481781376519,0.16159227033973597,39,1,0.96
LSM10,2.2691515026673889e-07,4.8953795144471225e-05,0.7619047619047619,0.14800630807693507,7,0,0.01
NCBP1,0.0014325996737662194,0.00017913909422720748,0.233201581027668,0.17827402299856154,23,0,0.02
SNRNP27,0.0,0.00010476481008438814,1.0,0.16117725194050275,29,1,0.88
PPIH,0.00023756225345307816,0.00011384858659655113,0.9259259259259259,0.16237510104658412,28,1,0.78
GEMIN7,0.0,7.74614000281757e-05,1.0,0.15318326203641652,16,0,0.0
WDR77,2.3001457599904968e-05,6.2104352156319e-05,0.8484848484848485,0.16028386645534182,12,0,0.0
GEMIN4,0.0005951331069461671,0.00010026263185616896,0.7908496732026143,0.17073564935956703,18,0,0.01
SMN2,0.0,7.74614000281757e-05,1.0,0.15318326203641652,16,0,0.0
DDX23,3.201590590228048e-05,0.00011960944628808991,0.8931451612903226,0.16274691480736062,32,1,0.32
DDX20,7.6486959808661e-05,8.525815040622526e-05,0.8897058823529411,0.16806995700796037,17,0,0.0
PRMT5,0.0008425730495423909,0.00013263635938373547,0.42592592592592593,0.17965304607815813,28,1,0.67
DHX15,0.001448655425755818,0.00022100499903640472,0.5169340463458111,0.1640138855345845,34,1,0.8
GEMIN6,0.0,7.74614000281757e-05,1.0,0.15318326203641652,16,0,0.0
SNRPN,1.2258111127113572e-06,7.435317428525581e-05,0.9191176470588235,0.15427694173241627,17,0,0.04
CLNS1A,0.0,5.8060414180168294e-05,1.0,0.1591165620386902,11,0,0.0
MAPK1,0.0036915783271354754,0.00022359551028845935,0.10606060606060606,0.18326977199647076,12,0,0.0
PTPN7,0.0020261948529411767,0.00012223862756682467,0.5,0.14993232738651419,4,0,0.0
ARRB1,0.009006037534063994,0.00030694886897301765,0.08571428571428572,0.20075165632201467,21,0,0.13
RPS6KA1,6.664633931768289e-05,6.384491646900451e-05,0.0,0.1660966162017795,3,0,0.0
MKNK1,0.00021997951465920252,7.531463231812817e-05,0.0,0.15843706983112832,3,0,0.0
MAP2K2,8.914754147283473e-05,8.713373385830584e-05,0.5,0.16094858182424973,5,0,0.02
LAMTOR3,0.0008472244628993968,0.00021284757835288585,0.3904761904761905,0.15721257418176587,15,0,0.0
MAP2K1,0.0011289234187073437,0.00018632462476183257,0.23636363636363636,0.17865736155008938,11,0,0.0
MAPK3,0.00027230897459319935,9.253116640235015e-05,0.5,0.16735474541185283,5,0,0.0
DUSP6,0.0,3.3109273360520456e-05,0.0,0.14990184791559477,1,0,0.0
IQGAP1,0.005771732126692788,0.00031682410264731394,0.09057971014492754,0.2025507286438127,24,0,0.14
PEA15,0.0,4.8847316550480085e-05,1.0,0.15132461383224485,2,0,0.0
STAT3,0.007916430423361395,0.0004016655558616549,0.09032258064516129,0.207458674908472,31,1,0.96
TCN2,0.0,0.00011486331265793706,0.0,0.00011487650775416428,1,0,0.0
CD320,0.0,0.00011486331265793706,0.0,0.00011487650775416428,1,0,0.0
PDXP,0.0,0.00011486331265793706,1.0,0.00022975301550832856,2,0,0.0
PHOSPHO2,0.0,0.00011486331265793706,1.0,0.00022975301550832856,2,0,0.0
PDXK,0.0,0.00011486331265793706,1.0,0.00022975301550832856,2,0,0.0
MICALL1,0.0,4.1325451951226065e-05,0.0,0.10896993481153415,1,0,0.0
EHD1,9.619008554513396e-05,0.0001411189495326796,0.3,0.1255926638497424,5,0,0.01
CENPM,1.7152543577971393e-07,0.000100408215549812,0.9666666666666667,0.1451118621721539,16,0,0.0
CENPA,0.00037516303522659695,0.00018874901418212554,0.5592469545957918,0.1735842579161488,43,1,0.4
CENPH,1.7152543577971393e-07,0.000100408215549812,0.9666666666666667,0.1451118621721539,16,0,0.0
CENPW,1.7152543577971393e-07,0.000100408215549812,0.9666666666666667,0.1451118621721539,16,0,0.0
CENPQ,2.9062340996650476e-05,0.0001041142261885228,0.8897058823529411,0.16772589408951696,17,0,0.01
CENPS,0.0003357052145834519,0.00018446105353222398,0.4985754985754986,0.16909127815582883,27,1,0.78
CENPX,0.00034867546535367736,0.00018825219459852225,0.4947089947089947,0.1690961251224675,28,1,0.75
ITGB3BP,0.0,9.657103710316079e-05,1.0,0.14190732309411597,15,0,0.0
CENPU,4.271541599773214e-05,0.00011710377194314491,0.8529411764705882,0.14894804749456889,17,0,0.0
CENPP,0.0,9.657103710316079e-05,1.0,0.14190732309411597,15,0,0.0
CENPL,0.0,9.657103710316079e-05,1.0,0.14190732309411597,15,0,0.0
CENPK,1.7152543577971393e-07,0.000100408215549812,0.9666666666666667,0.1451118621721539,16,0,0.0
CENPT,1.7152543577971393e-07,0.000100408215549812,0.9666666666666667,0.1451118621721539,16,0,0.0
CENPN,0.00024314648729770446,0.00016704015926344127,0.5428571428571428,0.16838178401045845,35,1,0.62
CENPC,0.0010323175349443846,0.00023703699750970435,0.4318936877076412,0.16955785752126704,43,1,0.52
CENPI,1.7152543577971393e-07,0.000100408215549812,0.9666666666666667,0.1451118621721539,16,0,0.0
CENPO,1.7152543577971393e-07,0.000100408215549812,0.9666666666666667,0.1451118621721539,16,0,0.0
DMC1,0.0,3.5378837501320314e-05,1.0,0.15776757564714505,2,0,0.0
BRCA2,0.0020643385938287676,0.00021848530847697,0.1368421052631579,0.18650881852168583,20,0,0.0
RAD51,0.0017814153395874373,0.0001768050184635687,0.21323529411764705,0.1897911145042919,17,0,0.0
HSCB,0.0,3.24949440268084e-05,0.0,0.1524548359182923,1,0,0.0
HSPA9,0.0009363385167198153,0.00021496567311042153,0.12121212121212122,0.1871003654103334,12,0,0.01
TOMM22,3.087975861745933e-05,0.00011503120711821509,0.8095238095238095,0.15432537399666188,7,0,0.05
TOMM70,0.0027919208693845386,0.00015381931797311846,0.32727272727272727,0.18852345470015022,11,0,0.05
TOMM20,0.0002508138285080367,0.0001106485856482452,0.7142857142857143,0.16079065146703012,7,0,0.0
TOMM5,7.217611017178187e-06,0.00011536841049836964,0.7142857142857143,0.1544223298087066,7,0,0.01
TOMM40L,0.0,5.894208123656635e-05,1.0,0.1301939399916663,3,0,0.0
TOMM40,0.0022975304156495286,0.00014550702556671345,0.5,0.15464092644303357,9,0,0.03
TOMM6,0.0,9.834517985145343e-05,1.0,0.15432133681322663,6,0,0.0
TOMM7,3.087975861745933e-05,0.00011503120711821508,0.8095238095238095,0.15432537399666188,7,0,0.05
XBP1,3.701147401892246e-05,4.6088693612943445e-05,0.0,0.16720769333963723,2,0,0.0
ATF6,2.564579528814902e-05,6.710685965446777e-05,0.0,0.15046005613850588,3,0,0.0
HIF1A,0.004987743895915054,0.0003759856650829871,0.11088709677419355,0.20886900899417205,32,1,0.9
RTCB,0.0,0.0001205723924853603,1.0,0.09976302482661212,5,0,0.0
C2orf49,0.0,0.0001205723924853603,1.0,0.09976302482661212,5,0,0.0
ZBTB8OS,0.0,0.0001205723924853603,1.0,0.09976302482661212,5,0,0.0
DDX1,0.002264590992647059,0.00022441550586697396,0.3333333333333333,0.11350947510145086,9,0,0.01
FAM98B,0.0,0.00012057239248536032,1.0,0.09976302482661212,5,0,0.0
RTRAF,0.0,0.00012057239248536032,1.0,0.09976302482661212,5,0,0.0
GTPBP1,0.000177093031584219,6.87735431714351e-05,0.0,0.12736608128988688,2,0,0.0
NPC1,0.0006800919370719401,0.00013648767731967026,0.0,0.11745320898003785,4,0,0.0
GP2,0.0002663646944456931,7.460794384656598e-05,0.3333333333333333,0.1497724482956915,3,0,0.0
HMGXB4,0.0,5.693916244098767e-05,1.0,0.15803384646973856,7,0,0.0
SMARCA5,0.001308675360636109,0.00017474811781299259,0.38620689655172413,0.18219993887705474,30,1,0.26
BPTF,7.810671606440593e-05,0.00012625975052090162,0.4,0.1720101303695116,25,0,0.0
C17orf49,0.00021546254212959456,0.0001724302982363918,0.6571969696969697,0.18300255687986353,33,1,0.9
CECR2,0.0,5.693916244098768e-05,1.0,0.15803384646973856,7,0,0.0
SMARCA1,0.0002578313979989454,8.445043279989372e-05,0.43636363636363634,0.16987523529984452,11,0,0.0
BAZ1A,1.161426640961122e-05,6.933952634707626e-05,0.6666666666666666,0.15847111943646477,9,0,0.0
RBBP4,0.003503218548971685,0.0005594010987880956,0.18489405331510594,0.190274728930181,77,1,0.97
BIK,8.576535813231089e-07,6.408421090073952e-05,0.5,0.16103645503992142,4,0,0.0
MCL1,0.000638139502452944,0.00018962884065162942,0.25274725274725274,0.17432806587140284,14,0,0.0
BCL2,0.0058148427264459665,0.0004674150351903821,0.08235294117647059,0.195489376359438,35,1,0.98
BCL2L2,1.8007885679886916e-05,0.00011641646610641416,0.42857142857142855,0.16315652785215182,8,0,0.01
BCL2L1,0.003515431044435434,0.0003383952325937776,0.16,0.19250383177856678,25,0,0.23
HMOX1,0.0,0.00011486331265793706,0.0,0.00011487650775416428,1,0,0.0
HMOX2,0.0,0.00011486331265793706,0.0,0.00011487650775416428,1,0,0.0
GINS3,9.047155478325439e-06,0.00012240806200438888,0.7142857142857143,0.14835992709175597,15,0,0.01
GINS1,4.579110788274575e-06,0.00010530635456171804,0.8076923076923077,0.14731513887279993,13,0,0.0
GINS4,5.655235698170374e-06,0.00010538511004865088,0.8076923076923077,0.14841591619549652,13,0,0.0
POLE2,0.00012691728293630377,0.00016469005357103785,0.5691699604743083,0.1495522226143339,23,0,0.01
MCM9,0.0,6.287665425175412e-05,1.0,0.14611104723392285,7,0,0.0
CDC7,3.4096663631836496e-05,5.65267896015725e-05,0.7,0.14408048802047727,5,0,0.0
POLE,0.00021386090198488009,0.00017422138386365789,0.5217391304347826,0.1630167579800039,24,0,0.0
GINS2,4.484871181227004e-06,9.788459020903541e-05,0.8333333333333334,0.1473114601329105,12,0,0.0
ARSA,0.0,0.00011486331265793706,1.0,0.00022975301550832856,2,0,0.0
ARSG,0.0,0.00011486331265793706,1.0,0.00022975301550832856,2,0,0.0
ARSB,0.0,0.00011486331265793706,1.0,0.00022975301550832856,2,0,0.0
CBX7,0.00018317220546608178,0.00020637688845867992,0.4782608695652174,0.17957101522091873,46,1,0.83
CBX6,0.0001762792848432903,0.0002013174675286001,0.4909090909090909,0.17956554916055037,45,1,0.87
SCML2,9.555925489122209e-05,0.00018161699105827609,0.491025641025641,0.17624473188797468,40,1,0.75
PHC2,9.219630825535742e-05,0.00023643103015103212,0.6644897959183673,0.18352063903130914,50,1,1.0
SUZ12,0.00025829845738356935,0.00018389677627922508,0.6126984126984127,0.18077061321430457,36,1,0.96
PCGF1,0.00016441298251368972,0.00017885221093192786,0.7253787878787878,0.17782261472907704,33,1,0.94
HDAC2,0.0018640610476680257,0.0005408306435042108,0.19855855855855856,0.1914169453248881,75,1,0.94
PCGF2,0.00011565566194161952,0.0002515581106193495,0.604499274310595,0.18370924047903836,53,1,0.96
PHC1,9.489513969349781e-05,0.00024149574499993093,0.6454901960784314,0.18352634853692565,51,1,1.0
PCGF3,0.0,0.00013420726350851566,1.0,0.1701201817113393,27,1,0.71
PHC3,9.201191563884671e-05,0.00023643103015103212,0.6644897959183673,0.18352063903130914,50,1,1.0
BAP1,0.0004027176621787503,0.00018466304679676937,0.7140151515151515,0.18255515940528566,33,1,0.83
COMMD3-BMI1,1.350677814411731e-05,8.404187560851842e-05,0.6263736263736264,0.16811785519742373,14,0,0.0
ASXL1,2.7958357485929025e-05,0.00015186971281523206,0.8694581280788177,0.17018398352775008,29,1,0.71
EZH1,1.244510253379677e-06,0.000140000406086305,0.9444444444444444,0.17012508784491423,28,1,0.95
CBX8,0.00024079903954034266,0.00024500006492937534,0.6214177978883861,0.18412783010869593,52,1,0.96
UBAP2L,0.0,0.00013420726350851566,1.0,0.1701201817113393,27,1,0.71
AEBP2,2.324869574422452e-06,0.00014446567477942516,0.8866995073891626,0.17013490096104752,29,1,0.92
PCGF5,0.00010154639296243156,0.00016441024730356611,0.832183908045977,0.17016925578441128,30,1,0.86
RBBP7,0.00030479502137341477,0.0002811906014957856,0.4005102040816326,0.18650292194190327,49,1,0.86
EZH2,0.0038585986957777136,0.0002960944999595258,0.3447024673439768,0.20187835532741527,53,1,0.98
BMI1,0.0002882196879089182,0.00029096144308964577,0.5124016938898972,0.18426586559075409,58,1,0.97
CBX4,9.489513969349781e-05,0.00024149574499993093,0.6454901960784314,0.18352634853692565,51,1,1.0
PCGF6,0.00015618225917233967,0.00025955645454135137,0.5765199161425576,0.18373785027790446,54,1,0.98
EED,1.244510253379677e-06,0.00014000040608630498,0.9444444444444444,0.17012508784491423,28,1,0.95
CBX2,0.0006569529965872143,0.00029682741067481885,0.4494172494172494,0.18696397759325561,66,1,0.99
RNF2,0.0021287976921275003,0.0003743052827356479,0.37056962025316453,0.1912679923812464,80,1,0.98
RING1,0.0005525463084965756,0.000305241247856922,0.4715846994535519,0.1862497212459319,61,1,1.0
TAB1,0.0004348962549703106,0.00011376690119459717,0.39285714285714285,0.18320147270255904,8,0,0.0
XIAP,0.00041847974204387093,0.00022972195929613033,0.19852941176470587,0.17039536167020222,17,0,0.0
TAB3,0.0,7.141609984413148e-05,1.0,0.17806415590637814,5,0,0.0
TAB2,0.0008797559737237866,0.00013918467948662727,0.3076923076923077,0.19585933865740565,13,0,0.04
MAPK14,0.00027240842987678247,0.00015172888025885716,0.14285714285714285,0.1576116121893342,7,0,0.0
MAP3K7,1.3000704163368918e-05,0.00010735168777835086,0.5714285714285714,0.18041677894064903,8,0,0.0
PNPLA3,0.0,0.0001398221625150109,1.0,0.0009231147944531058,8,0,0.0
LIPF,0.0,0.0001398221625150109,1.0,0.0009231147944531058,8,0,0.0
LIPG,0.0,0.0001398221625150109,1.0,0.0009231147944531058,8,0,0.0
PNPLA2,1.1488970588235295e-06,0.00020023967050529788,0.6222222222222222,0.001123791923682042,10,0,0.07
PNLIPRP3,0.0,0.0001398221625150109,1.0,0.0009231147944531058,8,0,0.0
CEL,3.2169117647058825e-06,0.00016690650876057894,0.7777777777777778,0.0009573042312847023,9,0,0.04
PNLIP,2.297794117647059e-07,0.00016690650876057894,0.7777777777777778,0.0009573042312847023,9,0,0.03
PNLIPRP1,0.0,0.0001398221625150109,1.0,0.0009231147944531058,8,0,0.0
LIPC,0.0,0.0001398221625150109,1.0,0.0009231147944531058,8,0,0.0
MYH9,0.0017895495023723912,0.00021813050135725047,0.4263157894736842,0.17144522846496166,20,0,0.12
MYH8,0.0,9.629743707826616e-05,1.0,0.14218779938831472,8,0,0.0
MYL12A,0.0,8.91449424096838e-05,1.0,0.1419209791902613,8,0,0.0
ACTG2,2.0075862193466297e-05,0.00012340665206374252,0.6181818181818182,0.15407949174691535,11,0,0.0
MYL6,3.0027880445077595e-05,0.00012571424600316724,0.8181818181818182,0.1660966162017795,12,0,0.03
MYH2,0.0,9.629743707826616e-05,1.0,0.14218779938831472,8,0,0.0
MYH14,0.0009383995663303184,0.00018803791753312318,0.5294117647058824,0.1661480755111224,18,0,0.0
S100A4,0.0007098214695906725,7.071554261678431e-05,0.16666666666666666,0.18462919536234862,4,0,0.0
MYH6,6.879541411625745e-05,0.00015941500076980936,0.5128205128205128,0.14510115412673474,13,0,0.01
MYH11,3.0027880445077595e-05,0.00012571424600316724,0.8181818181818182,0.1660966162017795,12,0,0.03
MYL6B,3.0027880445077595e-05,0.00012571424600316724,0.8181818181818182,0.1660966162017795,12,0,0.03
MYH13,0.0,9.629743707826617e-05,1.0,0.14218779938831472,8,0,0.0
MYH1,0.0,9.629743707826617e-05,1.0,0.14218779938831472,8,0,0.0
CD163,0.00024030473360697304,7.36256435789029e-05,0.16666666666666666,0.16109362410285374,4,0,0.0
MYH10,0.0009383995663303184,0.00018803791753312318,0.5294117647058824,0.1661480755111224,18,0,0.0
MYH7,0.00018294653121103078,0.00019480834896495387,0.3904761904761905,0.1455091739479145,15,0,0.0
MYL9,3.0027880445077595e-05,0.00012571424600316724,0.8181818181818182,0.1660966162017795,12,0,0.03
ACTA2,2.0075862193466297e-05,0.00012340665206374252,0.6181818181818182,0.15407949174691535,11,0,0.0
MYL12B,0.0,8.914494240968382e-05,1.0,0.1419209791902613,8,0,0.0
TXN2,0.0001907169117647059,8.913657812194931e-05,0.3333333333333333,0.15016896420900647,3,0,0.0
MPST,9.535845588235295e-05,8.959622295788718e-05,0.0,0.12700959008358956,2,0,0.0
TXNIP,0.0005403327515742278,0.00012366425176399355,0.047619047619047616,0.17658237558063883,7,0,0.0
TXN,0.0006161328027297819,0.00014242340232142252,0.047619047619047616,0.16792164591580988,7,0,0.02
EIF3D,0.00016420477978436215,0.00013374573436841715,0.5925925925925926,0.17110210926189637,27,1,0.76
EIF3CL,3.558229660313111e-08,7.46101242682008e-05,0.9615384615384616,0.14431665087147472,13,0,0.0
RPS5,0.0009646109420311748,0.000353368688845946,0.51873165002936,0.1936794083991858,131,1,1.0
RACK1,0.009687893799744959,0.0003317630438184836,0.6362376237623762,0.20354314474578708,101,1,0.98
EIF3G,3.110048541243582e-05,0.00011666820216312178,0.6956521739130435,0.16541197939103275,23,0,0.0
EIF3K,6.34568791351429e-06,8.805944885603325e-05,0.8529411764705882,0.16113322646878997,17,0,0.0
EIF3E,6.385565631122961e-05,0.00012613236148852606,0.6920289855072463,0.16582115027469854,24,0,0.02
EIF2S3,0.0001259862788280377,0.00013386468284229492,0.4700854700854701,0.16398197089626956,27,1,0.71
RPS16,0.0007692907790884645,0.00035509773525219384,0.5124913254684247,0.1932669600308751,132,1,1.0
EIF3L,2.8818569200732335e-06,8.059758443958619e-05,0.9333333333333333,0.1594606536471428,15,0,0.01
EIF2S2,0.0002842648067501972,0.00016985025358650784,0.48292682926829267,0.1648987371001957,41,1,0.69
EIF3B,0.0006297364307952014,0.00018151161434178478,0.47560975609756095,0.17257876721731907,41,1,0.75
EIF4G1,0.0016300605738979095,0.0002806757216149356,0.2153846153846154,0.17084938082201115,26,1,0.03
RPS27,0.0004225565971642547,0.00024201372976001475,0.730201746461909,0.1890127337719449,82,1,1.0
EIF1AX,0.00015633435586545386,0.00011201022656807838,0.49673202614379086,0.1631610405482617,18,0,0.0
EIF3M,8.352110133342249e-06,8.553523606753715e-05,0.9238095238095239,0.1596851123659358,15,0,0.02
EIF3J,7.632794834417911e-05,0.00010963998309213561,0.7035573122529645,0.1701496227580733,23,0,0.0
EIF4A1,0.0006015974367317487,0.0002492555527181135,0.30153846153846153,0.1653053696413832,26,1,0.64
EIF5,0.00012463035849748523,0.00011236072841938148,0.6339869281045751,0.15876113305763115,18,0,0.0
FAU,0.0014741038189167459,0.0004041861158848338,0.5200412614205717,0.19097696335337502,117,1,1.0
EIF1,0.00025501838829655813,0.00014194194187761166,0.5652173913043478,0.17093849379954798,24,0,0.14
EIF3F,0.0017433988012767175,0.00011950347443266493,0.7631578947368421,0.15813551954274074,20,0,0.1
RPS28,0.0011030923625012375,0.0003399273823407523,0.5113110861142357,0.19390222598108015,127,1,1.0
EIF3I,4.9328549324762374e-05,0.00012355856628697146,0.7114624505928854,0.16402756703988433,23,0,0.03
EIF3A,0.00015002945496050922,0.00014960083259672855,0.5301587301587302,0.17102274145543736,36,1,0.56
EIF3H,0.000176746475709751,0.00013203562254893313,0.5507692307692308,0.16606388596183883,26,1,0.58
EIF3C,0.00018257716524504075,0.00014092186391938567,0.5632183908045977,0.17130582590958301,30,1,0.18
UPK3A,0.0,0.00011486331265793704,1.0,0.0003446295232624928,3,0,0.0
UPK1A,0.0,0.00011486331265793704,1.0,0.0003446295232624928,3,0,0.0
UPK1B,0.0,0.00011486331265793704,1.0,0.0003446295232624928,3,0,0.0
UPK2,0.0,0.00011486331265793704,1.0,0.0003446295232624928,3,0,0.0
ST13,0.0,5.858800767559909e-05,1.0,0.18404740487402974,4,0,0.03
HSPA8,0.012212397066929984,0.0005088616355232483,0.08461538461538462,0.20443900263463527,40,1,1.0
IL2RB,0.00013376705752996473,0.0001363545510319689,0.5555555555555556,0.16447575478231197,9,0,0.07
IL2RG,0.00024132657941498904,0.00023621704135772897,0.325,0.16574194821933022,16,0,0.04
RHOA,0.005669476985619335,0.000663348281836652,0.046370967741935484,0.1825947138707525,32,1,0.86
JAK3,0.0003231466639422545,0.00020594416952411865,0.3523809523809524,0.17316134150416534,15,0,0.03
JAK1,0.003332060373827657,0.0005233097158582602,0.12762762762762764,0.1804388529967394,37,1,0.87
IL2RA,0.00011225639623097124,0.00010705786646359854,0.6666666666666666,0.16806038064506426,7,0,0.0
IL2,0.0006705657420207557,0.0002734625542348421,0.2046783625730994,0.16737848771485644,19,0,0.04
JAK2,0.005093625881315118,0.0005374770269582717,0.08974358974358974,0.18874663790306526,40,1,0.99
IL15RA,3.282563025210084e-08,6.871874512803989e-05,0.8333333333333334,0.14425312811225122,4,0,0.0
IL15,5.168148921194934e-05,8.14461471854817e-05,0.5,0.15987986614148578,5,0,0.0
DDB2,0.0014044236064811907,0.00021960107359315375,0.5217948717948718,0.18652651049840008,40,1,0.99
UBE2D1,0.0019793662336041757,0.00017287819162251932,0.3333333333333333,0.19069298273872315,16,0,0.02
SESN2,0.00029323955501917476,9.346117796042039e-05,0.16666666666666666,0.1652127771529267,4,0,0.0
RNF7,0.0003666394837621401,0.00018815907883502802,0.33157894736842103,0.17424053110297733,20,0,0.0
LRR1,0.0,4.004680248323034e-05,1.0,0.16552337105481077,4,0,0.0
UBE2M,1.7093774939877744e-05,8.211409815755646e-05,0.6,0.16756390913286184,6,0,0.0
FBXW8,0.0,3.849144223221938e-05,1.0,0.1699682317982655,3,0,0.01
KCTD10,0.0,4.0371670326449726e-05,1.0,0.16256751511622347,4,0,0.0
DCAF4,2.9797585054227825e-05,0.00016601386980363825,0.9312169312169312,0.178754808067101,28,1,0.98
DCAF17,0.0,0.00015422394213957923,1.0,0.17874939158300712,27,1,1.0
COPS6,0.00022276450229329425,0.00013492800952031426,0.7904761904761904,0.1822449696012358,15,0,0.06
CDKN1B,0.005575314521069711,0.0003972988194528217,0.33634992458521873,0.19986066611405343,52,1,0.98
DCAF6,0.0,0.00015422394213957923,1.0,0.17874939158300712,27,1,1.0
AMBRA1,0.0038997660858847336,0.0002452831252278609,0.6151260504201681,0.19683964833736198,35,1,0.98
DCAF7,0.00014920381084973766,0.0001861919747750365,0.8645320197044335,0.17880899096791247,29,1,0.98
ANKRD9,0.0,6.42008931081572e-05,1.0,0.16524054400622973,7,0,0.0
CAND1,0.0,3.750721071572908e-05,1.0,0.16514340082927131,3,0,0.0
FBXL18,0.0,4.2718422614986016e-05,1.0,0.1694215061036331,3,0,0.0
GPS1,0.000589372802036332,0.00014700913198457027,0.6397058823529411,0.18471591373441887,17,0,0.3
COPS7B,0.0001540328810990039,0.00011951563576135414,0.9358974358974359,0.1815550726647298,13,0,0.2
DCAF8,0.0,0.00015422394213957923,1.0,0.17874939158300712,27,1,1.0
NEDD8,0.0008488062120894367,0.0002636754614784688,0.24333333333333335,0.1923908232020873,25,0,0.0
GLMN,3.6653155232895853e-06,3.7486756809826965e-05,0.6666666666666666,0.1676496268798818,3,0,0.0
CRBN,0.002343661016168582,0.0002389190519572348,0.6256684491978609,0.18468699856054602,34,1,0.98
CUL5,0.00029133961249985124,0.00019005632939984914,0.34502923976608185,0.17009565528740236,19,0,0.0
UBE2D2,0.0031946874884480727,0.0003063361330454693,0.24597701149425288,0.1998132784954917,30,1,0.82
BTRC,0.0014328627182251719,0.0002012452910445275,0.30409356725146197,0.19691192406109892,19,0,0.06
COP1,0.0,0.00015422394213957923,1.0,0.17874939158300712,27,1,1.0
FBXW5,0.0,0.00015422394213957923,1.0,0.17874939158300712,27,1,1.0
CUL4A,0.0002753572658024415,0.00021320089697522498,0.6336134453781512,0.18553506592301938,35,1,0.95
DCAF16,0.0,0.00015422394213957923,1.0,0.17874939158300712,27,1,1.0
CUL7,0.0012144581444943432,0.00023626405602574435,0.680161943319838,0.18492437056496555,39,1,0.99
DCAF12,0.0003895246125447877,0.0001608770400124895,0.9285714285714286,0.18037264702713351,28,1,0.98
COPS3,0.00022047885156615928,0.00013333178812418656,0.7904761904761904,0.1840703763424364,15,0,0.05
ELOC,0.0023374452289944897,0.0003613688771949423,0.38701298701298703,0.18731424192748866,56,1,0.99
VHL,0.0009135778807896384,0.00014571806610923032,0.21323529411764705,0.1932669600308751,17,0,0.01
DET1,0.0,0.00015422394213957923,1.0,0.17874939158300712,27,1,1.0
DCAF10,0.0,0.00015422394213957923,1.0,0.17874939158300712,27,1,1.0
DCAF11,0.0,0.00015422394213957923,1.0,0.17874939158300712,27,1,1.0
TRPC4AP,0.0,0.00015422394213957923,1.0,0.17874939158300712,27,1,1.0
DCAF1,0.000127901394256497,0.00018317590207398755,0.8669950738916257,0.17880357119975754,29,1,1.0
COPS8,0.00024784603901501276,0.00013132212344571279,0.7714285714285715,0.18221682279058507,15,0,0.03
CUL9,0.0,2.2989516408365647e-05,0.0,0.16252720467881862,1,0,0.0
COPS5,0.0004543722526573232,0.0001523235388038485,0.6470588235294118,0.18940720568381444,17,0,0.17
POLR2A,0.0023988484652468674,0.00028969199533763915,0.3606625258799172,0.19210888139585114,70,1,0.95
COPS4,0.00020288934103950598,0.00012595881669336806,0.8681318681318682,0.18220556650056835,14,0,0.08
POLR2B,0.0013264401271160515,0.0002536994399966864,0.4209039548022599,0.18373785027790446,60,1,0.92
DDA1,4.241732125663071e-05,0.00016339951307596618,0.9338624338624338,0.1791293398828617,28,1,0.98
CUL4B,0.00013683689410843978,0.00018879169580892543,0.7827956989247312,0.17993800088526113,31,1,0.99
KLHDC1,0.0,6.42008931081572e-05,1.0,0.16524054400622973,7,0,0.0
DCUN1D1,0.0,5.2992414327171446e-05,1.0,0.1654351736222559,4,0,0.0
DCAF15,4.241732125663071e-05,0.00016339951307596618,0.9338624338624338,0.1791293398828617,28,1,0.98
DCAF13,0.003252472422130708,0.0002974989987290304,0.4916810097532989,0.18491277728739267,84,1,0.99
COPS2,0.00020288934103950598,0.00012595881669336806,0.8681318681318682,0.18220556650056835,14,0,0.08
ARIH1,2.1164302618505953e-06,7.999794726727767e-05,0.8055555555555556,0.18598547894010975,9,0,0.01
DDB1,0.0008354561775794627,0.0002758023911383901,0.5020242914979757,0.18671543397551435,39,1,0.99
DCAF5,0.0,0.00015422394213957923,1.0,0.17874939158300712,27,1,1.0
SKP2,0.0005049194248103475,0.00017610509360286013,0.38235294117647056,0.19106974868894216,17,0,0.14
DTL,0.000193920809758341,0.00016487738009097853,0.9285714285714286,0.1806875588404313,28,1,0.99
FBXW11,9.080521356448713e-06,9.422698514698268e-05,0.8571428571428571,0.17141035656029058,8,0,0.0
L3MBTL2,2.761220103365156e-06,4.138655937464349e-05,0.5,0.16242875216207944,5,0,0.0
YAF2,4.723781610139113e-07,5.874094143320213e-05,0.7142857142857143,0.15719581690575854,8,0,0.0
WDR5,0.004347674226331486,0.0004740598080462659,0.20555555555555555,0.19613283974540016,81,1,1.0
E2F6,0.00014464524304953346,0.0001802617506934713,0.6078431372549019,0.18294580310195072,34,1,0.97
CBX3,0.0006077629391401436,0.00014780454066024056,0.3148148148148148,0.1777101196271246,28,1,0.69
CRIPT,0.001262888269092342,5.326260731526399e-05,0.75,0.16903313622231012,8,0,0.0
DDX42,0.0,3.911478276364468e-05,1.0,0.15216775662347876,7,0,0.0
SRRM1,0.00017203499226271758,0.0001074721530048369,0.38421052631578945,0.15750640592268714,20,0,0.0
ACO2,0.0,6.434569388835111e-05,0.0,0.10305882985713488,1,0,0.0
ACO1,9.535845588235295e-05,0.00010636294421572999,0.0,0.11780504085915927,2,0,0.0
PMM1,0.0,0.00011486331265793706,0.0,0.00011487650775416428,1,0,0.0
PMM2,0.0,0.00011486331265793706,0.0,0.00011487650775416428,1,0,0.0
RIPK3,6.95281736045542e-05,8.928832575427084e-05,0.5714285714285714,0.16125655844465586,7,0,0.0
ZBP1,6.8866569726260775e-06,5.859661579908088e-05,0.3333333333333333,0.16389540802440478,4,0,0.0
CFLAR,0.00024344045841772675,0.00013939221289916876,0.5818181818181818,0.16947504657039764,11,0,0.01
MLKL,0.001016848225114351,0.0001374639900435472,0.48333333333333334,0.15830101760425067,16,0,0.0
PAPOLA,8.478811705554252e-05,0.00011393984653898177,0.3055555555555556,0.14307755083731266,9,0,0.0
PAPOLG,2.111429861443273e-05,7.660717124658114e-05,0.6666666666666666,0.1414038885138885,6,0,0.0
PABPN1,0.00034673694639424183,0.00010299443308733132,0.06666666666666667,0.1501001862808173,6,0,0.0
FIP1L1,0.00034414780742100646,0.00015726878104689295,0.4696969696969697,0.1406688148851202,12,0,0.03
U2AF2,0.0003561431128603774,0.00018601945108155654,0.08791208791208792,0.15499441463537575,14,0,0.0
PAPOLB,2.111429861443273e-05,7.660717124658114e-05,0.6666666666666666,0.1414038885138885,6,0,0.0
MTREX,0.003423565050757566,0.00027457490051853775,0.27076923076923076,0.15142172136717494,26,1,0.72
ZCCHC7,1.8582702313040907e-06,9.17188232202079e-05,0.5333333333333333,0.1296730726506287,6,0,0.0
SYMPK,0.0026203399809581404,0.00021025413017585612,0.22875816993464052,0.1644161604566014,18,0,0.0
NID2,0.0,2.940824103004116e-05,0.0,0.1485691689171007,1,0,0.0
SNAPC1,3.544456108542725e-05,6.65505189324755e-05,0.6666666666666666,0.15646201684275524,6,0,0.0
SNAPC4,2.8049036488425148e-05,7.103409368706418e-05,0.5714285714285714,0.15315939923726246,7,0,0.0
SNAPC5,1.563440625763129e-05,6.038331744653165e-05,0.7,0.15065602771024622,5,0,0.0
SNAPC2,0.0,5.509467324436648e-05,1.0,0.13149408009055327,4,0,0.0
GTF2B,0.0007798126428819632,0.00021767910334626544,0.5726950354609929,0.18435800428221766,48,1,0.96
SNAPC3,2.392959565811055e-05,6.652381093721159e-05,0.6666666666666666,0.1531554228268661,6,0,0.0
TBP,0.004431251889862815,0.0003950738309908209,0.37019969278033793,0.18810865500709187,63,1,0.99
SUPT16H,1.4039707509401364e-05,0.00013988395609954534,0.704201680672269,0.1730445122036492,35,1,0.84
POLR2C,0.0004347913894961111,0.00023003459560002535,0.4492481203007519,0.179581948340053,57,1,0.69
H4C6,0.005765915762225208,0.0006239184101550762,0.23278352436865157,0.20921717339418364,147,1,1.0
H4C14,0.0005002301533009183,0.0004088572101367587,0.40574645699864104,0.19644634922982454,102,1,1.0
H4C12,0.0005002301533009183,0.0004088572101367587,0.40574645699864104,0.19644634922982454,102,1,1.0
CTR9,3.2325670868170525e-05,0.00017416067610939728,0.724390243902439,0.17384514841076243,41,1,1.0
H4C3,0.0005002301533009183,0.0004088572101367587,0.40574645699864104,0.19644634922982454,102,1,1.0
H4C2,0.0005002301533009183,0.0004088572101367587,0.40574645699864104,0.19644634922982454,102,1,1.0
H4C4,0.0005002301533009183,0.0004088572101367587,0.40574645699864104,0.19644634922982454,102,1,1.0
H2BC10,0.00025460005331939817,0.00017902282107236305,0.6771196283391405,0.19095223581466356,42,1,0.99
H2BC7,0.00025460005331939817,0.00017902282107236305,0.6771196283391405,0.19095223581466356,42,1,0.99
H2AC6,0.0007894811324689,0.00030865746220644504,0.4613807245386193,0.19676086258038095,77,1,0.99
H4C13,0.0005002301533009183,0.0004088572101367587,0.40574645699864104,0.19644634922982454,102,1,1.0
RTF1,3.088033039104493e-05,0.00017781141557425442,0.6945412311265969,0.17371204749911368,42,1,0.99
H4C5,0.0005002301533009183,0.0004088572101367587,0.40574645699864104,0.19644634922982454,102,1,1.0
H4C15,0.0005012326185379944,0.0004088572101367587,0.40574645699864104,0.19644634922982454,102,1,1.0
H4C8,0.0005012326185379944,0.0004088572101367587,0.40574645699864104,0.19644634922982454,102,1,1.0
H2BC4,0.0002917890817454331,0.00019550136615151695,0.6473429951690821,0.19368576750902586,46,1,0.98
SSRP1,0.0,0.00010770330085976331,1.0,0.17102274145543736,26,1,0.55
H4-16,0.0005002301533009183,0.0004088572101367587,0.40574645699864104,0.19644634922982454,102,1,1.0
H4C1,0.0005012326185379944,0.0004088572101367587,0.40574645699864104,0.19644634922982454,102,1,1.0
H2BC6,0.00025460005331939817,0.00017902282107236305,0.6771196283391405,0.19095223581466356,42,1,0.99
LEO1,2.8563062156791762e-05,0.00017370838898750923,0.724390243902439,0.17353829968000475,41,1,1.0
H4C9,0.0005002301533009183,0.0004088572101367587,0.40574645699864104,0.19644634922982454,102,1,1.0
H4C11,0.0005002301533009183,0.0004088572101367587,0.40574645699864104,0.19644634922982454,102,1,1.0
H2BC8,0.00025460005331939817,0.00017902282107236305,0.6771196283391405,0.19095223581466356,42,1,0.99
FKBP3,0.0,2.829818459503268e-05,0.0,0.14166536396874235,1,0,0.0
CTSG,6.276880398223003e-05,0.000139688194022382,0.4666666666666667,0.14265198222674053,6,0,0.01
MMP9,0.00044544078599364584,0.0002246818220644854,0.14545454545454545,0.16318360777378701,11,0,0.0
LTF,0.0008563355602006627,0.0002239567548790189,0.17777777777777778,0.1594347951627676,10,0,0.0
SERPINA3,5.243568207815754e-07,6.108829553072047e-05,0.0,0.12613781985208375,2,0,0.0
PRTN3,3.294941553277153e-05,0.00013767811301013,0.4,0.1436944296646384,6,0,0.01
ELANE,0.0001299495661560561,0.00018589204497352445,0.2857142857142857,0.1460170153718416,8,0,0.0
MPO,0.0001845314519930401,0.00019149492597650877,0.2857142857142857,0.14184249251057734,8,0,0.0
GZMB,6.464039549940339e-05,7.866327205309418e-05,0.3333333333333333,0.1688347859479794,4,0,0.0
PRF1,1.3893489135724175e-05,7.460352290686576e-05,0.3333333333333333,0.14711674948931122,3,0,0.0
GAB2,0.0009315563794824594,0.00019143799829460934,0.39166666666666666,0.19085956454712052,16,0,0.12
SHC1,0.0034845716241049124,0.00039937133785828864,0.1592741935483871,0.2040359511975097,32,1,0.96
SRGN,3.9375034957151724e-05,6.861028038350416e-05,0.3333333333333333,0.16079503423617086,3,0,0.0
AP4S1,0.0,0.00014057140278003492,1.0,0.14588340927918492,16,0,0.01
AP5S1,0.0,0.00014057140278003492,1.0,0.14588340927918492,16,0,0.01
AP4E1,0.0,0.00014057140278003492,1.0,0.14588340927918492,16,0,0.01
AP3S1,0.0010619814997642344,0.0001951600133348144,0.638095238095238,0.14590144986699646,21,0,0.05
AP4M1,0.0004625226898605407,0.00015431616995127621,0.8823529411764706,0.15284589768162718,17,0,0.15
AP3S2,0.0010598575367647058,0.0001951600133348144,0.638095238095238,0.14590144986699646,21,0,0.05
AP2S1,0.0001490714985328938,0.00020283550381666976,0.6640316205533597,0.15290532454697772,23,0,0.15
AP5Z1,0.0,0.00014057140278003492,1.0,0.14588340927918492,16,0,0.01
AP5B1,0.0,0.00014057140278003492,1.0,0.14588340927918492,16,0,0.01
AP5M1,0.0,0.00014057140278003492,1.0,0.14588340927918492,16,0,0.01
AP2A1,0.0001490714985328938,0.00020283550381666976,0.6640316205533597,0.15290532454697772,23,0,0.15
AP2M1,0.0020817025284182895,0.00026795053959651475,0.4676923076923077,0.1654258951492541,26,1,0.69
AP2A2,0.0001490714985328938,0.00020283550381666976,0.6640316205533597,0.15290532454697772,23,0,0.15
AP4B1,0.0,0.00014057140278003492,1.0,0.14588340927918492,16,0,0.01
AP2B1,0.0041012810813825205,0.00028662536289172214,0.4211822660098522,0.17165975326705663,29,1,0.91
AFTPH,0.00021742019018047864,0.00019540035811622215,0.7142857142857143,0.15268369968481213,21,0,0.13
AP1S1,0.0005375576349344254,0.0002524728407784319,0.4928774928774929,0.1540835162863367,27,1,0.74
POLD3,9.338484569134842e-05,0.00018197128838410992,0.6159420289855072,0.1654351736222559,24,0,0.2
CRCP,0.00020691791636453632,0.00018535738025530406,0.4838709677419355,0.1605980458734183,32,1,0.13
PRIM2,5.967058794571249e-05,0.00018080596200940709,0.6231884057971014,0.15856056932110527,24,0,0.09
PRIM1,3.652112370674732e-05,0.00017091619926432297,0.6679841897233202,0.15855630751303323,23,0,0.04
POLE4,0.0,0.00011635288728918613,1.0,0.1491061704375907,16,0,0.0
POLD2,6.623315352767079e-05,0.0001747132376871275,0.6640316205533597,0.165430534255655,23,0,0.27
POLA1,0.00018668674900540512,0.00019150261434491912,0.59,0.16543981324907875,25,0,0.13
POLA2,3.652112370674732e-05,0.00017091619926432297,0.6679841897233202,0.15855630751303323,23,0,0.04
POLG2,0.0,0.00011635288728918613,1.0,0.1491061704375907,16,0,0.0
POLG,0.0,0.00011635288728918613,1.0,0.1491061704375907,16,0,0.0
REV3L,1.6965826103487853e-05,0.00012359989777546034,0.8970588235294118,0.15731319291240836,17,0,0.01
POLE3,7.328261094993262e-05,0.0001342919400616383,0.7192982456140351,0.1579830589454312,19,0,0.02
CHRAC1,4.343389542604641e-05,0.00012794957539388996,0.803921568627451,0.15675304708692905,18,0,0.02
SOS2,0.0,4.9802567024255764e-05,1.0,0.17045444466662046,3,0,0.0
SOS1,0.001551799020176769,0.0002064014861874968,0.19166666666666668,0.19398511742921412,16,0,0.01
GNPNAT1,0.0,0.00011486331265793706,0.0,0.00011487650775416428,1,0,0.0
AMDHD2-2,0.0,0.00011486331265793706,0.0,0.00011487650775416428,1,0,0.0
CNIH1,0.0,3.643948906130592e-05,0.0,0.12803228260493546,1,0,0.0
GRIA1,0.00043476991825573084,0.0002446969212709872,0.12727272727272726,0.1516085176310049,11,0,0.01
ATP6V0D2,2.311807779436666e-05,0.0001332316418675724,0.8105263157894737,0.1254644481054575,20,0,0.04
TMEM199,1.2245059700060175e-07,8.003391589781077e-05,0.9636363636363636,0.11133924883495462,11,0,0.0
ATP6V1G1,0.00029359149736645824,0.00015743515055875458,0.7028985507246377,0.12827449380321823,24,0,0.3
ATP6V0D1,0.00020433830436255885,0.0001513055715387729,0.766798418972332,0.1254724539194385,23,0,0.11
ATP6V1E2,0.0,6.862349106799159e-05,0.9444444444444444,0.11101447967598331,9,0,0.02
ATP6AP2,0.00010132136381195126,0.00014160397427727907,0.8245614035087719,0.12595199037113333,19,0,0.1
ATP6AP1,0.003250109247648591,0.00017049870461491074,0.6883116883116883,0.14716446104583764,22,0,0.11
ATP6V1C2,5.106209150326797e-08,7.436777001032105e-05,0.9555555555555556,0.1110165688883904,10,0,0.01
ATP6V1C1,1.7238685219571147e-05,0.0001270902403893781,0.8713450292397661,0.1254617797278207,19,0,0.01
ATP6V0A4,2.1145826748150605e-06,0.00013237645222311892,0.8947368421052632,0.1254644481054575,20,0,0.06
ATP6V1G2,1.536421860410831e-07,9.174200712484029e-05,0.8846153846153846,0.1110249265244274,13,0,0.01
RNASEK,0.0,0.00010916932318721507,1.0,0.1254537752758794,16,0,0.0
ATP6V1E1,0.00029540716720024814,0.00016934669846786006,0.6707692307692308,0.12828007265303354,26,1,0.84
ATP6V0A1,8.512718247374175e-06,0.0001383888808359195,0.8571428571428571,0.12546711659660126,21,0,0.07
ATP6V0E1,4.7063660903443124e-05,0.00012125879373990929,0.8897058823529411,0.12545644331303887,17,0,0.21
ATP6V0C,2.8250350441472416e-05,0.00013829100136554848,0.8095238095238095,0.1282689154386258,21,0,0.13
ATP6V0A2,2.0205536738958082e-06,9.720758680832621e-05,0.978021978021978,0.12532318032381723,14,0,0.12
ATP6V1H,2.1145826748150605e-06,0.00013237645222311892,0.8947368421052632,0.1254644481054575,20,0,0.06
ATP6V1F,0.00031488072129189234,0.00018292453691796227,0.6584615384615384,0.12548046075517744,26,1,0.85
ATP6V0B,5.680751322628394e-05,0.00015052725477716238,0.7835497835497836,0.12546978520125918,22,0,0.08
CCDC115,0.0,7.364392924964452e-05,1.0,0.1110165688883904,10,0,0.0
TCIRG1,0.0,9.16111682749123e-05,1.0,0.12532051795169954,13,0,0.0
AHSA1,0.0,3.658999163961864e-05,1.0,0.17918919294743177,2,0,0.01
SPTLC2,0.0,0.00012171041496085267,1.0,0.0008168996106962793,7,0,0.0
SPTSSB,0.0,0.00012171041496085267,1.0,0.0008168996106962793,7,0,0.0
SPTLC3,0.0,0.00012171041496085267,1.0,0.0008168996106962793,7,0,0.0
SPTSSA,0.0,0.00012171041496085267,1.0,0.0008168996106962793,7,0,0.0
ORMDL3,0.0,0.00012171041496085267,1.0,0.0008168996106962793,7,0,0.0
GOLGA7,0.0,0.0001487603579247667,0.75,0.0009190120620333142,8,0,0.0
ZDHHC9,0.0,0.00012171041496085267,1.0,0.0008168996106962793,7,0,0.0
SPTLC1,0.0,0.00012171041496085267,1.0,0.0008168996106962793,7,0,0.0
RIN3,5.072160141846485e-06,4.361247985265683e-05,0.0,0.16315201540565868,2,0,0.0
BIN1,0.0004097543119081409,0.00011256350915791356,0.26666666666666666,0.17179472948402358,6,0,0.0
CD2AP,0.0026860024728809525,0.00022004983239123243,0.23529411764705882,0.19899097389179968,18,0,0.1
SLC10A1,0.0,2.974347769803348e-05,0.0,0.1659050938218185,1,0,0.0
IGHV3-16,0.03548699728221582,0.0008805343911035052,0.0480225988700565,0.2077728733806143,60,1,0.99
EIF5B,0.00036181266013310675,8.357775888459465e-05,0.5523809523809524,0.17914565948016645,15,0,0.0
EIF4E,0.002643021743106374,0.0003681440570317236,0.18095238095238095,0.18145455001606892,36,1,0.83
EIF4B,7.343924780888753e-05,9.985084072530513e-05,0.5333333333333333,0.16713189656115143,10,0,0.0
BDKRB1,1.5548683698672232e-05,7.49611317456775e-05,0.6666666666666666,0.1490910966467612,3,0,0.0
BDKRB2,5.183188875141843e-05,9.829463335321535e-05,0.3333333333333333,0.1494499245293474,4,0,0.0
KNG1,6.343744322941448e-05,0.00013824772927231157,0.06666666666666667,0.1495711820746045,6,0,0.0
VRK1,0.0,5.6263313597982394e-05,1.0,0.1613756646429326,11,0,0.01
H2AC16,0.00022639890287946655,0.00021365669286306304,0.6334841628959276,0.19174670635535188,52,1,1.0
H2AC11,0.00022639890287946655,0.00021365669286306304,0.6334841628959276,0.19174670635535188,52,1,1.0
H2BC21,0.0022554195225615043,0.00025484860892635916,0.5077922077922078,0.1974127374681213,56,1,0.96
H2AC13,0.0003200526768476676,0.00021837437287445141,0.613933236574746,0.1942725974319908,53,1,0.98
H2AC15,0.00022639890287946655,0.00021365669286306304,0.6334841628959276,0.19174670635535188,52,1,1.0
H2AC17,0.00022639890287946655,0.00021365669286306304,0.6334841628959276,0.19174670635535188,52,1,1.0
APEX1,0.0006782594526526199,0.00016799957967967191,0.1388888888888889,0.1561059414385774,9,0,0.0
XRCC1,0.0020160119441385736,0.0002736675033021902,0.12087912087912088,0.1529687641588632,14,0,0.03
POLB,0.00011683851332644013,0.0001620997957692834,0.3611111111111111,0.15028756295277695,9,0,0.0
FEN1,9.470540247978451e-05,8.462292128119562e-05,0.4,0.15914231739026655,5,0,0.0
LIG1,0.0006242261475096799,9.544725087866446e-05,0.4,0.16331462088597773,6,0,0.0
NME1,0.0002650791778576206,0.00013929638889535986,0.6545454545454545,0.15960734364238097,11,0,0.03
APEX2,0.0,3.313952358266457e-05,0.0,0.13122497266144062,1,0,0.0
ANP32A,0.00025545509823499433,8.993803200435922e-05,0.0,0.1526204962491566,4,0,0.0
ELAVL1,0.001368018880471173,0.00013769507364884152,0.03571428571428571,0.1730292852204969,8,0,0.01
ZFC3H1,6.645644286054927e-05,0.00013455340472455957,0.8823529411764706,0.13092499325348783,17,0,0.11
BCL2L2-PABPN1,0.0,5.5792092335142405e-05,1.0,0.12695765460071884,2,0,0.0
PABPN1L,0.0,5.5792092335142405e-05,1.0,0.12695765460071884,2,0,0.0
PCK2,0.0,0.00011486331265793706,0.0,0.00011487650775416428,1,0,0.0
PCK1,0.0,0.00011486331265793706,0.0,0.00011487650775416428,1,0,0.0
NFKBIA,0.0018346462441449721,0.00020781502868918837,0.26143790849673204,0.1985088474954538,18,0,0.06
RELA,0.004249481240168815,0.00033319806318094576,0.1339031339031339,0.20334668807385042,27,1,0.89
NFKBIE,0.0,7.316250877323544e-05,1.0,0.1722411580198663,5,0,0.0
NFKBIB,2.2902370725246195e-06,9.932851354008606e-05,0.8571428571428571,0.17226127671258287,7,0,0.0
USP11,0.0,2.7060040999434393e-05,0.0,0.15994488967578768,1,0,0.0
REL,4.5406207382413764e-05,0.00011064931068912227,0.6785714285714286,0.17931992038855826,8,0,0.0
PSME3,0.0,2.6260804658622376e-05,1.0,0.12834984924223583,2,0,0.0
BRMS1L,3.695802602071914e-06,6.09456339285495e-05,0.8,0.16967978545194734,6,0,0.0
ING1,0.0008162818576489645,0.00016207238941542526,0.335978835978836,0.17946721694622453,28,1,0.57
SIN3A,0.0005679301810962903,0.0002876232714986464,0.22167487684729065,0.18264559480532544,29,1,0.62
SAP30,6.614892685361533e-05,0.00014933398301291418,0.4632352941176471,0.17140039576437227,17,0,0.05
ARID4A,7.676721256684491e-07,6.087256536620494e-05,0.6,0.1535420984128683,6,0,0.0
PNN,0.0,3.380091198643244e-05,1.0,0.14495853104859074,2,0,0.0
RNPS1,0.00022776276718808864,0.00011636899757001133,0.30303030303030304,0.15595324435632635,12,0,0.0
SAP18,0.0006134069038593394,0.00012681920669795188,0.48717948717948717,0.17206030103609163,13,0,0.0
AURKA,0.004596544094808017,0.00019704955309888652,0.0,0.1913983135207294,9,0,0.01
TACC3,0.0001288291751472601,9.814079883146546e-05,0.0,0.15852648127008495,4,0,0.0
INCENP,0.0008122160844345109,0.0002244322432404386,0.10714285714285714,0.15738034364971856,8,0,0.0
PHLDA1,0.0,3.566051102811161e-05,0.0,0.15529635710583903,1,0,0.0
NEDD9,0.0001561006095835937,7.17619588471748e-05,0.0,0.15539453719567992,2,0,0.0
TPX2,0.0002592289589158166,6.040874955902983e-05,0.3333333333333333,0.16035793679893445,3,0,0.0
MYCN,1.9681124965804818e-05,5.991624631882009e-05,0.0,0.16340509739404452,3,0,0.0
PROCR,1.142297402819707e-05,6.053105102147019e-05,0.0,0.13616525681560376,2,0,0.0
PROC,0.0002507170963932453,0.0001018939955603333,0.2,0.1631384795636726,5,0,0.0
THBD,2.1228130315475464e-06,6.2249597315955e-05,0.0,0.1294681639237644,2,0,0.0
MYBL2,8.707972287973677e-06,7.982431509509483e-05,0.6666666666666666,0.1600881277924069,6,0,0.0
FOXM1,0.000256024882335598,6.392031386636001e-05,0.16666666666666666,0.18328116016349968,4,0,0.0
LIN37,7.744216479500995e-07,8.649896152787915e-05,0.7619047619047619,0.15718743960730105,7,0,0.0
LIN52,3.4049514891721096e-08,7.6559144170022e-05,0.8666666666666667,0.1553658885149043,6,0,0.0
LIN9,7.744216479500995e-07,8.649896152787915e-05,0.7619047619047619,0.15718743960730105,7,0,0.0
LIN54,7.403721330583784e-07,7.631390526676872e-05,0.8,0.15718325129289637,6,0,0.0
SALL4,2.5185619986012426e-05,6.297639382763843e-05,0.5,0.16767821895404908,4,0,0.0
SOX2,0.0006260100104827568,0.00014288925921265662,0.16666666666666666,0.17975158208978004,9,0,0.0
NANOG,0.0009514794820342071,0.00013038465953175117,0.2222222222222222,0.18437529054609786,9,0,0.0
POU5F1,0.0006032006544029894,0.00014428069941434563,0.16666666666666666,0.18541843221821155,9,0,0.05
CSTF1,0.0013702852302880607,6.282888251140582e-05,0.4,0.17390152175645307,5,0,0.0
BARD1,0.0029193696810767317,0.00039402969985681454,0.36358024691358026,0.19796259676574385,81,1,0.98
CSTF2T,5.8464330239581405e-06,6.082317301814721e-05,0.8333333333333334,0.14489088325938007,4,0,0.0
BRCA1,0.019727511858317708,0.0006321403661505802,0.1966893865628043,0.21139894001155352,79,1,1.0
CSTF3,0.0011903507204905571,0.00013077081414697845,0.5777777777777777,0.14868150572190747,10,0,0.01
CSTF2,0.00024385081572687048,0.00014823763367715804,0.5909090909090909,0.14883906295156688,12,0,0.02
TUBB1,0.0,0.00011545273846923874,0.25,0.15432941139133532,9,0,0.0
TUBA3D,3.2225355624657466e-05,0.00014820447366539153,0.16666666666666666,0.16420106388193512,12,0,0.0
TUBAL3,3.2225355624657466e-05,0.00014820447366539153,0.16666666666666666,0.16420106388193512,12,0,0.0
GJA1,0.004169177996716728,0.00034918569354236293,0.2621082621082621,0.1845829788485998,27,1,0.79
TUBA4A,3.2225355624657466e-05,0.00014820447366539153,0.16666666666666666,0.16420106388193512,12,0,0.0
TUBA8,3.2225355624657466e-05,0.00014820447366539153,0.16666666666666666,0.16420106388193512,12,0,0.0
TUBA1B,0.0020418754822886177,0.00042248521286483297,0.11724137931034483,0.1726343221158995,30,1,0.66
TUBA1C,3.2225355624657466e-05,0.00014820447366539153,0.16666666666666666,0.16420106388193512,12,0,0.0
TUBA3E,3.2225355624657466e-05,0.00014820447366539153,0.16666666666666666,0.16420106388193512,12,0,0.0
BIRC7,0.0,4.9474258848365696e-05,1.0,0.1809203036564559,5,0,0.0
EEF1A2,0.00011488444738621975,7.227949693144602e-05,0.5,0.15935296526168727,5,0,0.0
EEF1B2,5.285531502818223e-05,7.875041071020261e-05,0.5,0.14328258776863328,4,0,0.0
EEF1A1,0.0014811300086275464,0.00015553211399097194,0.225,0.17345155604299917,16,0,0.0
RAN,0.004513774971630126,0.000269523860220868,0.05138339920948617,0.1769372351836353,23,0,0.01
OGT,0.000290695915748308,0.0001433046917267872,0.3076923076923077,0.16965538583941792,13,0,0.01
RSPO4,0.0,4.1713021672616743e-05,0.0,0.10898201372688211,1,0,0.0
LGR4,0.00022250306372549153,0.0002289694455294744,0.32142857142857145,0.12560870924585643,8,0,0.0
PROKR2,0.0,0.00011486331265793706,0.0,0.0002584721424468696,2,0,0.0
PROK2,0.0,0.00011486331265793706,0.0,0.0002584721424468696,2,0,0.0
PROK1,0.0,0.00011486331265793706,0.0,0.0002584721424468696,2,0,0.0
SNTA1,8.883706420166825e-05,9.478080735035386e-05,0.4,0.15691566263293083,5,0,0.0
SNTG2,0.0,4.901713818631128e-05,1.0,0.14250380280757563,2,0,0.0
NOS1,0.000707990502892932,0.00019104056497566642,0.37362637362637363,0.1706270043392937,14,0,0.0
DMD,0.002184721311927702,0.00025603018422404604,0.1978021978021978,0.17012508784491423,14,0,0.0
DAG1,0.0009966138383246835,0.00030407088143411817,0.17647058823529413,0.1601446253942448,17,0,0.0
CAV3,0.001433993703687917,0.00020201069856171084,0.2727272727272727,0.17934717928439745,12,0,0.02
OXT,1.1488970588235294e-07,6.714379968909336e-05,0.0,0.12508932379868956,2,0,0.0
OXTR,6.580623214247466e-05,6.228874240269677e-05,0.0,0.14465993332407368,2,0,0.0
AVPR1A,2.9667113445760695e-05,0.00011090812540623816,0.5,0.13762977511600955,4,0,0.0
CHMP4B,0.00011457148295800838,0.00019422331020390208,0.7015384615384616,0.15642052928757727,26,1,0.68
TSG101,0.005125776795282741,0.0002803043557244279,0.45075757575757575,0.18945586989826899,33,1,0.95
VPS28,0.0,0.00014647429036648014,1.0,0.15530453404123842,21,0,0.0
CHMP2B,4.9997435327165445e-05,0.00017082677349637742,0.8152173913043478,0.1559120261397188,24,0,0.05
VPS37D,0.0,0.00014647429036648014,1.0,0.15530453404123842,21,0,0.0
MVB12A,3.5613803571486967e-06,0.00015487956281438946,0.9264069264069265,0.15542729148501874,22,0,0.06
CHMP1B,0.0006485502874024175,0.00022797761294294326,0.5862068965517241,0.15603161903939483,30,1,0.69
CHMP6,0.0004279835110605279,0.00018756455566178076,0.7230769230769231,0.15601098648636413,26,1,0.71
UBAP1,2.341948530971171e-06,0.00015704265858912543,0.9177489177489178,0.15568982372716814,22,0,0.18
VPS37A,0.0,0.00014647429036648016,1.0,0.15530453404123842,21,0,0.0
CHMP4C,1.612481296583661e-06,5.807441831681119e-05,0.8,0.13991810965163068,6,0,0.0
MVB12B,3.5613803571486967e-06,0.00015487956281438946,0.9264069264069265,0.15542729148501874,22,0,0.06
CHMP7,0.00010940209649581306,0.00018155440499184277,0.8007246376811594,0.15590790551635703,24,0,0.09
VPS37B,0.0,0.00014647429036648016,1.0,0.15530453404123842,21,0,0.0
CHMP4A,0.00026026064457245396,0.00018862604691546008,0.7169230769230769,0.15642052928757727,26,1,0.48
STAM,0.0015228398333850285,0.00018829391698382077,0.6609686609686609,0.18305934588122266,27,1,0.96
PTPN23,7.462725027761432e-05,7.556748032203914e-05,0.26666666666666666,0.1545760925771664,6,0,0.0
VPS37C,0.0,0.00014647429036648016,1.0,0.15530453404123842,21,0,0.0
HGS,0.0004892103214803136,0.00019665091272979993,0.7681159420289855,0.16207174627788343,24,0,0.28
VPS25,0.0,0.00014647429036648016,1.0,0.15530453404123842,21,0,0.0
CHMP2A,0.00046040048634556703,0.00020424704398556954,0.6534391534391535,0.1560233653633368,28,1,0.86
CHMP3,0.0004321222522237385,0.00019821620580970083,0.6780626780626781,0.156019238852748,27,1,0.82
BROX,5.986845221180259e-08,3.1791575330580975e-05,0.0,0.13153512801066716,2,0,0.0
SNF8,0.0,0.00014647429036648016,1.0,0.15530453404123842,21,0,0.0
VPS36,0.0014762662117371154,0.00017016527895657882,0.7466666666666667,0.18304798526150123,25,0,0.25
PDCD6IP,0.0002841791656685965,7.963917167106987e-05,0.4642857142857143,0.15780555938746993,8,0,0.0
LBP,0.0,3.2723841170701024e-05,0.0,0.14596643294458359,1,0,0.0
APOA1,0.0011711512814748264,0.0004186253243097545,0.1225296442687747,0.17742149902320073,23,0,0.62
SLC32A1,0.0,0.00011486331265793704,1.0,0.0006892590465249856,6,0,0.0
SLC18A3,0.0,0.00011486331265793704,1.0,0.0006892590465249856,6,0,0.0
SLC17A7,0.0,0.00011486331265793704,1.0,0.0006892590465249856,6,0,0.0
SLC17A8,0.0,0.00011486331265793704,1.0,0.0006892590465249856,6,0,0.0
SLC18A2,0.0,0.00011486331265793704,1.0,0.0006892590465249856,6,0,0.0
SLC18A1,0.0,0.00011486331265793704,1.0,0.0006892590465249856,6,0,0.0
SLC17A6,0.0,0.00011486331265793704,1.0,0.0006892590465249856,6,0,0.0
AHCY,0.0,0.00011486331265793706,1.0,0.00022975301550832856,2,0,0.0
AHCYL2,0.0,0.00011486331265793706,1.0,0.00022975301550832856,2,0,0.0
AHCYL1,0.0,0.00011486331265793706,1.0,0.00022975301550832856,2,0,0.0
PIGU,0.0,0.00011486331265793706,1.0,0.0004595060310166571,4,0,0.0
GPAA1,0.0,0.00011486331265793706,1.0,0.0004595060310166571,4,0,0.0
PIGT,0.0,0.00011486331265793706,1.0,0.0004595060310166571,4,0,0.0
PIGK,0.0,0.00011486331265793706,1.0,0.0004595060310166571,4,0,0.0
PIGS,0.0,0.00011486331265793706,1.0,0.0004595060310166571,4,0,0.0
ACOT8,0.0,0.00011486331265793706,0.0,0.00011487650775416428,1,0,0.0
SLC27A5,0.0,0.00011486331265793706,0.0,0.00011487650775416428,1,0,0.0
TXNL1,0.0,2.1241841150239626e-05,0.0,0.15133626015963061,1,0,0.0
RNF125,0.0,4.316262043696567e-05,1.0,0.14932130362533289,2,0,0.0
UFD1,0.0002604051544826972,0.0001383430320704999,0.35714285714285715,0.16065490402849755,8,0,0.0
NPLOC4,0.0030653418077036636,0.00013143669345092667,0.35555555555555557,0.1818797379608559,10,0,0.02
IDH3G,0.0,0.00011486331265793706,1.0,0.0004595060310166571,4,0,0.0
IDH3B,0.0,0.00011486331265793706,1.0,0.0004595060310166571,4,0,0.0
IDH2,0.0,0.00011486331265793706,1.0,0.0004595060310166571,4,0,0.0
IDH3A,0.0,0.00011486331265793706,1.0,0.0004595060310166571,4,0,0.0
IDH1,0.0,0.00011486331265793706,1.0,0.0004595060310166571,4,0,0.0
CDK4,0.0037820292305439985,0.00025794783542543745,0.1976284584980237,0.19295088545521868,23,0,0.01
MDM2,0.010412546076907371,0.0003192038333852767,0.10887096774193548,0.21199911669023216,32,1,0.77
PGRMC1,0.0003814338235294118,0.00012391086503998094,0.0,0.13175840750965784,3,0,0.01
FECH,0.0001907169117647059,0.00013569441914206682,0.3333333333333333,0.11359034565733543,3,0,0.0
INSIG1,0.0005857707682735475,0.00016548828341233842,0.26666666666666666,0.15682805851448625,6,0,0.0
TMEM97,0.0,5.2636476372112156e-05,0.0,0.1135815973395152,1,0,0.0
NXT2,2.438578882227151e-07,6.96499403106098e-05,0.4,0.13083207480809955,5,0,0.0
NXT1,9.560231377057563e-05,9.42393222276795e-05,0.26666666666666666,0.1308349765130944,6,0,0.0
NXF1,0.0008203478513177747,0.00017966329382998936,0.08571428571428572,0.15551743701946644,15,0,0.0
NXF3,0.00010192718558462812,0.0001011389418711005,0.2222222222222222,0.14606763286838015,9,0,0.0
NXF2B,0.00010192718558462812,0.0001011389418711005,0.2222222222222222,0.14606763286838015,9,0,0.0
NXF5,0.00010192718558462812,0.0001011389418711005,0.2222222222222222,0.14606763286838015,9,0,0.0
GUCY2F,0.0,0.00011486331265793706,0.0,0.00011487650775416428,1,0,0.0
GUCY2D,0.0,0.00011486331265793706,0.0,0.00011487650775416428,1,0,0.0
ATP1B4,0.0008582261029411765,0.0001153351575995642,0.8,0.14091411081438027,10,0,0.08
ATP1A2,0.0,0.00011101474881493782,1.0,0.12034042066549165,9,0,0.0
FXYD2,0.0,0.00011101474881493782,1.0,0.12034042066549165,9,0,0.0
ATP1B2,0.0,0.00011101474881493782,1.0,0.12034042066549165,9,0,0.0
ATP1A3,0.0,0.00011101474881493782,1.0,0.12034042066549165,9,0,0.0
ATP1B1,0.0,0.00011101474881493782,1.0,0.12034042066549165,9,0,0.0
ATP1A1,0.0,0.00011101474881493782,1.0,0.12034042066549165,9,0,0.0
ATP1A4,0.0,0.00011101474881493782,1.0,0.12034042066549165,9,0,0.0
FXYD1,0.0,0.00011101474881493782,1.0,0.12034042066549165,9,0,0.0
ATP1B3,0.0,0.00011101474881493782,1.0,0.12034042066549165,9,0,0.0
STAG2,0.0002958611703718642,0.00015036355957648312,0.6153846153846154,0.1382425811075741,13,0,0.03
SMC1A,3.366450746965453e-07,0.00015197142288476988,0.6666666666666666,0.12541643466753977,13,0,0.02
SMC3,0.0023008875520182277,0.00018081232997080836,0.49166666666666664,0.14790611325399664,16,0,0.08
REC8,0.0,9.810820248467992e-05,0.9285714285714286,0.12540043835343737,8,0,0.02
RAD21,0.0003142457968602716,0.00016163557557838205,0.5934065934065934,0.13824582083903356,14,0,0.07
WAPL,0.0,0.00011016289449707983,0.8611111111111112,0.1254057700047279,9,0,0.0
PDS5B,0.0,9.988279211182274e-05,0.8928571428571429,0.12540310412241237,8,0,0.01
RAD21L1,0.0,7.763979683288312e-05,1.0,0.12539510715548,6,0,0.0
CTCF,0.0011172818738900247,6.546165663780178e-05,0.26666666666666666,0.1642559286356964,6,0,0.0
PDS5A,5.043736633247895e-05,0.0001263998714473862,0.7111111111111111,0.1254084360003912,10,0,0.01
STAG1,2.3324433940242764e-07,0.00013021427441628578,0.7454545454545455,0.12541110210940942,11,0,0.02
SMC1B,7.878151260504201e-08,0.00010883951973920281,0.8888888888888888,0.12540310412241237,9,0,0.0
STAG3,7.878151260504201e-08,0.00010883951973920281,0.8888888888888888,0.12540310412241237,9,0,0.0
SGO2,0.0,8.709966601200939e-05,1.0,0.12539777269779565,7,0,0.23
F9,0.0009367213637116868,0.00010203034570782829,0.0,0.16297622447293625,4,0,0.01
F7,0.0007615594636253634,0.00010847398177934776,0.0,0.13612126868547433,3,0,0.0
SERPINC1,4.946512153237586e-06,7.911808700110353e-05,0.3333333333333333,0.139165524570582,3,0,0.0
F8,0.0010915773769243566,8.667168898251362e-05,0.16666666666666666,0.16890246295087902,4,0,0.0
ABCD1,0.0,0.00011486331265793706,1.0,0.00022975301550832856,2,0,0.0
ABCD2,0.0,0.00011486331265793706,1.0,0.00022975301550832856,2,0,0.0
ABCD3,0.0,0.00011486331265793706,1.0,0.00022975301550832856,2,0,0.0
GPR50,0.0,6.206980552405893e-05,1.0,0.12642436769512871,2,0,0.0
MTNR1A,7.438113080526105e-05,0.00010156823746428981,0.5,0.1493553287850318,4,0,0.0
MTNR1B,2.4216985001038724e-05,8.256239521748054e-05,0.6666666666666666,0.14446508843175787,3,0,0.0
RP2,0.0,6.718370039074961e-05,0.0,0.07929946795298294,1,0,0.0
ARL3,0.002026424632352941,0.0001626821997016407,0.0,0.08775139339564747,3,0,0.0
TIMP1,0.0001247911900015649,0.00014282615732384327,0.2857142857142857,0.1562465215474083,7,0,0.0
CD63,0.0016459144164999383,0.0001916022274892091,0.10606060606060606,0.18625560182566306,12,0,0.0
MMP3,5.823323608928522e-06,8.440468870533193e-05,0.5,0.1480768969582409,4,0,0.0
MMP10,5.926180615638098e-07,5.439715951905415e-05,0.0,0.13133014428564052,2,0,0.0
MMP1,2.2754241355208476e-05,0.00010719871590647913,0.5,0.14975723949690034,5,0,0.0
MMP2,0.00020595368337770478,0.00016728459360877145,0.25,0.16264371163557764,8,0,0.0
MMP14,6.669901139607402e-05,0.00010098080130143902,0.2,0.15715393934044813,5,0,0.0
GLA,0.0,0.00011486331265793706,0.0,0.00011487650775416428,1,0,0.0
A4GALT,0.0,0.00011486331265793706,0.0,0.00011487650775416428,1,0,0.0
ATP12A,0.0,0.00011486331265793706,1.0,0.00022975301550832856,2,0,0.0
ATP4B,0.0,0.00011486331265793706,1.0,0.00022975301550832856,2,0,0.0
ATP4A,0.0,0.00011486331265793706,1.0,0.00022975301550832856,2,0,0.0
MLNR,0.0,0.00011486331265793706,0.0,0.00011487650775416428,1,0,0.0
MLN,0.0,0.00011486331265793706,0.0,0.00011487650775416428,1,0,0.0
ACP5,0.0,4.6828478489246997e-05,0.0,0.12603810403004875,1,0,0.0
SGCG,0.0,7.908125563487755e-05,1.0,0.13526294187430984,4,0,0.0
SGCB,3.321653768956074e-05,0.0001262956962245936,0.7142857142857143,0.15395081739710842,7,0,0.01
SGCA,1.3403799019607843e-07,9.659906185725959e-05,0.8,0.1352691451736391,5,0,0.0
SGCD,0.00025789450710728053,0.00015662167375735635,0.5,0.15688645038755356,9,0,0.01
NTHL1,0.0,3.414521269108681e-05,0.0,0.12900101513311907,1,0,0.0
IBSP,0.0,3.505351625226178e-05,0.0,0.13581414575854497,1,0,0.0
TIMP2,1.4682704082427062e-05,9.299823090422237e-05,0.3333333333333333,0.14044777441603734,4,0,0.0
A2M,0.0006717248219258005,0.00017579763791521083,0.027777777777777776,0.1699437491651994,9,0,0.0
LRWD1,0.0,6.07850980420565e-05,1.0,0.12672855315951795,6,0,0.0
NUTF2,4.41378099040284e-06,3.362186177157551e-05,0.0,0.14694451167075354,2,0,0.0
NUP62,0.0003721954846480003,0.00015828738008793745,0.8142857142857143,0.1588551883943019,21,0,0.04
CBLN1,0.0,5.088647625180984e-05,1.0,0.13291621425403094,2,0,0.0
NRXN1,0.00022105210446644313,0.00019604153977266785,0.3111111111111111,0.15850092484879363,10,0,0.0
NRXN2,0.00022061000025751023,0.00019604153977266785,0.3111111111111111,0.15850092484879363,10,0,0.0
ARL2BP,0.0,7.550989531473382e-05,0.0,0.06649556350770341,1,0,0.0
ARL2,9.535845588235295e-05,0.0001255253840625612,0.0,0.07233794922098861,2,0,0.0
CCL22,0.00019651208476469738,0.00015091160092791829,0.32727272727272727,0.15180749430048124,11,0,0.0
CCR10,2.881533548163566e-05,7.764076042099732e-05,0.3333333333333333,0.12871672312944363,4,0,0.0
CCR3,0.00032409636773970973,0.00029732573081228236,0.27705627705627706,0.15863732106229228,22,0,0.0
CCR7,0.0001230222785982085,0.00015189864722649213,0.15151515151515152,0.1514411578318076,12,0,0.0
CCR8,0.00011066821168215746,0.0001085364177088927,0.047619047619047616,0.14249691823330599,7,0,0.0
CCR4,0.0,4.0843638506083145e-05,1.0,0.1286802220845582,2,0,0.0
CCL17,5.1285403591994285e-05,0.00014153635340525333,0.26666666666666666,0.1443908315022005,10,0,0.01
CCL5,8.654732347512253e-05,0.00021597114878245974,0.2875816993464052,0.15298066494702942,18,0,0.0
ACKR4,3.5319100001207105e-06,0.00011068246688550595,0.35714285714285715,0.13558003725631812,8,0,0.0
CCR6,0.0001003810297227925,0.00017632800366348302,0.18681318681318682,0.15958575466041935,14,0,0.0
MED31,8.475734722987394e-05,0.000160409876616615,0.7049941927990708,0.16915431040380804,42,1,0.91
NELFB,0.0007364671721331318,0.000197548604410649,0.6575052854122622,0.17700094278151707,44,1,0.97
ERCC2,0.0006353729009450456,0.00023928043619126908,0.5355587808417998,0.17334961566330886,53,1,0.92
H2BC11,0.0015739122642969964,0.0003098864702799106,0.40216216216216216,0.2012378870513202,75,1,0.99
MED6,0.00018556816394784653,0.00017345880418232864,0.6575757575757576,0.17174471355020382,45,1,0.84
POLR2D,0.0004338516786095248,0.0002142878808224665,0.5,0.17904235222236253,52,1,0.95
MNAT1,0.0013279577656575348,0.00018128556880927225,0.6050420168067226,0.17484994430678763,35,1,0.7
INTS5,0.001499029580825694,0.00018499991098259357,0.41,0.1592368250559413,25,0,0.01
NELFA,2.7485190741640576e-05,0.00017751364406149778,0.7224157955865272,0.17229146356559483,42,1,0.99
GTF2H2,8.464617726284319e-05,0.00020658461855548667,0.6139455782312925,0.17190486714717335,49,1,0.98
INTS6,0.001594388036708047,0.00020493211639806941,0.37846153846153846,0.15924112352604672,26,1,0.01
GTF2A1,8.11201411449936e-05,0.00018415484559278374,0.6933797909407665,0.16917371439697165,42,1,0.99
MED20,2.9059327791261888e-05,0.00012825002235053608,0.9109848484848485,0.1685694362343878,33,1,0.34
POLR2G,0.0003923342515962924,0.00020844849482937528,0.5231372549019608,0.17964210430057864,51,1,0.95
POLR2M,0.0,3.827145254846406e-05,1.0,0.15422450773914773,6,0,0.0
MED17,9.894321808601662e-05,0.00016908263875322127,0.6765327695560254,0.1701888933420576,44,1,0.94
POLR2I,0.00015572637219394932,0.00018948665988272149,0.5689176688251619,0.17915110000675416,47,1,0.46
GTF2F1,6.816354376157307e-05,0.0001916869959747828,0.6858585858585858,0.17118651831173537,45,1,0.97
MED26,9.235513024083105e-05,0.00017116341958713885,0.6490486257928119,0.17262927019262556,44,1,0.87
MED14,0.00011769462806804004,0.00017687906977250305,0.6463768115942029,0.1710624161525997,46,1,0.77
SUPT4H1,3.699272684202955e-05,0.00019597227969685637,0.6438482886216467,0.172377050465268,47,1,0.98
GTF2H3,0.00016271722368610885,0.00021335717677993182,0.5918367346938775,0.17213561193529037,50,1,0.85
GTF2E1,4.379212152945002e-05,0.00018598840081630427,0.702020202020202,0.17118651831173537,45,1,0.98
MED18,6.93124941659912e-05,0.00015203253087428902,0.7449392712550608,0.17102274145543736,39,1,0.5
POLR2J,0.0005836546508579792,0.0002250530777961551,0.5097517730496454,0.1814712960599994,48,1,0.98
SUPT5H,0.00013650034541641786,0.00020923095797310793,0.6170212765957447,0.1723921628633917,48,1,0.97
GTF2H4,9.399120771227276e-05,0.0002098318282863286,0.6016326530612245,0.17202517849709556,50,1,0.91
MED22,2.277303820377135e-05,0.00013690635382433965,0.8588235294117647,0.1667680835954655,35,1,0.86
CCNH,0.0005962924798830402,0.00018431395814424352,0.6221033868092691,0.17374786230626768,34,1,0.88
GTF2A2,0.0001042277274399254,0.00019350997751817377,0.6633444075304541,0.16917856609086582,43,1,0.87
TCEA1,6.042600651850494e-05,0.00017294112783845992,0.6608594657375145,0.16842986012512567,42,1,0.78
MED10,9.108391678274866e-05,0.0001643699234283719,0.6888150609080842,0.1691688629813427,43,1,0.98
GTF2H1,0.00011152006154843653,0.000152109140692809,0.6571969696969697,0.16844909825877788,33,1,0.75
GTF2E2,3.6518327554712586e-05,0.00018274057076537098,0.718816067653277,0.1710673767840854,44,1,0.91
GTF2F2,1.9170658614197696e-05,0.00013306412109089335,0.8258064516129032,0.17101282565654158,31,1,0.75
NELFCD,2.218683756747069e-05,0.00016648162453897407,0.7921727395411606,0.17226630712014954,39,1,0.87
H2AC8,0.0013384799692522664,0.00034360383222374125,0.3990596532471349,0.2026342202879363,83,1,0.98
ERCC6,0.0026202396650397185,0.0002484106822403998,0.46734006734006733,0.19045287728489704,55,1,0.98
ERCC3,0.00016271722368610885,0.00021335717677993182,0.5918367346938775,0.17213561193529037,50,1,0.85
MED21,0.00014164140040594876,0.00018752803375325162,0.6045918367346939,0.1711616834766401,49,1,0.85
MED7,0.00011868181637074997,0.00016422735655085473,0.6843853820598007,0.1696895472621793,43,1,0.96
MAGI1,0.000128982311100652,0.00019020389832348383,0.2948717948717949,0.16673037565423252,13,0,0.02
MPP5,0.0002128890615156875,0.00020063519655639988,0.23636363636363636,0.1534183095634028,11,0,0.0
PARD6B,5.5859133010585885e-05,0.00015196678380502453,0.7111111111111111,0.16702778812566965,10,0,0.08
CDC42,0.009362185237475193,0.0008076457360445496,0.05697278911564626,0.19913875775655407,49,1,1.0
PARD3,0.00010112176521135364,0.0001840046654379207,0.3974358974358974,0.16947504657039764,13,0,0.01
PARD6G,5.5859133010585885e-05,0.00015196678380502453,0.7111111111111111,0.16702778812566965,10,0,0.08
PRKCI,5.877578386114763e-05,0.0001623721115630172,0.6,0.17058753133288224,11,0,0.13
PRKCZ,0.0006738314646227591,0.0001886758387951141,0.4230769230769231,0.18117590359405408,13,0,0.13
PTEN,0.001350423070324061,0.000284878224134282,0.18333333333333332,0.17421480231010308,16,0,0.03
CRB3,1.758682250062035e-05,8.716657709064353e-05,0.7,0.14306367126697386,5,0,0.02
NME3,0.0,0.00011074985997957356,1.0,0.15504737353858125,9,0,0.0
NME4,0.0,0.00011074985997957356,1.0,0.15504737353858125,9,0,0.0
PKM,0.0024620891634402633,0.0001578958785221,0.48717948717948717,0.18764791236512393,13,0,0.07
NME7,0.000307348419807331,0.0001606418736700022,0.5054945054945055,0.15978892196279326,14,0,0.02
NME1-NME2,0.0,0.00011074985997957356,1.0,0.15504737353858125,9,0,0.0
AK9,0.0,0.00011074985997957356,1.0,0.15504737353858125,9,0,0.0
NME2,0.0,0.00011074985997957356,1.0,0.15504737353858125,9,0,0.0
PKLR,0.0,0.00011074985997957356,1.0,0.15504737353858125,9,0,0.0
NME6,0.0,0.00011074985997957356,1.0,0.15504737353858125,9,0,0.0
SETD6,0.0,2.7746160916492823e-05,0.0,0.1630708340296448,1,0,0.0
SMPD3,0.0,0.00011486331265793704,1.0,0.0006892590465249856,6,0,0.0
SMPD2,0.0,0.00011486331265793704,1.0,0.0006892590465249856,6,0,0.0
ENPP7,0.0,0.00011486331265793704,1.0,0.0006892590465249856,6,0,0.0
SGMS1,0.0,0.00011486331265793704,1.0,0.0006892590465249856,6,0,0.0
SMPD1,0.0,0.00011486331265793704,1.0,0.0006892590465249856,6,0,0.0
SGMS2,0.0,0.00011486331265793704,1.0,0.0006892590465249856,6,0,0.0
SMPD4,0.0,0.00011486331265793704,1.0,0.0006892590465249856,6,0,0.0
PLA2G15,0.0,0.00010654372333914078,1.0,0.00047865211564235115,4,0,0.0
LYPLA1,0.0,0.00010654372333914078,1.0,0.00047865211564235115,4,0,0.0
PNPLA7,0.0,0.00013072944624209615,0.8,0.0005743825387708214,5,0,0.0
PNPLA6,0.0,0.00013072944624209615,0.8,0.0005743825387708214,5,0,0.0
PLB1,0.0,0.00013072944624209615,0.8,0.0005743825387708214,5,0,0.0
TSC2,0.00018355201071952856,6.932789625538548e-05,0.3333333333333333,0.1481252334217803,4,0,0.0
TBC1D7,7.301417958094525e-05,5.173033778801575e-05,0.3333333333333333,0.16191604921423985,3,0,0.0
RHEB,0.0008666922246470517,0.00013617388791286274,0.16666666666666666,0.16176065100971815,9,0,0.0
USP6,0.0,3.9648574878841576e-05,1.0,0.1406419850520313,2,0,0.0
STUB1,0.0006946760958645176,0.0001347709116734624,0.2545454545454545,0.19277433485907,11,0,0.02
UBE2N,0.0013782920986087387,0.0002878733589550879,0.21,0.1930455992218863,25,0,0.02
BAG3,0.00010760135571525767,8.616960895095873e-05,0.4666666666666667,0.17880357119975754,6,0,0.0
HSPB8,4.113841045790122e-05,7.85871517715786e-05,0.6,0.17407599802356,5,0,0.0
UBE2V1,0.00021615252630900826,0.00012904378599554718,0.42424242424242425,0.19160968658922276,12,0,0.03
SMAD3,0.005423254338243263,0.0004999456596640137,0.08084163898117387,0.20717452486557567,43,1,1.0
BAG2,0.0005267306602471892,0.00010271260435697526,0.6666666666666666,0.17341076550715506,7,0,0.0
MEFV,4.565438355674293e-05,0.00010623081747391152,0.7142857142857143,0.15727544579882696,7,0,0.0
CASP1,0.0005586962607562484,0.0002390082402839118,0.40441176470588236,0.16298072720050838,17,0,0.01
AIM2,1.6592516963918565e-06,0.00016883562136541167,0.7051282051282052,0.15662402880794393,13,0,0.04
PYCARD,0.0001684715025596154,0.00019067750684191446,0.5824175824175825,0.1626616506100039,14,0,0.06
NLRP1,0.000351663865008886,0.00024937844348870444,0.3684210526315789,0.16659853204050948,19,0,0.24
PSTPIP1,0.00014305727942607555,9.51926219607038e-05,0.0,0.15874404405216225,4,0,0.0
NLRC4,0.00017925779706078382,0.00016242531569774546,0.5303030303030303,0.16052812183036905,12,0,0.02
NLRP3,0.006344894052563851,0.0002660389964522019,0.32105263157894737,0.18740350152558616,20,0,0.19
MGA,0.0,0.00013042393501365416,1.0,0.18186852327729686,26,1,0.8
MCRS1,0.00014254439920141374,0.00022649544377011295,0.5252525252525253,0.1852961245452444,45,1,0.94
TEX10,2.3839613970588237e-05,0.0001383720418891444,0.9344729344729344,0.18187413044619705,27,1,1.0
HCFC1,0.0007059985280541838,0.00027984497443529055,0.4560975609756098,0.18408186422712355,41,1,0.96
TAF6,0.0005637439808592531,0.0002895827952898538,0.42843822843822843,0.18762403934424482,66,1,0.88
KANSL1,7.127725222311736e-06,0.00014338226202504907,0.8888888888888888,0.1818797379608559,28,1,1.0
TAF4,0.0012574387100667216,0.00031661026922234943,0.39508340649692714,0.1909893295244731,68,1,0.95
LAS1L,0.00011919806985294117,0.0001508018083472507,0.8703703703703703,0.1818797379608559,28,1,0.94
PHF20,0.0003533648427504461,0.00016229942630054654,0.7862068965517242,0.19185895928130878,30,1,0.94
CHD8,0.0003138368875490198,0.0001585301052030914,0.8650793650793651,0.19142315673240098,28,1,0.91
KAT8,0.0008436108965830036,0.00024172674076513632,0.4927536231884058,0.19190889166929312,46,1,0.97
TAF1,0.0007152315094721985,0.0002663168227115892,0.4424313267095266,0.1867390763223299,59,1,0.94
MAX,0.00024245050404590556,0.00018903309395566748,0.7517241379310344,0.184381053354454,30,1,0.98
SENP3,2.3839613970588237e-05,0.0001383720418891444,0.9344729344729344,0.18187413044619705,27,1,1.0
PELP1,2.3839613970588237e-05,0.0001383720418891444,0.9344729344729344,0.18187413044619705,27,1,1.0
KMT2A,0.0006407798615364374,0.00030830141155629087,0.33125,0.19089044497370486,65,1,0.77
TAF9,0.0007245256679864687,0.00030335873595247625,0.4020703933747412,0.18977890300548195,70,1,0.96
RBBP5,0.003374931395236696,0.00034990693021763185,0.3016734509271823,0.2022035861048331,67,1,0.99
TAF7,0.0004471695606910421,0.00028741979859506466,0.42932692307692305,0.18639684722644087,65,1,0.99
INO80C,0.00011562657270449866,0.00021093329204169517,0.5614617940199336,0.18520886066441872,43,1,0.92
CSK,0.00017700681971589283,9.238838913347824e-05,0.16666666666666666,0.17984474317924456,4,0,0.0
PAG1,0.0,3.713730498882923e-05,0.0,0.14760264777616977,1,0,0.0
PTPN22,1.3764796376376832e-05,8.066790031502531e-05,0.0,0.15146837726653317,3,0,0.0
CTSH,0.0,4.881445776461549e-05,0.0,0.11815425363074891,1,0,0.0
CSTA,0.0001907169117647059,0.0001442520799870191,0.16666666666666666,0.13795162576639075,4,0,0.01
GABPB1,0.0002610583484991665,0.00015491620823854496,0.10714285714285714,0.1517098914983644,8,0,0.0
GABPA,0.0,3.374620482081196e-05,0.0,0.12810457167413844,1,0,0.0
TUBB3,3.6926804043680206e-05,0.0001648427358761098,0.18181818181818182,0.15536998053683104,12,0,0.0
CTSB,0.000486365267468922,0.00016161371648618403,0.13333333333333333,0.16198718787990227,6,0,0.0
TUBB2B,0.0018764585356301458,0.00047530304926813753,0.07661290322580645,0.1673737387153469,32,1,0.68
CASP2,0.0002109471292204329,0.00010687558594366236,0.16666666666666666,0.14387667181342897,4,0,0.0
TP63,8.042401744762947e-05,6.06085916459232e-05,0.0,0.15308785542695802,3,0,0.0
TUBB2A,0.0010840669225087637,0.00022219905227140432,0.16842105263157894,0.16649978608587077,20,0,0.0
VPS18,0.0,0.00014306712871727258,0.75,0.12297964103198801,8,0,0.0
VPS16,0.0008605528521013126,0.00017243388802007855,0.4666666666666667,0.1445465051339688,10,0,0.0
VPS11,0.0,0.00014306712871727258,0.75,0.12297964103198801,8,0,0.0
TGFBRAP1,0.0,9.431752493943004e-05,0.9,0.12296938674690239,5,0,0.01
VPS33B,9.535845588235295e-05,0.00013770859417998283,0.7142857142857143,0.12297707730038986,7,0,0.03
VPS41,0.0,0.0001099796860113797,1.0,0.12297451367568066,6,0,0.0
VPS33A,0.0,0.00012627242544751348,0.8571428571428571,0.12297707730038986,7,0,0.0
VPS8,0.0,7.8357678823464e-05,1.0,0.12296682344281994,4,0,0.0
VPS39,0.0,0.0001099796860113797,1.0,0.12297451367568066,6,0,0.0
OIP5,0.0,0.00011486331265793706,1.0,0.00022975301550832856,2,0,0.0
MIS18A,0.0,0.00011486331265793706,1.0,0.00022975301550832856,2,0,0.0
MIS18BP1,0.0,0.00011486331265793706,1.0,0.00022975301550832856,2,0,0.0
EXTL3,2.297794117647059e-07,0.00015724829451638727,0.0,0.00022975301550832856,2,0,0.0
EXTL1,0.0,9.367082172871192e-05,0.0,0.00015316867700555236,1,0,0.0
EXTL2,0.0,9.367082172871192e-05,0.0,0.00015316867700555236,1,0,0.0
NCBP3,0.0,7.671755334144586e-05,1.0,0.1680843235987691,7,0,0.0
RAMAC,0.0,7.671755334144586e-05,1.0,0.1680843235987691,7,0,0.0
RNMT,0.0017880593281833213,0.00011256204418919404,0.5833333333333334,0.16835295151319637,9,0,0.0
XPO5,0.0002790327915275326,0.00011195723127439436,0.8181818181818182,0.17557330340255367,11,0,0.03
DDX6,0.0012985300569487539,0.00019766765644611898,0.38562091503267976,0.17425597202677462,18,0,0.07
FXR1,0.00022242405137019153,0.00012518039122977302,0.35714285714285715,0.16583979705440952,8,0,0.0
TNRC6C,3.3734156869544473e-05,6.315351481735348e-05,0.16666666666666666,0.16567677978493514,4,0,0.0
AGO1,0.0006544694893771098,0.0001887347140432953,0.4338235294117647,0.18763000702997457,17,0,0.22
UPF1,0.0008957988482816804,0.00022855496933090982,0.20952380952380953,0.1732427071458225,21,0,0.0
HTT,0.007536426923525295,0.00028187299970500954,0.02857142857142857,0.2010115998576482,21,0,0.09
TNRC6A,0.0014377381971970222,0.00016821368381382188,0.4666666666666667,0.17548451395235604,16,0,0.03
PRKRA,0.0,4.062961448535265e-05,1.0,0.16439783242823622,3,0,0.0
AGO4,0.0,5.4453664419689475e-05,1.0,0.16341867751738048,4,0,0.0
LIMD1,0.0001907169117647059,0.00014113135934306788,0.696969696969697,0.17387076812728133,12,0,0.05
AGO3,2.203933867856935e-07,6.347190013765283e-05,0.9,0.16431998387249028,5,0,0.0
RBM4,5.863127606763957e-06,4.572639947805738e-05,0.6666666666666666,0.16853090937983603,3,0,0.0
FMR1,0.0005078126098562703,0.00020613668995726747,0.22727272727272727,0.16722191289005303,12,0,0.0
NPM1,0.001624588368365159,0.0001119904156160984,0.06666666666666667,0.19316570356011661,10,0,0.0
DHX9,0.006457276881740046,0.0002765721656601581,0.3266384778012685,0.19626987693047648,44,1,0.84
DCP2,0.00030566153204331374,0.00016422681728561655,0.5714285714285714,0.17391177538391514,15,0,0.03
TNRC6B,0.0,3.463728527815223e-05,1.0,0.16317458013449881,2,0,0.0
EIF4E2,0.0011154395535406386,0.0002457982750898895,0.21578947368421053,0.17410168583131366,20,0,0.0
MOV10,0.0,4.2871821423536046e-05,1.0,0.16409600881867092,3,0,0.0
TG,0.0018363970588235294,0.00010293137702936142,0.3333333333333333,0.1413801658723164,3,0,0.0
ASGR1,0.0,8.133179933054427e-05,1.0,0.12066287755982738,2,0,0.0
ASGR2,0.0,8.133179933054427e-05,1.0,0.12066287755982738,2,0,0.0
LRP2,0.005695531666076708,0.00031995899754512416,0.11764705882352941,0.17067143331276474,17,0,0.11
BRF2,0.0,3.8078727595574485e-05,1.0,0.1531554228268661,2,0,0.0
BDP1,0.00027357733128613015,7.28338944809753e-05,0.3333333333333333,0.15345821963586798,4,0,0.0
NOD2,0.0002097872244855627,9.631804810181582e-05,0.13333333333333333,0.1672171727712002,6,0,0.0
NOD1,0.0004519784675726785,8.076890023337401e-05,0.38095238095238093,0.18340652347414502,7,0,0.0
CARD6,0.0,3.125954127371244e-05,0.0,0.14088382262663357,1,0,0.0
TRAF3,0.004352298997012027,0.00035873357670526966,0.1737891737891738,0.19093369436245472,27,1,0.91
PLG,0.005208500744185788,0.00032927796536447125,0.05228758169934641,0.19096459878354216,18,0,0.14
LRP1,0.0030485237376620448,0.00022404100999616776,0.1282051282051282,0.19045902628167763,13,0,0.0
S100A10,0.0004438687662388008,0.00013108988671593967,0.2857142857142857,0.17002701890826924,7,0,0.01
SERPINE1,0.00012901034459282973,0.00012900533028780596,0.26666666666666666,0.16195161073500072,6,0,0.0
IGLL5,0.004690995788002571,0.0006155322331439525,0.06504065040650407,0.19110069717264572,42,1,0.98
DKK4,0.0,0.00010143157844803636,1.0,0.1481959358142592,5,0,0.0
DKK2,0.0,0.00010143157844803636,1.0,0.1481959358142592,5,0,0.0
DKK1,0.0001907169117647059,0.00016178697236753577,0.47619047619047616,0.14820338209783943,7,0,0.01
LRP5,0.0008703308321216515,0.00040950998321102677,0.1471861471861472,0.1616852794579252,22,0,0.08
KREMEN1,0.0,0.00010143157844803636,1.0,0.1481959358142592,5,0,0.0
RPS3,0.0008633304887341309,0.00029427119899811505,0.6556008542030674,0.19465723217364794,102,1,1.0
EMC2,0.0,0.00011486331265793707,1.0,0.0010338885697874784,9,0,0.0
MMGT1,0.0,0.00011486331265793707,1.0,0.0010338885697874784,9,0,0.0
EMC7,0.0,0.00011486331265793707,1.0,0.0010338885697874784,9,0,0.0
EMC1,0.0,0.00011486331265793707,1.0,0.0010338885697874784,9,0,0.0
EMC6,0.0,0.00011486331265793707,1.0,0.0010338885697874784,9,0,0.0
EMC3,0.0,0.00011486331265793707,1.0,0.0010338885697874784,9,0,0.0
EMC10,0.0,0.00011486331265793707,1.0,0.0010338885697874784,9,0,0.0
EMC8,0.0,0.00011486331265793707,1.0,0.0010338885697874784,9,0,0.0
EMC9,0.0,0.00011486331265793707,1.0,0.0010338885697874784,9,0,0.0
EMC4,0.0,0.00011486331265793707,1.0,0.0010338885697874784,9,0,0.0
PYCR3,0.0,0.00013072944624209615,0.8,0.0005743825387708214,5,0,0.0
PYCR1,0.0,0.00013072944624209615,0.8,0.0005743825387708214,5,0,0.0
PYCR2,0.0,0.00013072944624209615,0.8,0.0005743825387708214,5,0,0.0
PRODH,0.0,0.00010654372333914081,1.0,0.00047865211564235115,4,0,0.0
PRODH2,0.0,8.39040905430523e-05,1.0,0.0004102732419791581,3,0,0.0
LOC102724788,0.0,0.00010654372333914081,1.0,0.00047865211564235115,4,0,0.0
MTMR8,0.0,8.660665808563686e-05,0.0,0.00020677771395749567,1,0,0.0
MTMR6,0.0,8.660665808563686e-05,0.0,0.00020677771395749567,1,0,0.0
DCTN6,2.5445298319001875e-06,0.00013476461101475146,0.8205128205128205,0.14738506985689948,13,0,0.03
DYNC1LI2,3.674744046393294e-05,0.000156040047893888,0.5714285714285714,0.14878650678527042,15,0,0.0
CAPZA1,0.0012583743886099318,0.00023088321866302188,0.3631578947368421,0.1734056680391076,20,0,0.07
DCTN1,0.0013531988653292326,0.0002321746925543703,0.3904761904761905,0.16978722717656,21,0,0.06
DYNC1I2,0.0002660647594718008,0.00020516295903788358,0.4473684210526316,0.1493818035204457,20,0,0.0
CAPZB,0.0009591987986150859,0.000252343313703203,0.37549407114624506,0.1704002836887952,23,0,0.02
DCTN2,0.0010226446065321234,0.00018317357597315965,0.5661764705882353,0.16949452422199748,17,0,0.1
DCTN4,0.00028370328772328834,0.00013389224714473798,0.8333333333333334,0.16760199508544482,13,0,0.06
DYNC1H1,0.003137604471221012,0.00023804312804416404,0.36363636363636365,0.1700760392395099,23,0,0.1
DCTN5,3.94952345213189e-06,0.00013890254618937936,0.7435897435897436,0.1473887522741955,13,0,0.03
DCTN3,2.044477453423481e-06,0.00012584729907589662,0.8787878787878788,0.1473813876236047,12,0,0.04
ACTR1B,0.0,8.876467827327487e-05,1.0,0.141989299114774,8,0,0.0
ACTR1A,0.00031508224871409874,0.00015277034163788662,0.7238095238095238,0.16761151927894308,15,0,0.45
ACTR10,0.0002935629938506869,0.00013688314434176122,0.782051282051282,0.1672171727712002,13,0,0.06
GSR,0.0,0.00011788306563879084,1.0,0.1254057700047279,9,0,0.0
GPX7,0.0,0.00011788306563879084,1.0,0.1254057700047279,9,0,0.0
TXNDC12,0.0,0.00011788306563879084,1.0,0.1254057700047279,9,0,0.0
GPX6,0.0,0.00011788306563879084,1.0,0.1254057700047279,9,0,0.0
PRDX6,0.0002945091434844152,0.00013236796114152804,0.8,0.13815840135421803,10,0,0.05
GPX2,0.0,0.00011788306563879081,1.0,0.1254057700047279,9,0,0.0
GPX4,0.0004896234665292758,0.00013605530075389466,0.8,0.1435161400599066,10,0,0.01
GPX5,0.0,0.00011788306563879081,1.0,0.1254057700047279,9,0,0.0
GPX3,0.0,0.00011788306563879081,1.0,0.1254057700047279,9,0,0.0
GPX8,0.0,0.00011788306563879081,1.0,0.1254057700047279,9,0,0.0
TNFRSF10A,3.944097053607623e-05,0.00013638813990783562,0.5833333333333334,0.16369075478723571,9,0,0.05
TNFRSF10D,9.535845588235295e-05,8.581800146535106e-05,0.5,0.1481438327730387,4,0,0.0
TNFRSF25,0.00047439053577923054,0.00017151435251057888,0.25,0.15714556650476574,8,0,0.0
TNFRSF10B,0.00142880717309394,0.00018954465498287134,0.3516483516483517,0.1803009786974265,14,0,0.07
PPP2CB,5.22284903103913e-05,0.0001875022091569936,0.6,0.14581850008706962,16,0,0.02
PPP4R2,0.0005829094513464582,0.00020515472366119218,0.46153846153846156,0.1436524393284403,14,0,0.01
PPP2R5A,0.0007026830913031606,0.0001739211434495483,0.580952380952381,0.15215990665279994,15,0,0.03
PPP3CB,4.6630128524091e-06,0.00013756786875127847,0.7454545454545455,0.14363495059708792,11,0,0.02
PPP2R5D,0.0,7.862948400827437e-05,1.0,0.13591427829925123,6,0,0.0
PPP2R5E,0.0,7.862948400827437e-05,1.0,0.13591427829925123,6,0,0.0
PPP2R2D,1.2920417922020056e-06,9.981039332408423e-05,0.9285714285714286,0.13318629596817486,8,0,0.04
PPP2R2B,0.0,8.966938432825356e-05,1.0,0.1303838613080718,7,0,0.0
PPP3R1,0.0017241524811018466,0.00023963646363577308,0.34210526315789475,0.16787385944856006,20,0,0.0
PPP2R5C,1.397333698952029e-05,0.00013259816440288903,0.8363636363636363,0.1458004800054968,11,0,0.03
PPP2R2A,2.6783043846606356e-05,0.00015442799165383536,0.7307692307692307,0.1436419455786111,13,0,0.15
PPP3CA,0.002053423292874686,0.0002742864208700263,0.2813852813852814,0.16626983345140509,22,0,0.09
PPP2R2C,0.0,8.966938432825356e-05,1.0,0.1303838613080718,7,0,0.0
NEFM,0.0,0.00012628027694637676,0.8333333333333334,0.0004595060310166571,4,0,0.0
NEFH,0.0,0.00012628027694637676,0.8333333333333334,0.0004595060310166571,4,0,0.0
PRPH,0.0,9.773786622527748e-05,1.0,0.0003676048248133257,3,0,0.0
INA,0.0,9.773786622527748e-05,1.0,0.0003676048248133257,3,0,0.0
NEFL,0.0,0.00012628027694637676,0.8333333333333334,0.0004595060310166571,4,0,0.0
EXOSC5,3.9515752958405475e-06,0.00012916105894448133,0.9705882352941176,0.12842808919561974,17,0,0.0
EXOSC1,2.889788231001033e-05,0.00013835267949957833,0.869281045751634,0.13803232377149546,18,0,0.03
EXOSC6,3.9515752958405475e-06,0.00012916105894448133,0.9705882352941176,0.12842808919561974,17,0,0.0
EXOSC7,3.9515752958405475e-06,0.00012916105894448133,0.9705882352941176,0.12842808919561974,17,0,0.0
C1D,3.9515752958405475e-06,0.00012916105894448133,0.9705882352941176,0.12842808919561974,17,0,0.0
EXOSC8,2.889788231001033e-05,0.00013835267949957833,0.869281045751634,0.13803232377149546,18,0,0.03
DIS3,3.9515752958405475e-06,0.00012916105894448133,0.9705882352941176,0.12842808919561974,17,0,0.0
MPHOSPH6,3.9515752958405475e-06,0.00012916105894448133,0.9705882352941176,0.12842808919561974,17,0,0.0
EXOSC3,3.9515752958405475e-06,0.00012916105894448133,0.9705882352941176,0.12842808919561974,17,0,0.0
DIS3L,0.0,0.00012022320346927301,1.0,0.1216908866453998,16,0,0.01
EXOSC9,3.9515752958405475e-06,0.00012916105894448133,0.9705882352941176,0.12842808919561974,17,0,0.0
SUPV3L1,0.0,0.00012022320346927301,1.0,0.1216908866453998,16,0,0.01
EXOSC2,3.9515752958405475e-06,0.00012916105894448133,0.9705882352941176,0.12842808919561974,17,0,0.0
EXOSC10,0.0005314398693431068,0.0001379950168141534,0.7105263157894737,0.14060175948666223,20,0,0.04
PNPT1,0.0,0.00012022320346927301,1.0,0.1216908866453998,16,0,0.01
EXOSC4,3.9515752958405475e-06,0.00012916105894448135,0.9705882352941176,0.12842808919561974,17,0,0.0
PAF1,5.5076815713513594e-05,0.0001849273803629365,0.6980255516840883,0.1738400253734426,42,1,0.99
CDC73,0.0016948136234898868,0.00018279228879732206,0.7557354925775979,0.18729640021026164,39,1,0.94
NELFE,0.000704061146470738,0.00015715448486166355,0.8890756302521008,0.17423023867394416,35,1,0.95
SUPT6H,0.00010533836910362078,0.00010892679422465656,0.6523809523809524,0.17471530094249502,21,0,0.0
ELL,0.0,0.00014495766238869614,1.0,0.17065168424619304,33,1,1.0
MLLT1,0.0004270727616495403,0.00020010124256857227,0.5735815602836879,0.17746419846040737,48,1,0.59
AFF4,0.0,0.00014495766238869617,1.0,0.17065168424619304,33,1,1.0
WDR61,0.00019168915802994301,0.00018048186707348403,0.8523809523809524,0.17067143331276474,36,1,0.94
CCNT1,0.0006457570739319818,0.00021759440868630717,0.5550416281221091,0.17950544445188818,47,1,0.92
ZC3H8,0.0,0.00014495766238869617,1.0,0.17065168424619304,33,1,1.0
TCEA2,0.0,0.00014495766238869617,1.0,0.17065168424619304,33,1,1.0
CDK9,0.0007473050242666168,0.0002579204203644952,0.5110544217687075,0.17798893947507471,49,1,0.96
RNF20,1.3606143866723344e-05,7.70098917000187e-05,0.6666666666666666,0.16103645503992142,6,0,0.0
CCNT2,0.0001815016407545653,0.0001930460594184445,0.6321353065539113,0.17425597202677462,44,1,0.9
ICE2,0.0,0.00014495766238869617,1.0,0.17065168424619304,33,1,1.0
EAF1,0.0,0.00014495766238869617,1.0,0.17065168424619304,33,1,1.0
MLLT3,0.0018912252380545458,0.00028568199194631635,0.42455242966751916,0.17988861711409146,69,1,0.8
AFF1,0.0,0.00014495766238869617,1.0,0.17065168424619304,33,1,1.0
ELP4,0.00212109375,0.0002029842473159701,0.7652916073968705,0.1706763712936493,38,1,0.91
PEX2,0.00020305364306482518,0.0001723812392783049,0.8890756302521008,0.1715249889806467,35,1,0.92
ELOA,0.0,0.00014495766238869617,1.0,0.17065168424619304,33,1,1.0
ICE1,0.0,0.00014495766238869617,1.0,0.17065168424619304,33,1,1.0
ELL3,0.0,0.00014495766238869617,1.0,0.17065168424619304,33,1,1.0
EAF2,0.0,0.00014495766238869617,1.0,0.17065168424619304,33,1,1.0
ELL2,0.0,0.00014495766238869617,1.0,0.17065168424619304,33,1,1.0
CYP4F3,0.0,0.00011486331265793706,0.0,0.00011487650775416428,1,0,0.0
CYP4F2,0.0,0.00011486331265793706,0.0,0.00011487650775416428,1,0,0.0
DHDH,0.0,0.00011486331265793706,0.0,0.00011487650775416428,1,0,0.0
AKR1C1,0.0,0.00011486331265793706,0.0,0.00011487650775416428,1,0,0.0
HNRNPL,0.0004139095344042987,7.399039665853581e-05,0.16666666666666666,0.15066372327277933,4,0,0.0
SETD2,0.000763864360020963,0.0001416710949478064,0.4601449275362319,0.1808870176935607,24,0,0.07
HNRNPA2B1,0.00015619898198498242,0.00014805163015128744,0.17857142857142858,0.15270346149523442,8,0,0.0
PTBP1,3.995154900338371e-06,5.9551369038028326e-05,0.0,0.14093767729889145,3,0,0.0
ILF3,1.5593477528903164e-06,6.656282803908843e-05,0.3333333333333333,0.14069229938759334,3,0,0.0
RELB,0.0,7.613322751223694e-05,1.0,0.16596577259234754,5,0,0.0
LIN7B,0.0,3.798826124585378e-05,0.0,0.12861288989954436,1,0,0.0
CASK,0.00040574751828021386,0.00019189329379863202,0.07142857142857142,0.15242332233534187,8,0,0.0
CKM,0.0,5.151040832694685e-05,0.0,0.1115202643065278,1,0,0.0
CKB,9.535845588235295e-05,7.757372914007977e-05,0.0,0.12899255272068574,2,0,0.0
PEX11G,0.0,0.00011486331265793706,1.0,0.00022975301550832856,2,0,0.0
PEX11A,0.0,0.00011486331265793706,1.0,0.00022975301550832856,2,0,0.0
PEX11B,0.0,0.00011486331265793706,1.0,0.00022975301550832856,2,0,0.0
RNASEH2A,0.0,7.743604029467838e-05,1.0,0.13080016454595125,2,0,0.0
RNASEH2B,0.0001907169117647059,9.447740408890048e-05,0.3333333333333333,0.1555010391454661,3,0,0.0
RNASEH2C,0.0,7.743604029467838e-05,1.0,0.13080016454595125,2,0,0.0
SRSF1,0.001484483746642374,0.00020904511532115677,0.1286549707602339,0.17610267541412625,19,0,0.0
WBP11,0.0008590757544816137,7.798623819887601e-05,0.38461538461538464,0.16428337476390778,13,0,0.0
AMH,0.0,3.894293817389411e-05,0.0,0.12238262771300777,1,0,0.0
AMHR2,9.535845588235295e-05,7.645144965935514e-05,0.3333333333333333,0.14375045498019837,3,0,0.0
RETN,2.451779796852739e-05,5.198997141585698e-05,0.0,0.16454916097691497,2,0,0.0
CAP1,1.0832179585467015e-05,5.1623038775444366e-05,0.0,0.1560233653633368,2,0,0.0
TBC1D17,0.0,7.816736621918445e-05,1.0,0.12774394034133266,2,0,0.0
FIS1,0.0004493983946654937,0.0001957691018736419,0.06666666666666667,0.15120049778347816,6,0,0.0
TBC1D15,0.0,7.816736621918445e-05,1.0,0.12774394034133266,2,0,0.0
SGTA,0.0011767885918531294,0.00011523611957444092,0.3333333333333333,0.1721858558383655,6,0,0.0
GET4,4.642121124854093e-05,9.901443620125929e-05,0.6666666666666666,0.14430252986845402,4,0,0.0
HSPH1,0.00014146017861956824,9.630292670321856e-05,0.6666666666666666,0.16446199841150858,6,0,0.0
BAG6,0.0001427658052301299,0.00014057168876814536,0.2,0.15151117043848467,6,0,0.0
UBL4A,4.642121124854093e-05,9.901443620125927e-05,0.6666666666666666,0.14430252986845402,4,0,0.0
SLC1A6,0.0,0.00011486331265793706,0.0,0.00011487650775416428,1,0,0.0
SLC1A1,0.0,0.00011486331265793706,0.0,0.00011487650775416428,1,0,0.0
FBL,0.00033949390338464726,0.00015344284009002115,0.8038647342995169,0.16678222847108853,46,1,0.85
IMP4,0.00025847221921876796,0.00017674039633530387,0.8619528619528619,0.16765439154841133,55,1,0.86
RPS13,0.0008664231072337657,0.00035151937038405796,0.5360949612403101,0.19247870728995045,129,1,1.0
NOL6,1.602214320640197e-07,0.00014363097229923207,0.9607843137254902,0.16716031229873624,52,1,0.99
UTP11,3.818331423350924e-06,0.00015929511658112876,0.8540100250626567,0.16719347620730668,57,1,1.0
DKC1,0.0003182907092574355,0.00012262061593955716,0.43956043956043955,0.16636361490798954,14,0,0.0
UTP3,3.818331423350924e-06,0.00015929511658112876,0.8540100250626567,0.16719347620730668,57,1,1.0
DNTTIP2,4.846215059032557e-08,0.00013805450100245112,0.986938775510204,0.16714610322223672,50,1,0.91
RPS24,0.0007446752164826958,0.00033518129544506223,0.5421822272215973,0.19218398504715428,127,1,1.0
NOL10,1.2419018505540404e-07,0.0001413300694646611,0.9654901960784313,0.16698523568438875,51,1,0.88
FBLL1,0.0,2.004279971107865e-05,0.0,0.13868784344710006,1,0,0.0
IMP3,0.0002592663650906861,0.00017969963019936845,0.8422077922077922,0.16765915648777607,56,1,0.93
UTP4,2.3154303526360705e-05,0.0001544201747454582,0.8828282828282829,0.16717452379126593,55,1,0.97
BMS1,1.9627193295619626e-05,0.000151922255009501,0.8949494949494949,0.16717452379126593,55,1,0.96
PWP2,0.0,0.00010199898758980592,0.9928698752228164,0.16581648923494494,34,1,0.73
WDR75,2.2717944105222602e-05,0.0001484212664676009,0.9150943396226415,0.16716031229873624,53,1,1.0
RPS11,0.000722211080522268,0.0003314955491469578,0.5549206349206349,0.19321631852944224,126,1,1.0
UTP20,3.818331423350924e-06,0.00015929511658112876,0.8540100250626567,0.16719347620730668,57,1,1.0
UTP15,2.267364200946536e-05,0.0001458892923736895,0.9268476621417798,0.16715557567148567,52,1,1.0
UTP6,1.602214320640197e-07,0.00014363097229923207,0.9607843137254902,0.16716031229873624,52,1,0.99
WDR3,1.9145926090323555e-05,0.00014669350030423317,0.9310595065312046,0.16716504919443456,53,1,0.99
PNO1,1.3526001180720471e-06,6.182954601161813e-05,0.5808823529411765,0.1593701856280535,17,0,0.0
WDR36,1.9145926090323555e-05,0.00014669350030423317,0.9310595065312046,0.16716504919443456,53,1,0.99
TBL3,1.6054251709821612e-07,0.00014363097229923207,0.9607843137254902,0.16716031229873624,52,1,0.99
NOC4L,3.818331423350924e-06,0.00015929511658112876,0.8540100250626567,0.16719347620730668,57,1,1.0
EMG1,0.00019393466881347085,0.00017857637250227995,0.8245614035087719,0.16720295402688137,58,1,0.9
FCF1,3.818331423350924e-06,0.00015929511658112876,0.8540100250626567,0.16719347620730668,57,1,1.0
NOP56,0.00027798091484184826,0.00016536035672258648,0.8308270676691729,0.16776405372187814,57,1,0.94
RPS14,0.0005142170483252231,0.00027504084617209306,0.623374102116094,0.19165326254133858,102,1,0.99
AATF,2.7679689266196466e-08,0.0001357533076141983,0.9914965986394558,0.1669710563550071,49,1,0.79
NGDN,0.0002702714609008099,0.00015225044589033316,0.9129172714078374,0.17000741868706304,53,1,0.97
KRR1,3.0573714802713873e-06,0.00015391344395767825,0.8787878787878788,0.16701360156910622,55,1,0.96
UTP18,0.0013482907210197522,0.000152541865565964,0.9245283018867925,0.16732151750120267,53,1,0.83
RPS7,0.0009441788461291721,0.00034357286503810733,0.5237924865831842,0.1933683227135543,130,1,1.0
WDR43,2.2717944105222602e-05,0.0001484212664676009,0.9150943396226415,0.16716031229873624,53,1,1.0
RPS6,0.0010777128105683349,0.0003827860892406547,0.492483660130719,0.19372393093896428,136,1,1.0
MPHOSPH10,0.00036135599961077593,0.0002045326132545485,0.7207650273224043,0.16975791139632807,61,1,0.96
WDR46,3.818331423350924e-06,0.00015929511658112876,0.8540100250626567,0.16719347620730668,57,1,1.0
RRP9,0.0002653969693538373,0.0001880426929908048,0.7451977401129943,0.1697530264171506,60,1,0.95
HEATR1,0.00031821021059593065,0.0001523168893154474,0.9028651292802237,0.16725984351760473,54,1,0.94
NOP58,0.0010726493681322432,0.00024453404796408423,0.6400932400932401,0.1743641351685505,66,1,0.99
CLC,0.0,5.526575406717499e-05,1.0,0.1696944285885108,3,0,0.0
EBI3,2.8293313196156233e-05,9.629174783656027e-05,0.3,0.1476728520545323,5,0,0.0
IL12A,0.0,5.0417287005745655e-05,0.0,0.1359424671849196,2,0,0.0
IL27RA,0.0010497661728091268,0.00014237907967826213,0.3055555555555556,0.1622411281909351,9,0,0.0
IL27,0.0004158575247015532,0.00011168163242920347,0.26666666666666666,0.1698507794484006,6,0,0.0
CANX,1.6626400772117624e-05,6.62830954661617e-05,0.5,0.14699211155742054,4,0,0.0
CCDC9,0.0,6.710123082843766e-05,1.0,0.14906472484516098,8,0,0.0
UPF2,2.0114458468775183e-05,9.82828353154723e-05,0.7272727272727273,0.14972683116379606,11,0,0.0
UPF3B,5.174685279910047e-05,0.0001343048473666511,0.49166666666666664,0.15301637842452795,16,0,0.02
PYM1,5.569937264246815e-07,7.069480481446431e-05,0.9166666666666666,0.15118887234154496,9,0,0.0
TGFBR1,0.002629866136145436,0.0002242300209272058,0.20588235294117646,0.1935269149341382,17,0,0.0
ITGAV,0.00022548284953158724,0.00026113027453572373,0.5454545454545454,0.17772082731366254,22,0,0.59
ITGB8,0.0002102020899534422,0.00019287892961980687,0.7712418300653595,0.17803191251010717,18,0,0.26
ENG,0.00015285630403905165,0.0001309793048106715,0.2857142857142857,0.16090907015690792,7,0,0.01
LRRC32,0.0,3.137721685762356e-05,0.0,0.14911370847608507,1,0,0.0
NRROS,0.0,3.137721685762356e-05,0.0,0.14911370847608507,1,0,0.0
LTBP4,0.0,3.137721685762356e-05,0.0,0.14911370847608507,1,0,0.0
THBS1,0.00033840710873070883,0.0001406438186917436,0.1111111111111111,0.17701687684988449,9,0,0.0
LTBP3,0.0,4.53970064315734e-05,1.0,0.14984092613534508,2,0,0.0
LTBP1,1.7716510114812364e-06,6.51710700819566e-05,0.3333333333333333,0.15148393562278262,3,0,0.0
ITGB6,0.0002102020899534422,0.00019287892961980687,0.7712418300653595,0.17803191251010717,18,0,0.26
PLIN3,2.6621081855453803e-05,4.2821912907468033e-05,0.0,0.16733100984349014,2,0,0.0
CD79A,0.00012069219836362239,0.0001171777485950492,0.2857142857142857,0.16924166344452607,8,0,0.0
VPREB1,1.1599631929894778e-06,6.888802467021843e-05,0.6666666666666666,0.15265209142486288,4,0,0.0
IGLL1,1.1599631929894778e-06,6.888802467021843e-05,0.6666666666666666,0.15265209142486288,4,0,0.0
LYN,0.00257233355431328,0.0002852110832391551,0.14736842105263157,0.18768373328950402,20,0,0.07
CXCL9,0.0001020196860006597,0.00019041140932635892,0.36666666666666664,0.15924972116249766,16,0,0.01
CD79B,2.56590895171548e-05,8.074937198517263e-05,0.5,0.1618805033073297,5,0,0.0
ICAM5,0.0,2.7208786187456626e-05,0.0,0.14512257179813526,1,0,0.0
HSP90B1,0.0036940428188038123,0.0002678706029777605,0.21904761904761905,0.18757631152095142,15,0,0.02
BRAF,0.0004184777282199811,0.00017672718421699583,0.19230769230769232,0.19085956454712052,13,0,0.03
RAF1,0.002269206399434055,0.0002505494594251873,0.14705882352941177,0.19499826196689146,17,0,0.01
EPOR,0.0002420217953348799,0.0001250570616886402,0.21428571428571427,0.1745705321088542,8,0,0.0
LOC102723407,0.0034471423266931346,0.0005656465613129124,0.11522198731501057,0.1861968127334891,44,1,0.96
CSF2RB,0.00026787944715178235,0.00015201691296603273,0.19444444444444445,0.16843466924656372,9,0,0.0
EPO,0.00016691332794855856,0.00014869519727656437,0.6909090909090909,0.1575526793713584,11,0,0.16
STAT5A,0.0006952876721505045,0.00017625479529068466,0.31868131868131866,0.1946700795638188,14,0,0.02
NPTN,0.0,3.0514209714628353e-05,0.0,0.14403123815275534,1,0,0.0
RASIP1,0.0,3.3951879122789154e-05,0.0,0.1360302407651709,1,0,0.0
RAP1B,0.00035391557842135574,0.0001378897556525641,0.14285714285714285,0.16295371456651475,7,0,0.01
DNASE2,0.0,0.00011486331265793706,0.0,0.00011487650775416428,1,0,0.0
DNASE2B,0.0,0.00011486331265793706,0.0,0.00011487650775416428,1,0,0.0
RPL18A,0.0004282070317286545,0.00025709018480153813,0.7668418537983756,0.19142936854304263,92,1,1.0
RPS10,4.075748021282694e-05,0.00020836339307253926,0.8712280701754386,0.18869833731118932,76,1,1.0
RPS26,0.0002627766184491628,0.000275037178698946,0.7361842105263158,0.19170931789744894,96,1,0.96
RPL13A,0.004660312214783624,0.0002332224770392645,0.8291182501708817,0.19220277013627005,77,1,1.0
RPS2,0.00047067234433045135,0.00029291284997849784,0.6627839254513687,0.191622134839123,102,1,1.0
RPL19,0.0010092739215221943,0.00025921916966386405,0.762525737817433,0.19078549227109964,94,1,1.0
RPS15,0.000940305334825075,0.0002969284001721389,0.676355390641105,0.190779322176592,99,1,1.0
RPL24,0.00011360179113182695,0.000239721378693038,0.8092384519350811,0.1904897772223715,90,1,1.0
RPL7,3.407327730654446e-05,0.00020687675464618922,0.9302174618630314,0.18863799632330522,79,1,1.0
RPS20,0.000480180078492615,0.0002662999553059283,0.7304964539007093,0.19086573983312521,94,1,1.0
RPS12,0.00018866774541252573,0.00024373680953856388,0.7663432073544433,0.18958373251775296,89,1,0.99
RPS15A,6.057076636396109e-05,0.00020034318029214313,0.8881895594224362,0.18758824120019083,74,1,1.0
RPL38,0.00011789900081910983,0.000240400788385576,0.8019975031210986,0.1904897772223715,90,1,1.0
RPSA,7.840805483748832e-05,0.00023638374761597938,0.8204800817160368,0.18912787089296274,89,1,1.0
RPL35A,4.990099693660309e-05,0.0002183137496000077,0.8754040552453717,0.18866212808693875,83,1,1.0
RPL10,1.10566729374309e-06,0.00018206000271876123,0.9701863354037267,0.18796480439148613,70,1,0.98
RPL37A,5.1775680836969374e-05,0.0002241994106973288,0.8736694677871149,0.18870437353323313,85,1,1.0
RPL8,0.00022631409037987026,0.0002618652470803995,0.7771141901576685,0.19053899938702845,92,1,1.0
H3BNC9_HUMAN,0.0,0.00014251800369350815,1.0,0.18663273288478868,53,1,0.97
RPS4X,0.0003355305985495221,0.00022930467937493676,0.7762722071665161,0.18773749032596274,82,1,1.0
RPL6,0.0004906857858198197,0.000251355642501654,0.7779336138382422,0.19061288034840382,93,1,1.0
RPL18,0.0001359815298555478,0.0002505473003844126,0.7781673679289387,0.19054515394626445,93,1,1.0
RPL35,0.0012203240083627576,0.00025734105615005874,0.7870162297128589,0.18996835800155867,90,1,1.0
LARP4B,5.728808697254484e-05,8.607483002166593e-05,0.9166666666666666,0.1718047361667754,24,0,0.03
EEF2,0.00016935068218250606,0.00019908189437415336,0.9317988064791134,0.1868218717070687,69,1,0.99
RPS21,0.00030850001329030426,0.00025418001893255524,0.7365591397849462,0.1914355807568522,93,1,0.97
RPL32,0.0001180097451633002,0.00023336582129996792,0.8040630847367014,0.19046517567552632,87,1,1.0
EIF6,0.001638509472395187,0.00018696763891241932,0.6585623678646935,0.1632920174119028,44,1,0.9
RPL27A,4.943063837061669e-05,0.00022276618969708684,0.873109243697479,0.18868023096185513,85,1,1.0
RPL11,0.0012818656604614545,0.0002986825864092355,0.731140350877193,0.19563200308491083,96,1,1.0
RPL26L1,7.753146197138085e-08,0.00015600595135899193,0.9836158192090395,0.17191989686190076,60,1,0.91
RPL4,0.00034483189152005204,0.0002315213708165051,0.851109329056402,0.18881913517132068,87,1,0.97
RPS18,0.0013641180703774212,0.000339122999022889,0.5377706692913385,0.19333029925023434,128,1,0.99
RPL10L,1.2861933732826357e-06,0.000152447695532897,0.9774436090225563,0.18703511163672798,57,1,0.96
RPL9,3.5083131221877436e-05,0.00021601920184774514,0.9089039083161916,0.18866212808693875,83,1,1.0
RPL12,5.222262644859243e-06,0.0002144161538717786,0.9145061728395062,0.18809066164022578,81,1,1.0
RPL22,9.834200253415907e-05,0.00021015061747258664,0.9136842105263158,0.18840905209269884,76,1,0.98
RPL37,3.337417709443385e-05,0.00018862830583278006,0.9537223340040242,0.18857166579363874,71,1,1.0
RPL36,0.00011832863503787195,0.00024008758425944212,0.7965043695380774,0.1904774756545819,90,1,1.0
RPS25,6.890523981444217e-05,0.0002363055598284065,0.8254963427377221,0.19012142004068586,88,1,1.0
RPL23A,0.0007721774803251371,0.0002495628423566821,0.8047440699126093,0.18982165012782445,90,1,1.0
RPL41,0.0,7.538598919699179e-05,1.0,0.1695432379439674,23,0,0.0
BTF3,0.0001907169117647059,8.428235934906795e-05,0.7794117647058824,0.1588551883943019,17,0,0.0
RPLP0,1.6578465803086972e-05,0.0002174719209975707,0.891566265060241,0.18854755716503344,83,1,1.0
PA2G4,0.0006755469166391034,0.00013736287833605474,0.8403805496828752,0.19288779455980123,44,1,0.79
RPS9,0.0007244588534469127,0.0003312913241570292,0.5483174603174603,0.19218398504715428,126,1,1.0
SERBP1,3.4295434591747147e-09,0.0001517963420178862,0.9987468671679198,0.18666226057723637,57,1,0.99
RPL34,3.673736802405232e-05,0.00020263079529705424,0.922077922077922,0.1886138707322676,77,1,1.0
RPL15,4.103154829335774e-05,0.00022152058965427642,0.8862745098039215,0.1886741962842193,85,1,1.0
SRP68,0.0005079016607889203,8.12493454706689e-05,0.4642857142857143,0.15760740124027894,8,0,0.0
RPL27,4.103154829335774e-05,0.00021920947985286368,0.8886976477337923,0.18866816199259287,84,1,1.0
RPL14,4.103154829335774e-05,0.00022152058965427642,0.8862745098039215,0.1886741962842193,85,1,1.0
RPL29,3.580919524272702e-05,0.0002000267877718267,0.9252631578947368,0.18860181025073217,76,1,1.0
RPL13,4.092136156763798e-05,0.00021706075792924133,0.8942109903026741,0.18866212808693875,83,1,1.0
RPS29,0.00010347888945470871,0.00024015979858246889,0.7800417972831766,0.19066832867973757,88,1,1.0
RPL5,0.005013368329934092,0.0002842981312213676,0.7644529383659818,0.19646597685413977,92,1,1.0
RPL39,1.868955227502685e-05,0.00013222356806952306,0.8483091787439614,0.17649256285969364,46,1,0.76
ABCF1,0.0,7.538598919699179e-05,1.0,0.1695432379439674,23,0,0.0
RPL10A,4.586440586279044e-05,0.00021421865841777716,0.8336419753086419,0.1898583058486177,81,1,1.0
RPL28,3.0197609989613007e-06,0.00019625206438344457,0.9520720720720721,0.18845118426420474,75,1,1.0
RPL31,0.0008579443623782742,0.00026820113102796406,0.7471444568868981,0.1915536894733862,95,1,0.99
RPL21,3.7235492635519826e-05,0.00021857665430794602,0.9010327022375215,0.18866816199259287,84,1,1.0
RPL36A,9.517871561589527e-05,0.00010843199893453307,0.7883064516129032,0.17561511777030755,32,1,0.03
RPS3A,0.0011712509209549282,0.00035009702299851835,0.523429242513212,0.19406169553991715,131,1,1.0
RSL24D1,3.385862420815046e-05,0.00010104574711931378,0.9242424242424242,0.16223666623641816,33,1,0.63
RPL3,0.00036286957362308283,0.00024548316552072187,0.8178078166323832,0.187546493960145,83,1,0.98
RPS23,0.0014151417016152095,0.00039812424923017456,0.46324679386925244,0.19539872212727397,139,1,1.0
RPL7A,0.0001260603852000327,0.0002391934707024914,0.8291624106230848,0.189644680158889,89,1,1.0
RPS8,0.0008794610760281418,0.0003352722289794393,0.5525079365079365,0.19413194527338667,126,1,1.0
GTPBP4,1.357581068619941e-05,9.072134922853344e-05,0.8584615384615385,0.1592841209942595,26,1,0.65
RPL30,0.00011901371011832819,0.00024485610688927765,0.7938365981844243,0.19050208037920302,92,1,1.0
RPLP1,8.096018664178528e-08,0.00017224121392122736,0.9879807692307693,0.18432344147676544,65,1,0.91
RPL23,0.0008467124044123342,0.0002372520081218714,0.8524458700882117,0.1899133159816625,87,1,1.0
RPS17,5.4829632201369956e-05,0.00021316995709884625,0.8591408591408591,0.18872248451668058,78,1,1.0
RPL17,6.118808176264093e-05,0.00018658454031084346,0.9218612818261633,0.1885355051622743,68,1,1.0
RPS19,0.0010160497697825177,0.00032970850856567943,0.5670798898071625,0.19342538596046957,121,1,1.0
PIK3R2,0.0005411003066791928,0.00020535634293058938,0.49019607843137253,0.1761447423416662,18,0,0.27
PIK3R1,0.004220218290431108,0.0003025550619803368,0.28,0.19721474394966573,26,1,0.78
PIK3R5,0.0,9.617924281565586e-05,1.0,0.16051501785046396,8,0,0.03
PIK3C2A,0.0,7.014907568080866e-05,1.0,0.15912085401835302,5,0,0.0
PIK3R6,0.0,9.617924281565586e-05,1.0,0.16051501785046396,8,0,0.03
GAB1,6.321033829033913e-05,0.00019157885892762892,0.4095238095238095,0.18392689866936054,15,0,0.18
PIK3CG,0.002571241773423339,0.00013579593247154808,0.509090909090909,0.16936313689019555,11,0,0.03
PIK3CA,0.00017999341209627026,0.0001699027114117229,0.638095238095238,0.17338018519346346,15,0,0.22
PIK3C3,0.004696503736600268,0.0002733395192797672,0.18614718614718614,0.18875871691483428,22,0,0.12
PIK3C2G,0.0,7.014907568080866e-05,1.0,0.15912085401835302,5,0,0.0
PIK3AP1,0.0,7.552950924277866e-05,1.0,0.15979757885530396,6,0,0.0
PIK3CB,0.0005632700720071013,0.00018584081838784422,0.5416666666666666,0.17563603242392595,16,0,0.25
PIK3R3,0.0006378120104536871,0.0002160612868669823,0.45614035087719296,0.17696908324900704,19,0,0.54
PIK3CD,0.00024695974630509595,0.000171546846800254,0.6190476190476191,0.1740041124719014,15,0,0.23
PIK3C2B,0.0,7.014907568080866e-05,1.0,0.15912085401835302,5,0,0.0
RAB3A,0.00010542027594901286,0.0001071048663263599,0.16666666666666666,0.13473465548323324,4,0,0.01
SYP,0.0,5.199059156095122e-05,1.0,0.13461781842090326,2,0,0.0
RPH3A,0.0,4.0398614608296455e-05,0.0,0.11578643756423021,1,0,0.0
RIMS1,3.4287663883715145e-05,5.322492180212365e-05,0.0,0.13943525707382703,2,0,0.0
COMP,0.0,3.0347033366412822e-05,0.0,0.1669379806158531,1,0,0.0
GAPDHS,0.0,3.172198619601211e-05,0.0,0.1531673526775303,1,0,0.0
GAPDH,0.008052776917992504,0.0002196992899052263,0.0641025641025641,0.18817466014936365,13,0,0.04
USF2,0.0,0.00011486331265793706,0.0,0.00011487650775416428,1,0,0.0
USF1,0.0,0.00011486331265793706,0.0,0.00011487650775416428,1,0,0.0
GSK3A,6.674084912109127e-05,0.00010899328005025845,0.8214285714285714,0.1826851884742622,8,0,0.03
SIAH1,0.0028523841991993544,0.00015716821552916413,0.3111111111111111,0.1861909358653663,10,0,0.01
GSK3B,0.005769177330115713,0.00032784423129156667,0.18115942028985507,0.1990984313011712,24,0,0.48
CACYBP,0.00024280992444235304,0.00011256401652997966,0.5238095238095238,0.17178972657976066,7,0,0.0
CSNK1A1,0.001563411831242106,0.00011484541685733514,0.38181818181818183,0.19595042089428338,11,0,0.01
PON1,9.535845588235295e-05,8.156851137646223e-05,0.3333333333333333,0.14898190274326703,3,0,0.0
PON3,0.0,4.046789562702227e-05,0.0,0.1261540048549518,1,0,0.0
CLU,0.0012241309909093085,0.00018702465411921001,0.2727272727272727,0.1752030716074369,11,0,0.01
HGF,0.00022004134799589095,9.726550744749124e-05,0.13333333333333333,0.17909670960660637,6,0,0.0
IL7,6.587174500089604e-05,0.00015044267817172912,0.3333333333333333,0.15652428945612398,10,0,0.0
LAMB1,0.00018651147611624684,0.00013279957410505434,0.5238095238095238,0.1600273287855682,7,0,0.01
LAMA1,1.0714592298948156e-05,9.877443542795748e-05,0.6,0.13791937297817267,5,0,0.0
LAMC1,0.0005223000456097812,0.00017184170805948515,0.3333333333333333,0.1618805033073297,9,0,0.0
LAMA4,0.00022674904886086167,0.00010200740808468954,0.3333333333333333,0.1353032734930251,4,0,0.01
LAMA2,2.2877838440578963e-05,0.00010565611477352691,0.5,0.13792904723099444,5,0,0.0
LAMA5,1.9763359960520623e-05,9.331725853189568e-05,0.8,0.16000562604487362,5,0,0.0
UBE2D4,0.0,3.5112626865446174e-05,1.0,0.1624734885155448,2,0,0.0
CPA4,0.0,0.00011486331265793706,0.0,0.00011487650775416428,1,0,0.0
LXN,0.0,0.00011486331265793706,0.0,0.00011487650775416428,1,0,0.0
GTPBP10,0.0,2.3785705781926328e-05,0.0,0.11456540795522327,2,0,0.0
MRPL14,1.790948262236684e-05,5.5884128489362225e-05,0.7878787878787878,0.12636208167728558,12,0,0.0
BET1,0.0003554255197697337,0.0001397161450637026,0.4444444444444444,0.12950795655372999,9,0,0.0
BET1L,9.72489234340125e-05,8.60005603853717e-05,0.9,0.1229822048704818,5,0,0.02
GOSR2,7.4091184918681615e-06,0.00010186471858101494,0.6666666666666666,0.11596853465877174,6,0,0.0
SCFD1,2.9843476475721764e-06,7.66196993416405e-05,0.5,0.11202642373471079,4,0,0.0
GOSR1,9.72489234340125e-05,8.60005603853717e-05,0.9,0.1229822048704818,5,0,0.02
STX5,0.001226543834912005,0.00016622202418987932,0.34545454545454546,0.1295392393557698,11,0,0.01
SEC22B,0.001913774168351834,0.00015388208279192028,0.17777777777777778,0.13440312184781392,10,0,0.0
ITGA3,9.14014358146688e-05,0.00018970797666739692,0.8161764705882353,0.17458086478314297,17,0,0.97
ITGA11,0.0,0.000161688485336658,1.0,0.1658864323563005,15,0,0.03
ITGA1,0.0,0.000161688485336658,1.0,0.1658864323563005,15,0,0.03
ITGB5,0.0003630834627951453,0.0002051452305906228,0.7368421052631579,0.1828154029075989,19,0,0.36
ITGA10,0.0,0.000161688485336658,1.0,0.1658864323563005,15,0,0.03
ITGB3,0.0030713531752916954,0.0004070832554229696,0.2857142857142857,0.19765085509020977,35,1,1.0
ITGA2,0.0,0.000161688485336658,1.0,0.1658864323563005,15,0,0.03
HBP1,0.0,2.5681058679894487e-05,0.0,0.14948400833749084,1,0,0.0
CAV2,0.0,5.4359833253970975e-05,1.0,0.17726155897179605,3,0,0.0
CAV1,0.004157449479576125,0.00034631646060366447,0.17846153846153845,0.20726187270825663,26,1,0.97
LFNG,0.0,0.00011486331265793706,1.0,0.00022975301550832856,2,0,0.0
MFNG,0.0,0.00011486331265793706,1.0,0.00022975301550832856,2,0,0.0
RFNG,0.0,0.00011486331265793706,1.0,0.00022975301550832856,2,0,0.0
HOXA5,9.535845588235295e-05,7.77145040363638e-05,0.0,0.12312081107470625,2,0,0.0
HOXD4,0.0,5.0715206563898004e-05,0.0,0.10710424163953668,1,0,0.0
HOXB7,0.00028607536764705885,0.00010101271824685403,0.3,0.14476288149748223,5,0,0.0
TSPAN12,0.0,5.307712206079342e-05,1.0,0.12740734370796314,2,0,0.0
NDP,6.135104116649799e-06,7.132123422080131e-05,0.6666666666666666,0.13516686343794884,3,0,0.0
FZD4,0.0002109144799681304,0.0002030743115387956,0.2,0.1507291673102793,11,0,0.0
STXBP5,0.0,3.997450862246067e-05,1.0,0.12917898263527353,2,0,0.0
TXLNA,1.405644421359612e-07,5.129644600095449e-05,0.6666666666666666,0.12822151892152067,3,0,0.0
SLC6A3,0.001159944088688372,0.00013052289481446286,0.14285714285714285,0.173135930412726,7,0,0.0
KCNB1,0.0001907169117647059,0.00011206501678309968,0.0,0.12789349422270788,3,0,0.0
CYP3A5,0.0001907169117647059,0.00012359616115357875,0.3333333333333333,0.11351165927807733,3,0,0.0
CYP3A4,0.00028607536764705885,9.942748319774441e-05,0.3333333333333333,0.13165254912119267,3,0,0.0
CYP3A7,0.0,9.126046476593458e-05,1.0,0.09975965063538804,2,0,0.0
ENSP00000480571,0.0,9.126046476593458e-05,1.0,0.09975965063538804,2,0,0.0
ARPC5,2.360534895823303e-06,0.00012116756785980413,0.9272727272727272,0.16820893701232967,11,0,0.19
WIPF1,0.00022464699873694257,0.00014063357490961482,0.4,0.17697439237459578,10,0,0.01
WIPF3,0.0,5.46250664657847e-05,1.0,0.14829279590302666,3,0,0.0
ARPC3,4.107776712765157e-06,0.00014359027867571437,0.7948717948717948,0.17069118695087965,13,0,0.36
NPHS1,0.0006254268054233036,0.00021940889814791963,0.12087912087912088,0.18458875464742477,14,0,0.01
CFL2,5.7743823038058455e-05,0.00011139580056140542,0.5357142857142857,0.1723417985048468,8,0,0.0
ACTR2,6.801556951211366e-05,0.00020071170905953356,0.5620915032679739,0.17316642461757767,18,0,0.21
DNM2,0.0003709655563906845,0.0001931927421623174,0.12727272727272726,0.1742199474607915,11,0,0.0
ABI1,0.0013748966631327842,0.00018222013269166479,0.46153846153846156,0.16794554935295092,14,0,0.11
ARPC4,3.576389027482711e-06,0.00013332249877630849,0.8939393939393939,0.17068624811268196,12,0,0.1
WIPF2,2.1085016984843765e-06,6.658194363726211e-05,0.8333333333333334,0.15847537666619388,4,0,0.0
ITSN2,7.204502468938556e-05,0.00010082161832387171,0.3,0.16578386929214514,5,0,0.0
CFL1,0.0002484607348027643,0.0001406380394167574,0.4166666666666667,0.1723518690221872,9,0,0.01
ARPC2,3.576389027482711e-06,0.00013332249877630849,0.8939393939393939,0.17068624811268196,12,0,0.1
ARPC1B,4.141096059570848e-05,0.00014849355793594707,0.7692307692307693,0.17069118695087965,13,0,0.27
ITSN1,0.0007278450944349843,0.00022292464298951392,0.12727272727272726,0.16791686604487208,11,0,0.0
SH3PXD2A,9.975113398809039e-05,8.064358812408671e-05,0.3333333333333333,0.16842505127829838,4,0,0.0
GSN,5.408167322433492e-06,7.808896846646286e-05,0.5,0.16241533605964595,5,0,0.0
ACTR3,8.198693051143627e-05,0.000182788852035037,0.6166666666666667,0.17351277784053182,16,0,0.9
FNBP1L,9.535845588235295e-05,7.555859725835506e-05,0.3333333333333333,0.16319263641203943,3,0,0.0
TRIP10,2.9125442911611497e-05,7.177527649265532e-05,0.5,0.16562561195559425,4,0,0.0
AIMP2,0.0,0.00011596130200532434,1.0,0.13914911121909707,10,0,0.0
LARS1,1.5893075980392105e-05,0.0001572452908164039,0.7582417582417582,0.1391622415905261,14,0,0.06
AIMP1,0.0,0.00011596130200532434,1.0,0.13914911121909707,10,0,0.0
QARS1,1.5893075980392105e-05,0.0001572452908164039,0.7582417582417582,0.1391622415905261,14,0,0.06
MARS1,0.0,0.00014653953748078238,0.8205128205128205,0.13915895876536058,13,0,0.05
EPRS1,0.001716452205882353,0.0002350847504396746,0.39766081871345027,0.16739748640812716,19,0,0.04
DARS1,9.535845588235295e-05,0.00013886350872413677,0.8181818181818182,0.13915239357965706,11,0,0.05
IARS1,1.5893075980392105e-05,0.0001729582245636641,0.6666666666666666,0.139165524570582,15,0,0.19
RARS1,1.5893075980392105e-05,0.0001367172083791149,0.8484848484848485,0.13915567609507457,12,0,0.04
KARS1,1.5893075980392105e-05,0.0001572452908164039,0.7582417582417582,0.1391622415905261,14,0,0.06
EEF1E1,0.0,0.00011596130200532435,1.0,0.13914911121909707,10,0,0.0
PCOLCE,2.297794117647059e-07,8.429021376764704e-05,0.0,0.0005791690599272448,2,0,0.0
COL3A1,4.595588235294118e-07,0.00015470878344480728,0.6,0.0008687535898908674,6,0,0.02
TLL2,0.0,5.352704810480469e-05,0.0,0.0004088252187721729,1,0,0.0
VTN,0.0012877289001988045,0.0002514998852060118,0.175,0.18098135974911492,16,0,0.0
PLAU,0.0,6.836933634763275e-05,1.0,0.1502148511884699,3,0,0.0
SERPINB2,0.0,3.558731462154605e-05,0.0,0.13533120947516405,1,0,0.0
PLAUR,0.0,6.836933634763275e-05,1.0,0.1502148511884699,3,0,0.0
DGAT1,1.3786764705882354e-06,0.00014802971975021157,0.3333333333333333,0.00046907907332950416,3,0,0.01
DGAT2,4.595588235294118e-07,0.00014897835915409323,0.3333333333333333,0.0005117226254503681,3,0,0.0
COLGALT1,0.0,9.773786622527749e-05,1.0,0.0003063373540111047,2,0,0.0
COLGALT2,0.0,9.773786622527749e-05,1.0,0.0003063373540111047,2,0,0.0
RPA3,3.1421669313658814e-05,0.00012999094818916913,0.6571428571428571,0.15661987046388956,15,0,0.1
BLM,0.0001819103412785945,9.779032122604939e-05,0.4444444444444444,0.16273793541952608,9,0,0.0
STN1,1.6720679501471372e-05,7.711149518092152e-05,0.7857142857142857,0.1521559819711736,8,0,0.0
RPA1,0.0030277924915390413,0.0002357089144361559,0.2971014492753623,0.18562847858719284,24,0,0.05
RPA4,0.0,9.233025800094833e-05,1.0,0.15658661165881138,11,0,0.0
RPA2,0.0003553581527900844,0.00017563692764521735,0.38011695906432746,0.16149494691804647,19,0,0.0
TOP3A,7.039462114015242e-05,0.00011135977710288095,0.5277777777777778,0.15343028040528509,9,0,0.0
RMI1,1.2555142488824627e-05,9.293194724373368e-05,0.6428571428571429,0.15342229963647339,8,0,0.01
DONSON,0.0,9.233025800094833e-05,1.0,0.15658661165881138,11,0,0.0
DNM1L,3.424807422969188e-07,0.00012628851612629097,0.0,0.1277577732278425,4,0,0.02
DENR,0.0008898843183276509,0.00016602386226890703,0.047619047619047616,0.18079831497555476,7,0,0.02
BCAP31,9.535845588235295e-05,9.294006974811793e-05,0.0,0.12774670667899002,2,0,0.0
DNM1,0.00030834542358757416,0.00016837525062579896,0.19047619047619047,0.1557967309587577,7,0,0.0
MRPL20,0.00015556991164966438,0.00015075249172402436,0.7168627450980393,0.14032416139828255,51,1,0.78
GADD45GIP1,0.0021612645884155515,0.00018155019154436015,0.6523378582202112,0.14231128584923286,52,1,0.85
MRPL52,2.4823353858732303e-06,7.640572116800873e-05,0.83399209486166,0.1328204489805557,23,0,0.01
MRPL38,1.3996015749948237e-05,0.0001175755196237347,0.7880512091038406,0.1328742999599604,38,1,0.78
MRPL37,9.818549482542507e-06,0.00011483076181803407,0.8093883357041252,0.13288028609772495,38,1,0.67
GTPBP6,0.0,3.7270526974512205e-05,1.0,0.11996354620373369,8,0,0.0
MRPL39,6.6217129113268925e-06,0.00014581643500492412,0.7159863945578231,0.13291022487883924,49,1,0.91
MRPL45,8.798183433571404e-07,8.094630766846138e-05,0.9066666666666666,0.132826430267099,25,0,0.01
MRPL18,0.0,9.287314762375329e-05,0.9195402298850575,0.13285036080133325,30,1,0.61
MALSU1,1.9355874176563626e-05,9.856766583673993e-05,0.7486772486772487,0.13089594206453506,28,1,0.63
MRPL21,0.00016487878631846393,0.0001577179197962767,0.7010159651669086,0.14033083761977308,53,1,0.79
MRPL50,1.5624554402593835e-05,0.0001512311297913924,0.7074509803921568,0.13291920914405717,51,1,0.93
MRPL1,4.502292231032606e-06,8.693781429926655e-05,0.8746438746438746,0.13168193716287335,27,1,0.0
MRPL30,2.265250655263874e-06,0.00011782673380503729,0.8272604588394062,0.13288028609772495,39,1,0.75
MRPL10,1.4493639998983205e-05,0.00014613218751509537,0.7134353741496599,0.13291321949896134,49,1,0.99
MRPL28,3.3734731654064614e-06,0.00012583410347193712,0.7665505226480837,0.13288627277487836,42,1,0.75
GCK,9.535845588235295e-05,0.00014215825858113838,0.7777777777777778,0.12957622942982913,9,0,0.26
HK2,0.001202780330882353,0.00012822672173739685,0.8055555555555556,0.1537421793333959,9,0,0.0
ADPGK,0.0,0.00011708714429631335,1.0,0.12957338328952933,8,0,0.0
HK1,0.001202780330882353,0.00012822672173739685,0.8055555555555556,0.1537421793333959,9,0,0.0
G6PC2,0.0,0.00011708714429631335,1.0,0.12957338328952933,8,0,0.0
G6PC3,0.0,0.00011708714429631335,1.0,0.12957338328952933,8,0,0.0
GCKR,0.0,3.065658226884589e-05,0.0,0.1119562623791995,1,0,0.0
HK3,0.0,0.00011708714429631335,1.0,0.12957338328952933,8,0,0.0
HKDC1,0.0,0.00011708714429631335,1.0,0.12957338328952933,8,0,0.0
G6PC,0.0,0.00011708714429631335,1.0,0.12957338328952933,8,0,0.0
PTAR1,0.0027869643560437347,8.709434172761549e-05,0.5,0.16437034804598624,4,0,0.0
VTI1B,0.0001630847907805168,0.00017098296967711223,0.4090909090909091,0.13153219516650094,12,0,0.01
RABGGTB,0.0038620160523793784,0.00014967524832347102,0.2,0.13848598307445129,5,0,0.03
CHMP5,1.1293057190325258e-05,0.00010657564447220858,0.5818181818181818,0.13890337472091174,11,0,0.01
VPS4B,4.88209449155122e-06,8.78750088488701e-05,0.75,0.13889683362817923,9,0,0.0
RNF103-CHMP3,6.609993436956253e-08,7.277394058084478e-05,0.8571428571428571,0.1385250069513303,8,0,0.01
VPS4A,4.826122583557253e-06,8.141734186024363e-05,0.7857142857142857,0.13889356331282732,8,0,0.0
IST1,0.000881197831844494,0.00013292007791898688,0.42424242424242425,0.13578601005944207,12,0,0.02
VTA1,0.0,6.714388124236556e-05,0.9333333333333333,0.13194997251039883,6,0,0.01
SEC61B,0.002020772144468554,0.00012290542367305072,0.4083333333333333,0.15671140506926654,16,0,0.0
SEC61A1,0.0031820620816227275,0.00017657148707635756,0.28654970760233917,0.16180502005108346,19,0,0.09
RPN1,0.0002613004395330944,0.00018008063206828692,0.5163398692810458,0.13929039269491633,18,0,0.02
SSR2,0.0,5.948572416389461e-05,1.0,0.13205039780230568,5,0,0.0
SSR1,6.831743313564989e-07,8.547742489799898e-05,0.8928571428571429,0.13575163780974342,8,0,0.0
SEC61G,1.6136986891287088e-07,8.721269831786196e-05,0.75,0.13575476184062227,8,0,0.02
SEC61A2,0.0,4.0962521280581436e-05,1.0,0.1353871160612871,3,0,0.0
RPN2,0.0002586334954213193,0.0001699525376473789,0.5514705882352942,0.1392871038208916,17,0,0.03
SSR4,7.201045513212368e-07,9.488517042717691e-05,0.8333333333333334,0.13575476184062227,9,0,0.0
SSR3,6.818079826937859e-07,8.547742489799898e-05,0.8928571428571429,0.13575163780974342,8,0,0.0
DDOST,0.000259151799019358,0.0001699525376473789,0.5514705882352942,0.1392871038208916,17,0,0.03
C5,0.0006384797054383893,0.00017462097673556724,0.5151515151515151,0.17064674769366778,12,0,0.12
C8A,9.691181055767536e-06,0.00012159309583079104,0.9166666666666666,0.16691908607629669,9,0,0.03
C5AR2,0.0,4.8249384676180536e-05,1.0,0.14515828197107214,2,0,0.0
C9,4.373783151053721e-05,0.0001391986115788167,0.7333333333333333,0.16734999775950074,10,0,0.19
C8B,9.691181055767536e-06,0.00012159309583079104,0.9166666666666666,0.16691908607629669,9,0,0.03
C7,9.691181055767536e-06,0.00012159309583079104,0.9166666666666666,0.16691908607629669,9,0,0.03
C8G,0.0,8.731360294935198e-05,1.0,0.14720118330685966,6,0,0.03
PPIF,0.004357669306703332,0.000246944494978659,0.28095238095238095,0.1964267255268514,21,0,0.21
VDAC1,0.0069156944877974994,0.0003943715584153921,0.16774193548387098,0.1889400877913779,31,1,0.97
C3,0.001584043468727047,0.0005667372684933794,0.06153846153846154,0.15825430360077264,26,1,0.36
C6,0.0008694498502696287,0.00013466238302682555,0.7333333333333333,0.17621314398011773,10,0,0.09
SPG7,9.535845588235295e-05,0.00013344991176868006,0.7777777777777778,0.16691908607629669,9,0,0.07
C5AR1,0.0002587307200064795,5.1915674139087686e-05,0.0,0.16189383119332568,3,0,0.0
TNFSF8,0.0,3.9823993655200054e-05,0.0,0.11787330497986655,1,0,0.0
TNFRSF8,9.535845588235295e-05,7.909110757772141e-05,0.3333333333333333,0.13756879319564377,3,0,0.0
RLN1,0.0,8.430097710766509e-05,1.0,0.1195478249269916,4,0,0.0
INSL3,0.00017583426103223826,0.00011682817840124568,0.6666666666666666,0.12787685983443672,6,0,0.04
RLN3,0.0015107661270206579,0.00013254659365126607,0.5238095238095238,0.13984182204206336,7,0,0.07
INSL5,0.0,8.430097710766509e-05,1.0,0.1195478249269916,4,0,0.0
RLN2,0.00017583426103223826,0.00011682817840124568,0.6666666666666666,0.12787685983443672,6,0,0.04
PLGRKT,0.0,3.293511977348721e-05,0.0,0.15501070582884174,1,0,0.0
EDF1,3.4840262783971136e-08,3.1629896154836094e-05,0.9,0.15959870734869328,5,0,0.0
RPS10-NUDT3,1.98693190202788e-06,3.760409733891973e-05,0.8571428571428571,0.16552801563001293,7,0,0.01
SETX,4.057363318159407e-05,4.5264293601199605e-05,0.0,0.1691882703135458,2,0,0.0
NRDC,6.120920323074849e-06,4.9684588055068894e-05,0.0,0.1564371216691612,2,0,0.0
SH3KBP1,0.0006821781676936611,8.025773295680403e-05,0.6428571428571429,0.19256667170537314,8,0,0.03
PCDH15,0.0,8.871496276193364e-05,1.0,0.0003446295232624928,2,0,0.0
ACTC1,0.0004245596104446306,0.00020922679250787805,0.30833333333333335,0.15565695870553592,16,0,0.0
SETD3,3.5128400750207345e-05,7.66002091533199e-05,0.6,0.16844909825877788,6,0,0.01
CTC1,0.0,4.696327222861795e-05,1.0,0.13776798666532147,4,0,0.0
TEN1,0.0,6.0938586673117074e-05,0.8666666666666667,0.1377744218656702,6,0,0.0
SLC25A31,3.211037799079699e-05,0.00011414494657830194,0.8611111111111112,0.1656535177619949,9,0,0.01
SLC25A4,0.0008122039315023659,0.00012414373852537647,0.7333333333333333,0.18239147330248898,10,0,0.04
SLC25A5,0.0004874788524282943,0.000144579172884445,0.5,0.16948478483659143,13,0,0.04
BAX,6.0850687434025186e-05,0.00010850359638343018,0.6785714285714286,0.16755439034914651,8,0,0.0
VDAC3,1.4032988105634668e-05,0.00011731963704802889,0.8333333333333334,0.16384078380842662,9,0,0.12
VDAC2,1.4032988105634668e-05,0.00011731963704802889,0.8333333333333334,0.16384078380842662,9,0,0.12
ITPR1,0.003227036341257326,0.00025446087363744215,0.13333333333333333,0.19068065491231861,16,0,0.0
CP,0.0004515413469149045,0.00013812663165052542,0.3,0.13500291607978765,5,0,0.0
CTSS,2.0120629407618896e-05,8.302335623327729e-05,0.3333333333333333,0.13974575180684626,3,0,0.0
CAMP,0.00032009599730432295,0.00011550802162334341,0.13333333333333333,0.15437383667920346,6,0,0.0
BPI,0.0,3.765134328441957e-05,0.0,0.12099699349842888,1,0,0.0
DHX33,0.00014948287853811464,0.0001296041321092033,0.8222222222222222,0.16720769333963723,10,0,0.02
MAVS,0.006456330423642238,0.0003402151890541932,0.1625615763546798,0.1999894030247958,29,1,0.85
CARD8,0.00019126880070769633,0.0001639111698223902,0.5606060606060606,0.16078626893680398,12,0,0.01
CASP5,2.6843976813644786e-05,0.00013618095848737734,0.8222222222222222,0.15542319644374655,10,0,0.02
NLRP9,0.0,0.00011937600451940631,1.0,0.15541910161825273,9,0,0.0
NLRP6,1.3424795884822835e-06,0.0001553631712653847,0.7727272727272727,0.15638735508131812,12,0,0.03
RCL1,1.9030484154385815e-05,0.00014134940355395794,0.9490196078431372,0.16715083931266012,51,1,0.98
NAT10,0.00011383268514734322,0.00015789345346556245,0.9004524886877828,0.16698523568438875,52,1,0.95
RRP7A,5.992097479452213e-08,0.0001377735513189338,0.9812244897959184,0.1671413674001927,50,1,0.89
P2RX5,3.1709558823529305e-05,0.00013396482162212885,0.8444444444444444,0.14635028830560684,10,0,0.0
P2RX6,3.1709558823529305e-05,0.00013396482162212885,0.8444444444444444,0.14635028830560684,10,0,0.0
GRIN2D,0.0001348652843755699,0.00017060601828698736,0.6923076923076923,0.15732997522396056,13,0,0.09
P2RX3,3.17731050335965e-05,0.00013396482162212885,0.8444444444444444,0.14635028830560684,10,0,0.0
P2RX4,0.0,0.00011957184499294593,1.0,0.14634665759563376,9,0,0.0
P2RX1,0.0,0.00011957184499294593,1.0,0.14634665759563376,9,0,0.0
P2RX2,0.0,5.128205443173599e-05,1.0,0.12426718251189992,3,0,0.0
GRIN2C,0.0001348652843755699,0.00017060601828698736,0.6923076923076923,0.15732997522396056,13,0,0.09
GRIN1,0.0011580961953177515,0.0002037153179114036,0.5,0.16967978545194734,16,0,0.16
GRIN2A,0.0011714013126096759,0.00025026177293302384,0.42483660130718953,0.16978234051007055,18,0,0.11
P2RX7,9.535845588235295e-05,0.00014360431930911618,0.8,0.14635028830560684,10,0,0.02
EPX,0.0,9.950185234725642e-05,1.0,0.09497194547159096,2,0,0.0
RNASE2,0.0001907169117647059,0.00014106563655555892,0.3333333333333333,0.10735372922697727,3,0,0.0
RNASE3,0.0,9.950185234725642e-05,1.0,0.09497194547159096,2,0,0.0
NUFIP2,0.0,3.1993194052486594e-05,0.0,0.13899173981015034,1,0,0.0
RPL26,0.0006384887788077766,0.00017085961501524342,0.9096045197740112,0.1927113593486786,60,1,0.99
RPLP2,2.7329556566343834e-07,0.0001729577859321644,0.9743589743589743,0.1866858894592361,66,1,0.97
CSF3,0.0004941753418908789,0.00020028758872710377,0.4,0.1651110451472907,15,0,0.0
PRL,0.0005795285321506281,0.0001459376796150913,0.6727272727272727,0.15300050370947196,11,0,0.07
CNTF,0.00016363948745813935,0.0001724601119214615,0.5909090909090909,0.14329999079391734,12,0,0.01
CSH2,0.0,0.00012378317377552707,1.0,0.1418527249800991,9,0,0.0
GH1,0.0003715090674396869,0.000166996692505145,0.5606060606060606,0.15674888188931288,12,0,0.08
LEP,0.00021704292259510047,0.00018603890242555068,0.5454545454545454,0.143407983980124,12,0,0.01
CSH1,0.0,0.00012378317377552707,1.0,0.1418527249800991,9,0,0.0
IL1A,0.0002557114309577482,0.00016391663685189173,0.3090909090909091,0.16759723339457927,11,0,0.0
CSF2,0.0001909345866229569,0.00017360890842377434,0.24242424242424243,0.16725035924760853,12,0,0.0
GH2,0.0,0.00012378317377552707,1.0,0.1418527249800991,9,0,0.0
CSF3R,0.0,3.998874863961053e-05,1.0,0.15547644881720524,2,0,0.0
THPO,3.499747347399263e-06,0.00014075077255825937,0.8,0.1418561361313551,10,0,0.1
WNT3,0.0,7.738830518684971e-05,1.0,0.14820710552024724,4,0,0.0
FZD8,7.889242285746237e-06,0.00013534688816046103,0.35714285714285715,0.14949916168738187,8,0,0.0
WNT3A,0.0002022645944171038,0.00016807492211998954,0.3333333333333333,0.1482443500370015,9,0,0.0
RPS6KB1,9.535845588235295e-05,7.047195718332892e-05,0.3333333333333333,0.14309837524312055,3,0,0.0
RPTOR,0.0020013347455383576,0.00032298991945034033,0.26153846153846155,0.17050864008504785,26,1,0.7
RPS6KB2,0.0,3.725064474351526e-05,0.0,0.12190967825378496,1,0,0.0
NAA80,0.0,4.960614517770792e-05,1.0,0.16822332737395276,3,0,0.0
XPO6,0.0,2.9489874344021516e-05,0.0,0.14499059679060122,1,0,0.0
RASD1,0.0,4.65986360635084e-05,0.0,0.12063326764324657,1,0,0.0
NOS1AP,9.535845588235295e-05,6.817131855971544e-05,0.0,0.14134290351309184,2,0,0.0
C1QBP,0.00012567765993630944,0.00010697055041960376,0.0,0.14996663161029086,4,0,0.0
F12,0.0,4.0232454515878646e-05,0.0,0.12685936691732222,1,0,0.0
CCDC47,0.0,0.00011486331265793706,0.0,0.00011487650775416428,1,0,0.0
TMCO1,0.0,0.00011486331265793706,0.0,0.00011487650775416428,1,0,0.0
MED23,4.9133536151200324e-08,0.00012132524271501749,0.9849462365591398,0.16040590115897327,31,1,0.99
MED19,4.9133536151200324e-08,0.00012132524271501749,0.9849462365591398,0.16040590115897327,31,1,0.99
MED15,4.736600221454874e-08,0.00011786756826292089,0.9954022988505747,0.16040153957697476,30,1,0.96
MED13,7.446241396734412e-06,0.0001321252659435592,0.8863636363636364,0.16238404043774501,33,1,0.94
MED27,4.9133536151200324e-08,0.00012132524271501749,0.9849462365591398,0.16040590115897327,31,1,0.99
CDK8,7.645250962723414e-06,0.00013547473200463669,0.8841354723707665,0.16238851050244724,34,1,0.94
MED16,6.498045474947969e-06,0.00012999622378199975,0.9299242424242424,0.16238404043774501,33,1,0.99
CCNC,9.559842007701121e-05,0.00014421553617755933,0.8768939393939394,0.16041462503460055,33,1,0.84
MED25,4.736600221454874e-08,0.00011447059306180909,0.9975369458128078,0.16039717823216054,29,1,0.78
MED24,4.9133536151200324e-08,0.00012132524271501749,0.9849462365591398,0.16040590115897327,31,1,0.99
MED9,4.9133536151200324e-08,0.00012132524271501749,0.9849462365591398,0.16040590115897327,31,1,0.99
MED1,0.004269139895751898,0.0002360790213642856,0.5143385753931545,0.19800246437157726,47,1,0.96
MED8,1.086091063624441e-05,0.0001300305148992157,0.8996212121212122,0.16669268476143437,33,1,0.78
MED29,1.0354969869731475e-05,0.00013363019753141842,0.875222816399287,0.16333270817128778,34,1,0.9
MED28,3.6332774633167314e-05,0.00013226262213253978,0.875222816399287,0.16911066768977442,34,1,0.75
MED30,3.6447278262095276e-05,0.0001336146242273563,0.8698752228163993,0.17000741868706304,34,1,0.66
MED12,6.498045474947969e-06,0.00012999622378199975,0.9299242424242424,0.16238404043774501,33,1,0.99
MED4,6.498045474947969e-06,0.00012999622378199975,0.9299242424242424,0.16238404043774501,33,1,0.99
MED11,6.498045474947969e-06,0.00012999622378199975,0.9299242424242424,0.16238404043774501,33,1,0.99
CDK19,0.0017416543697069205,0.00014092651204863097,0.8770161290322581,0.1602969327198283,32,1,0.79
MED13L,1.5620794221425295e-07,0.00011012100286063203,0.9401709401709402,0.16027515679569637,27,1,0.09
DRG2,0.0,0.00011486331265793706,0.0,0.00011487650775416428,1,0,0.0
RWDD1,0.0,0.00011486331265793706,0.0,0.00011487650775416428,1,0,0.0
AKAP10,0.0,5.791326006509595e-05,1.0,0.12749821520321608,2,0,0.0
PRKAR2A,0.00031704400497340195,0.0002447742178021777,0.24358974358974358,0.15085636817262688,13,0,0.01
PDZK1,0.0,5.791326006509595e-05,1.0,0.12749821520321608,2,0,0.0
DDX5,0.0018074012333803085,0.00010510937317165121,0.25,0.19408723501422653,9,0,0.0
DROSHA,0.0013502030005660957,0.0001607212875060539,0.1794871794871795,0.1896751686769686,13,0,0.0
ESR1,0.023630679017958366,0.0004541257300105102,0.11839323467230443,0.2181776544501221,44,1,1.0
NANOGP8,0.00019821724644980736,7.451170670777943e-05,0.5,0.1807761528874234,5,0,0.0
DDX17,5.029649804719797e-05,6.799695672852959e-05,0.6,0.18851140577836578,5,0,0.01
DGCR8,6.994861832007082e-05,9.612902346587065e-05,0.19047619047619047,0.16562096190191478,7,0,0.0
ASIC2,0.0,0.00011486331265793706,0.0,0.00011487650775416428,1,0,0.0
ASIC1,0.0,0.00011486331265793706,0.0,0.00011487650775416428,1,0,0.0
CCL2,9.347424030308806e-05,0.00020393637574998345,0.3088235294117647,0.15438191675230695,17,0,0.0
CCRL2,0.0005130199856963674,0.0001433772415183463,0.19444444444444445,0.15277860305144517,9,0,0.0
ACKR1,0.00012103985403354625,0.0001237042512889869,0.07142857142857142,0.14731881779642886,8,0,0.0
CCR1,0.0024355270152328634,0.00034038251938990134,0.22666666666666666,0.16033614429828227,25,0,0.19
CCL8,4.337241807811655e-06,9.362565390039057e-05,0.7142857142857143,0.14347425384333107,7,0,0.0
CCL1,0.0007171776303112926,5.672705557448256e-05,0.16666666666666666,0.1570159015443812,4,0,0.0
CCL13,0.0,6.068441945759823e-05,1.0,0.14323040404560775,4,0,0.0
KAT2A,0.001974210646512913,0.0002099024440192711,0.47297297297297297,0.19001119052446053,37,1,0.93
TAF6L,4.397382331760018e-05,0.00012474258974764423,0.8660968660968661,0.17848438537479655,27,1,0.99
TADA2A,6.003398667622909e-05,0.0001325479754164284,0.7378917378917379,0.17642922063112815,27,1,0.75
MAML1,5.3350894240676546e-05,8.404653433894757e-05,0.6190476190476191,0.1800093808862226,7,0,0.0
SGF29,0.0006181830144899995,0.00020446991395896006,0.40333024976873266,0.184872212260566,47,1,0.79
KAT2B,0.0045805776540068744,0.00033088265247489904,0.2734422262552934,0.19862247208829634,58,1,0.88
USP22,1.5866085812998834e-05,0.00012560449226373991,0.8769230769230769,0.1750003684779258,26,1,0.84
TRRAP,0.004139656072283178,0.00031873127118262924,0.34375,0.2033326699649249,64,1,0.99
TAF9B,8.356935843871806e-05,0.00019488879074735076,0.6191919191919192,0.17612370636598798,45,1,0.98
TADA3,7.322402601233653e-05,0.00015263250297085833,0.6774193548387096,0.17646088606109483,31,1,0.87
KAT14,2.282489203215467e-06,6.758401264047312e-05,0.7777777777777778,0.16500943835027695,10,0,0.0
ZZZ3,0.00016135161373339818,0.0001310679598938658,0.452991452991453,0.17430746154366933,27,1,0.1
SUPT3H,4.4061947212024226e-05,0.00012474258974764423,0.8660968660968661,0.17848438537479655,27,1,0.96
TAF12,0.0004212717086266873,0.00020520087344453683,0.5567375886524822,0.18537764505758283,48,1,0.92
TAF2,7.87505409042058e-05,0.00017710262694643994,0.6731707317073171,0.1760921618215642,41,1,0.97
SUPT20H,0.00023280641087234055,0.00013327134760784983,0.8188405797101449,0.17834948062106667,24,0,0.14
ENY2,0.00267687505303087,0.00022718487269783453,0.4493927125506073,0.18424859983828595,39,1,0.97
EP300,0.018498545397899573,0.0008710728415779119,0.08717948717948718,0.22113009037831843,91,1,1.0
SUPT7L,4.397382331760018e-05,0.00012474258974764423,0.8660968660968661,0.17848438537479655,27,1,0.99
TAF10,0.0004836515834142127,0.0002177289646654809,0.5493877551020409,0.1813374141902309,50,1,0.98
RBPJ,0.0007861690496661594,0.00019870924096258264,0.13333333333333333,0.17330887305430406,15,0,0.0
TAF5,0.00012816309759911863,0.0001946794078866653,0.6111111111111112,0.17725623260283657,45,1,0.96
SOD2,3.313096381414155e-05,4.308460437315552e-05,0.3333333333333333,0.16539806597382384,3,0,0.0
ATXN7L3,4.9099947140210945e-05,0.00013661844597857075,0.8148148148148148,0.17500556013475738,27,1,0.86
TAF5L,4.397382331760018e-05,0.00012474258974764423,0.8660968660968661,0.17848438537479655,27,1,0.99
ATXN7,5.374025376294319e-05,9.9846596577621e-05,0.8473684210526315,0.17673050184314693,20,0,0.04
CREBBP,0.009437783364675531,0.000635600985270184,0.18364197530864199,0.21428629521676779,81,1,0.99
TADA1,4.397382331760018e-05,0.00012474258974764423,0.8660968660968661,0.17848438537479655,27,1,0.99
TADA2B,0.0,9.10083658093273e-05,1.0,0.17464288652443605,18,0,0.0
ABI3,9.535845588235295e-05,0.00010895891916115898,0.7142857142857143,0.14354058498241723,7,0,0.0
WASF1,6.249333848720114e-05,0.00014366204687531978,0.7636363636363637,0.15186220674533146,11,0,0.0
ABI3BP,0.0,3.046732508804238e-05,0.0,0.12223047990183583,1,0,0.0
BRK1,7.140135489863872e-05,0.00015544882857418784,0.7424242424242424,0.1523957586355215,12,0,0.05
NCKAP1L,3.9961125035254974e-06,0.00014147697320623841,0.8363636363636363,0.14764328422030787,11,0,0.08
CYFIP1,0.001119567105734285,0.0002331522190302568,0.3660130718954248,0.16303928530823064,18,0,0.03
NCKAP1,0.00036669630678217775,0.00016764501318179055,0.6282051282051282,0.1598062366858753,13,0,0.08
WASF2,0.00070530511663245,0.00016783273085550792,0.6025641025641025,0.16010985292102922,13,0,0.06
COL1A1,0.0,0.0001198744472700134,0.9,0.0007722254132363266,5,0,0.0
COL1A2,8.042279411764706e-07,0.0001833116729755813,0.5357142857142857,0.0009266704958835918,8,0,0.0
COL5A2,0.0,0.0001198744472700134,0.9,0.0007722254132363266,5,0,0.0
COL11A1,6.893382352941177e-07,0.00018641548073643156,0.4642857142857143,0.0009266704958835918,8,0,0.0
COL5A1,0.0,9.932459845112297e-05,1.0,0.000695002871912694,4,0,0.0
MRPL15,1.9801991949989883e-05,0.00013689733935751117,0.7668825161887142,0.13306312275330795,47,1,0.8
MRPL54,0.0,3.5061541582960975e-05,1.0,0.13077116872140104,7,0,0.0
MRPL57,0.0,6.51983736973234e-05,0.9239766081871345,0.12638103179344004,19,0,0.11
MRPL48,3.176468602167929e-07,5.546820423621223e-05,0.9619047619047619,0.12637020245972452,15,0,0.02
MRPL35,1.1092306709930244e-06,8.37304968126226e-05,0.8830769230769231,0.13283839445645831,26,1,0.03
DDX28,0.0,2.8388533260090446e-05,0.5,0.11995134958056082,4,0,0.0
HDAC5,1.051496652412496e-05,5.584407275188823e-05,0.3333333333333333,0.1641097040288878,3,0,0.0
HDAC4,0.002565014327681793,0.0001632747794694032,0.07575757575757576,0.1897850085584532,12,0,0.0
NR2E1,4.043907793798767e-05,4.089917905622078e-05,0.0,0.15584612229267675,2,0,0.0
DUSP3,9.535845588235295e-05,0.0001425199815916133,0.5,0.12684572788505571,4,0,0.06
PTPN5,0.0,0.00010310542332938039,1.0,0.12684300043052446,3,0,0.0
PTPRR,0.0,0.00010310542332938039,1.0,0.12684300043052446,3,0,0.0
VRK3,0.0,4.77143690585504e-05,0.0,0.10991200873884223,1,0,0.0
CACNG1,0.0,2.746705296912238e-05,0.0,0.13753030613439024,1,0,0.0
RCVRN,0.0,5.061105799916163e-05,0.0,0.11540588897844903,1,0,0.0
GRK1,0.0001991394558539318,0.00014862144131579832,0.0,0.13421964053201066,4,0,0.0
ITGA2B,0.0009500488172192819,0.00015813577689167575,0.32727272727272727,0.17461187014629412,11,0,0.03
APOE,0.008387830994771486,0.0003884978045447417,0.13405797101449277,0.18710629982943416,24,0,0.47
ALB,0.008732123911459656,0.0004606307312262972,0.052307692307692305,0.1872072425826664,26,1,0.94
NID1,0.00014620144180641645,0.00010282927095113986,0.3333333333333333,0.17505749365013948,6,0,0.0
CD38,0.00010765709311121713,7.652911418045173e-05,0.0,0.16832893197381654,3,0,0.0
BST1,0.0,3.895686945848192e-05,0.0,0.13975568398536842,1,0,0.0
LAP3,0.0,4.2228970800282397e-05,0.0,0.1364645003475155,1,0,0.0
CXCL6,0.0,4.906685371626052e-05,1.0,0.14499059679060122,3,0,0.0
CXCL5,7.450798496772109e-06,9.464378631668052e-05,0.6190476190476191,0.1508216557416307,7,0,0.0
JADE1,0.0,3.935465115436621e-05,1.0,0.16093101868786558,4,0,0.0
ING4,0.00015869037117713684,0.00011975550764643011,0.39920948616600793,0.18927350790972505,23,0,0.01
MEAF6,0.00033446478859521265,0.00017819534563021338,0.5010752688172043,0.18344644777256588,31,1,0.89
KAT7,7.34157123246984e-05,7.504130259831251e-05,0.5777777777777777,0.16358181523549445,10,0,0.0
ING5,0.000173748985175384,7.704029312102648e-05,0.6,0.18196950524469124,10,0,0.0
GNRHR,0.0,9.367082172871192e-05,0.0,0.00015316867700555236,1,0,0.0
GNRH1,0.0,0.00015724829451638727,0.0,0.00022975301550832856,2,0,0.0
SULT1E1,0.0,2.643766466242372e-05,0.0,0.15805925247903116,1,0,0.0
TERT,0.0035413987307052505,0.000248499280261739,0.18181818181818182,0.19561254173234743,23,0,0.07
PF4V1,0.0,7.770836135102589e-05,1.0,0.13581101899397735,6,0,0.0
CXCL13,2.8643493319789543e-05,0.00015344034568116042,0.41025641025641024,0.14935911031553578,13,0,0.0
CXCL10,4.070245871964796e-05,0.00017624773846958443,0.4095238095238095,0.15193260929307958,15,0,0.0
PF4,9.72477568160118e-06,0.00010969276408271983,0.5277777777777778,0.14879776569611303,9,0,0.0
CXCL11,1.1087039957499117e-05,0.00011217864004070149,0.6666666666666666,0.15352211895959403,9,0,0.0
TNIP2,7.624537984608028e-05,6.881444463499608e-05,0.4,0.18021284966769724,5,0,0.0
KLF2,0.0,3.9411977825085455e-05,1.0,0.16594242935166675,2,0,0.0
NFKBIZ,0.0,3.9411977825085455e-05,1.0,0.16594242935166675,2,0,0.0
JUN,0.005358537645062058,0.0005093658315190034,0.11406423034330011,0.20362745671461516,43,1,1.0
KPNA4,0.0002307960189083111,0.00012227909645647235,0.10714285714285714,0.17907496269268416,8,0,0.0
MAP3K8,0.0,4.060889500336466e-05,1.0,0.16052812183036905,2,0,0.0
IL5,1.7910550443370934e-05,0.0001145912740118365,0.3333333333333333,0.15225023024370002,7,0,0.0
JCHAIN,0.0,4.568804632560886e-05,1.0,0.1391327017387769,2,0,0.0
ACE2,0.0027826400053212173,0.0003891285100502039,0.09803921568627451,0.16874302528740528,18,0,0.4
IL4,0.00021900222667375086,0.00016827530811952215,0.2878787878787879,0.16354100027785204,12,0,0.0
PIGR,0.0008691144404928381,7.643025802868918e-05,0.3333333333333333,0.15366208442361035,4,0,0.0
IL3,2.4621467906327264e-05,0.00014460782674120346,0.2777777777777778,0.15105337415876888,9,0,0.01
GAR1,0.0,8.369026778993008e-05,1.0,0.16172960715620016,8,0,0.0
NOP10,0.00031267683847939563,0.0001333174672968901,0.5032679738562091,0.1676162817816219,18,0,0.04
NVL,0.0008888345418487882,9.282581710084718e-05,0.7777777777777778,0.16203613198435426,9,0,0.0
NHP2,6.87027808405533e-05,9.6343634943231e-05,0.6363636363636364,0.1653331676295516,11,0,0.0
WRAP53,0.0,8.369026778993009e-05,1.0,0.16172960715620016,8,0,0.0
TEP1,0.0001907169117647059,0.0001233682206594718,0.6444444444444445,0.1617384756127108,10,0,0.01
FRG1,0.0,2.3748924140855604e-05,1.0,0.14477709274584993,2,0,0.0
B4E171_HUMAN,0.0,3.2626043322085606e-05,0.0,0.135006005744877,1,0,0.0
CD9,0.0005198456029815155,0.00014128702874403878,0.2777777777777778,0.17983377803927691,9,0,0.01
SPI1,0.0016128125836235812,0.00015448418582764242,0.1111111111111111,0.17271013646277086,10,0,0.0
IRF4,7.791853471564918e-05,6.105742267229927e-05,0.0,0.16261681059164187,3,0,0.0
IRF8,0.0,4.588614646153836e-05,1.0,0.15174111073727753,2,0,0.0
GATA1,0.00044870187869012655,0.00014908087491613133,0.38181818181818183,0.17929266977759412,11,0,0.22
MITF,4.8876033832861904e-05,6.551205673893879e-05,0.3333333333333333,0.14469186708418938,3,0,0.0
GATA2,9.055012243152776e-05,0.00011711639977078387,0.5714285714285714,0.16690964041033304,8,0,0.0
RUNX1,0.002347052609726036,0.0002776535076273223,0.10276679841897234,0.19858903959004884,23,0,0.03
IRF1,0.0004677118188517207,0.00010897751125504338,0.2,0.18356061303240503,6,0,0.0
FOS,0.0010989840051316977,0.0002834104149040112,0.18478260869565216,0.19267988702059058,24,0,0.01
CEBPA,0.00015189649011837898,8.229090604169489e-05,0.2,0.1698996981948216,6,0,0.0
CRTAM,5.862110469187676e-07,5.6059456253392976e-05,0.0,0.13288627277487836,2,0,0.02
NECTIN2,0.0005515083897180971,0.00022039487121842157,0.2,0.15381032568566738,11,0,0.0
CADM1,0.0001593770998708855,0.00012555541954540483,0.1,0.14630673167218258,5,0,0.0
DTX4,0.0,4.709225465534957e-05,0.0,0.12913091130228752,1,0,0.0
NLRP4,9.535845588235295e-05,6.972304187726932e-05,0.0,0.15315144662293995,2,0,0.0
UNC93B1,8.321596439734172e-07,4.795274307660886e-05,0.0,0.14223922602711164,2,0,0.0
TLR7,1.883743155823944e-05,8.206090043254078e-05,0.3333333333333333,0.15926691922088612,4,0,0.01
TLR3,0.0002252896708647543,0.00010888183901868911,0.09523809523809523,0.17188984006009503,7,0,0.0
CCND1,0.0011880741578889087,0.00014823111459172575,0.3717948717948718,0.19548289826763432,13,0,0.37
CDK6,0.00024602798306673143,0.00019018641253984214,0.4083333333333333,0.17632375122615976,16,0,0.02
CCND3,9.040850542091057e-05,0.00011680811133590222,0.7222222222222222,0.17286196510058022,9,0,0.0
FBXO31,4.072434321942563e-06,3.731998671872326e-05,0.0,0.16984588912306808,2,0,0.0
CDK1,0.0012933662534112234,0.0002147596791263131,0.21323529411764705,0.1701299942614755,17,0,0.01
CDKN1C,5.050236214771587e-07,9.331107675141858e-05,0.8928571428571429,0.17443116062043235,8,0,0.01
CDKN1A,0.00039657007884761535,0.000196540660741218,0.3088235294117647,0.18089811165355416,17,0,0.02
CCND2,0.0,8.479832980113362e-05,1.0,0.1723720135880081,7,0,0.0
CWF19L2,4.568881171262326e-06,7.920594052662328e-05,0.9738562091503268,0.16352286683360778,18,0,0.05
PANX1,0.0,2.9400075628129637e-05,0.0,0.12426194723363598,1,0,0.0
APOC3,9.197240679957491e-05,0.00013671803681606363,0.6428571428571429,0.1638635394728445,8,0,0.05
APOC2,8.949729695150714e-07,0.00012159006789449441,0.8571428571428571,0.15710371570540896,7,0,0.08
APOC1,1.2665222338935574e-07,0.00010806921433849578,0.9333333333333333,0.1558790672503541,6,0,0.04
APOA2,0.00010171859924353178,0.00016527908818013363,0.6111111111111112,0.157460159647192,9,0,0.02
APOA4,3.938926649492456e-07,0.00010598847946840972,0.9333333333333333,0.15709953185146208,6,0,0.01
APOB,0.0006835487351304485,0.00021286532581886209,0.2,0.16150821139007257,11,0,0.0
IL10RA,9.258724707140514e-05,8.473048275538018e-05,0.6,0.16717926149244464,5,0,0.0
TYK2,0.00042498966429562536,0.00023843596686130364,0.2426470588235294,0.16921253574156392,17,0,0.01
IL10RB,0.0003906160447416422,0.00023752128470178743,0.22727272727272727,0.1484570017370244,12,0,0.02
IL10,1.3327539090379212e-06,7.336814142226959e-05,0.5,0.14900824524545708,4,0,0.0
SLC27A1,2.297794117647059e-07,0.00011433225649319695,0.0,0.0003752632586636033,2,0,0.0
SLC25A3,0.0,3.495066990469179e-05,1.0,0.15438999767129213,4,0,0.0
CBX1,0.0007068705472573971,0.00011951699068483552,0.37318840579710144,0.17206531971247233,24,0,0.01
POLR3B,1.0588151187692337e-05,9.080487342770776e-05,0.9411764705882353,0.15676554400803616,17,0,0.0
POLR3G,1.0588151187692337e-05,9.080487342770776e-05,0.9411764705882353,0.15676554400803616,17,0,0.0
POLR3GL,0.0,5.783537871498193e-05,1.0,0.1317407526245567,9,0,0.0
POLR3A,1.0588151187692337e-05,9.080487342770776e-05,0.9411764705882353,0.15676554400803616,17,0,0.0
POLR3H,1.0588151187692337e-05,9.080487342770776e-05,0.9411764705882353,0.15676554400803616,17,0,0.0
POLR3D,1.0588151187692337e-05,9.080487342770776e-05,0.9411764705882353,0.15676554400803616,17,0,0.0
POLR3K,0.0,8.536484610435809e-05,1.0,0.15676137814627303,16,0,0.0
POLR3C,1.0588151187692337e-05,9.080487342770776e-05,0.9411764705882353,0.15676554400803616,17,0,0.0
POLR3E,1.0588151187692337e-05,9.080487342770776e-05,0.9411764705882353,0.15676554400803616,17,0,0.0
POLR3F,1.0588151187692337e-05,9.080487342770776e-05,0.9411764705882353,0.15676554400803616,17,0,0.0
CD69,0.0,4.4167460674039035e-05,0.0,0.12642436769512871,1,0,0.0
S1PR1,0.0018398469733584809,0.0001274616225916722,0.16666666666666666,0.14935911031553578,4,0,0.01
CLEC2B,0.0,0.00011486331265793706,0.0,0.00011487650775416428,1,0,0.0
KLRF1,0.0,0.00011486331265793706,0.0,0.00011487650775416428,1,0,0.0
SELPLG,3.6408635928942177e-05,0.00011140306871084668,0.23809523809523808,0.16272446819547615,7,0,0.0
VCAM1,0.0007872628318753536,0.00023573541109890258,0.23529411764705882,0.18255515940528566,17,0,0.0
CD40LG,0.00011322601142075492,0.00013951963974155485,0.3888888888888889,0.16540734132521312,9,0,0.02
DAO,0.0,5.282325811098165e-05,1.0,0.13610242532871283,2,0,0.0
AGXT,0.0011371303183029466,0.00011525426422455905,0.26666666666666666,0.16303928530823064,6,0,0.0
AGXT2,0.00021455652573529414,0.0001354532351027876,0.3333333333333333,0.1361306923206351,6,0,0.0
MLEC,0.0,8.912671979231462e-05,1.0,0.11915422600433064,8,0,0.01
MAGT1,0.0,9.850144215968031e-05,0.9722222222222222,0.11915663282005375,9,0,0.01
STT3B,1.0009999697765547e-05,0.00010891400842633829,0.9111111111111111,0.13021118269959386,10,0,0.09
DAD1,2.1837544265797607e-05,0.00013104634660455499,0.7424242424242424,0.13021693128388154,12,0,0.17
TMEM258,1.0695018749966281e-05,0.00011837598869683205,0.8545454545454545,0.13021405692829174,11,0,0.15
OST4,0.0,0.00010797725378401679,0.9111111111111111,0.11915903973301016,10,0,0.05
IL23A,0.0,6.306876003855821e-05,1.0,0.13972258221275227,3,0,0.0
IL23R,2.2647085374237182e-05,8.915777673698705e-05,0.6,0.1553127118377758,5,0,0.0
IL12B,0.0003057816472306043,9.866406680870434e-05,0.3,0.16168084802451352,5,0,0.03
IL12RB1,3.590308004367144e-05,0.00013043179315475943,0.4642857142857143,0.15625066008959052,8,0,0.02
GLI1,0.0003387108845274577,7.701608308705683e-05,0.6,0.15674888188931288,5,0,0.01
KIF7,0.0003361803671366625,9.733911700266469e-05,0.4666666666666667,0.15297273088251437,6,0,0.0
SUFU,0.0009238203762413574,8.881921834742395e-05,0.6,0.14409808542240463,5,0,0.0
GLI2,0.0007895541339007365,0.00012346217688928476,0.3333333333333333,0.1669946899086313,9,0,0.0
GLI3,0.0,7.103853326703346e-05,1.0,0.14395040070820891,4,0,0.0
ITFG2,9.531931510078982e-05,0.00011920522265716036,0.6666666666666666,0.1051549478782581,4,0,0.0
KPTN,0.0,9.51894842997236e-05,1.0,0.09324851286747812,3,0,0.0
BMT2,0.002029334404102322,7.873356361889982e-05,0.3333333333333333,0.12053959870496742,3,0,0.0
C12orf66,9.512867647058823e-05,0.00011920522265716036,0.6666666666666666,0.1051549478782581,4,0,0.0
SZT2,0.0,9.51894842997236e-05,1.0,0.09324851286747812,3,0,0.0
ARPC5L,0.0,0.00010990669805575105,1.0,0.1657885284981845,10,0,0.0
ACTR3B,4.022774469387042e-07,8.422740632952254e-05,0.8571428571428571,0.17132572667932158,7,0,0.0
ARPC1A,0.0,0.00010990669805575105,1.0,0.1657885284981845,10,0,0.0
FGF6,1.620342936513474e-05,8.500784276074798e-05,0.2,0.15821610355430873,6,0,0.0
MYL2,0.0,7.548916317454576e-05,1.0,0.13187917598583535,5,0,0.0
MYL4,0.0,7.548916317454576e-05,1.0,0.13187917598583535,5,0,0.0
MYL3,0.0,7.548916317454576e-05,1.0,0.13187917598583535,5,0,0.0
RAD51AP1,4.375339236276934e-08,3.543827220502135e-05,0.0,0.1567905438290028,2,0,0.01
PALB2,0.0003007636849832719,9.919950771311884e-05,0.2777777777777778,0.1809258525079712,9,0,0.0
WDR48,0.00010846755284887968,0.00010388639613832303,0.5111111111111111,0.1816948723633967,10,0,0.0
CCNA1,4.6681939758528234e-05,0.0001021262234497269,0.5833333333333334,0.17335470983638665,9,0,0.0
CCNL2,0.000105492859530594,7.910148970966219e-05,0.5714285714285714,0.1719349292049665,7,0,0.0
CCNE2,0.0,5.445240642954108e-05,1.0,0.1633553229126717,4,0,0.0
CKS1B,0.00011502241441034728,0.00010669995511821053,0.6388888888888888,0.17346175667555871,9,0,0.0
SPDYA,3.5754222069337085e-05,4.968528944266123e-05,0.6666666666666666,0.16265716549542011,3,0,0.0
CCNE1,3.2627030208096235e-05,9.646540599819781e-05,0.5714285714285714,0.17459119868066772,8,0,0.0
LTBR,0.00012636463469676122,0.00010295297213975803,0.26666666666666666,0.1606855366371323,6,0,0.0
LTB,0.0,4.721152859944233e-05,1.0,0.136606706829595,2,0,0.0
TNFSF14,1.0493079949640744e-05,8.448991806651517e-05,0.16666666666666666,0.14047453019532316,4,0,0.0
OAS3,0.0,0.00011486331265793706,1.0,0.00022975301550832856,2,0,0.0
OAS2,0.0,0.00011486331265793706,1.0,0.00022975301550832856,2,0,0.0
OAS1,0.0,0.00011486331265793706,1.0,0.00022975301550832856,2,0,0.0
RAC2,0.0001989217524876535,0.00018482267236737904,0.358974358974359,0.17049385609891332,13,0,0.0
FZD10,1.1488094355862787e-06,7.278053211179323e-05,0.16666666666666666,0.13394839738924616,4,0,0.0
GPC4,3.496347144669257e-05,0.00016441062810447642,0.0,0.14597004481286716,10,0,0.0
BAMBI,0.0004189380469022288,0.00020466687463085642,0.10256410256410256,0.1595728040743995,13,0,0.0
WNT7A,3.59605368873896e-05,0.0001335121208250295,0.35714285714285715,0.15025311176542627,8,0,0.02
RYK,4.348143329442583e-05,0.00022405222315424416,0.25274725274725274,0.14817732337852355,14,0,0.0
IL26,0.0,3.410031877778691e-05,0.0,0.1257774337652161,1,0,0.0
IFNG,1.399179577167479e-05,6.728511435341572e-05,0.5,0.16175621544386742,4,0,0.0
IFNGR1,3.1370614334681426e-05,0.00011416395395883188,0.5357142857142857,0.16796945959630982,8,0,0.0
IFNGR2,0.0,6.713778410537257e-05,0.8333333333333334,0.15474233830917583,4,0,0.0
NUP160,8.358722164339334e-07,0.00011896927907624007,0.9333333333333333,0.1588252496102095,16,0,0.08
NUP58,1.0321994308346774e-06,0.0001313357927633626,0.934640522875817,0.1588380791357441,18,0,0.1
NUP37,1.3070471469913535e-06,0.0001305892451246704,0.9084967320261438,0.15882097356224326,18,0,0.05
AHCTF1,5.000099939945598e-07,0.000117393036009141,0.9333333333333333,0.15880387167260887,16,0,0.03
NUP153,0.0007148781596573795,0.00017736916296444972,0.4505928853754941,0.17323761955310704,23,0,0.16
SEC13,0.006439349480408641,0.0003201442677640287,0.30229419703103916,0.16515264763913887,39,1,0.91
CNOT2,2.798003325212315e-05,0.000143713311484646,0.9230769230769231,0.13890337472091174,13,0,0.06
CNOT8,0.0,0.00013365691277693537,1.0,0.12901230007703446,12,0,0.02
CNOT7,2.7924073185618907e-05,0.000143713311484646,0.9230769230769231,0.13890337472091174,13,0,0.06
CNOT6,9.535845588235295e-05,0.00015623628808250433,0.8461538461538461,0.12901512162152046,13,0,0.26
CNOT10,2.7924073185618907e-05,0.000143713311484646,0.9230769230769231,0.13890337472091174,13,0,0.06
CPEB3,0.0,0.00013365691277693537,1.0,0.12901230007703446,12,0,0.02
CNOT1,0.0010907408745160039,0.00024725774953476143,0.4327485380116959,0.15130132655421788,19,0,0.06
CNOT4,0.0022738536339433207,9.396492208940509e-05,0.75,0.16204948551005138,8,0,0.01
TNKS1BP1,0.00016738453077251006,0.0001492187312479861,0.8461538461538461,0.13563303108597707,13,0,0.34
TOB1,0.0,0.00013365691277693537,1.0,0.12901230007703446,12,0,0.02
CNOT3,2.7924073185618907e-05,0.000143713311484646,0.9230769230769231,0.13890337472091174,13,0,0.06
CNOT11,0.00012328252906797186,0.00016623971670238095,0.7912087912087912,0.13890664549831405,14,0,0.33
CNOT6L,0.0,0.00013365691277693537,1.0,0.12901230007703446,12,0,0.02
CNOT9,0.0003205002121055406,0.00015281934382141275,0.8021978021978022,0.1499208961325201,14,0,0.11
NOL11,6.9392292035131755e-06,6.823823428133026e-05,0.8631578947368421,0.1617384756127108,20,0,0.03
PDCD11,0.00019075227395455883,9.062085881647109e-05,0.6911764705882353,0.16203613198435426,17,0,0.0
NOP14,4.7096916236088783e-07,7.003795421642526e-05,0.9210526315789473,0.16383623343393883,20,0,0.01
MRPL51,3.176468602167929e-07,8.38503720300009e-05,0.8430769230769231,0.1263999875942233,26,1,0.0
MRPL55,2.233130691341977e-06,6.572387524795667e-05,0.8888888888888888,0.1308669037651663,19,0,0.02
GNB3,4.076447879935617e-05,0.00016546699820516996,0.3611111111111111,0.14924197184259874,9,0,0.0
GNAI2,0.0004685478420959089,0.00025048141887235617,0.2967032967032967,0.16051938560605172,14,0,0.06
GNAT3,0.0,4.943661918641582e-05,1.0,0.12773011044999136,2,0,0.0
APLNR,0.0012328418616124948,0.0004003700704822668,0.1523809523809524,0.16475596763084488,21,0,0.07
GNG13,6.32843398372885e-05,0.0001368767283137112,0.5714285714285714,0.15057142837874318,7,0,0.04
GNGT1,2.1969146538149564e-05,0.00019142134844599222,0.3333333333333333,0.15138674830041832,10,0,0.0
GNG4,0.00016701820062898655,0.00012953707067282465,0.5238095238095238,0.15728383248073377,7,0,0.0
GNG7,8.599096480557927e-06,0.00014769091188633133,0.5714285714285714,0.15057527174164434,8,0,0.0
CHPT1,0.0,9.367082172871192e-05,0.0,0.00015316867700555236,1,0,0.0
CEPT1,0.0,0.00015724829451638727,0.0,0.00022975301550832856,2,0,0.0
USP5,0.0,4.0776906306050204e-05,1.0,0.18078169290007665,4,0,0.0
TPI1,0.0,3.714953139445544e-05,1.0,0.1473482558017335,2,0,0.0
APOBEC1,0.0,0.00011486331265793706,0.0,0.00011487650775416428,1,0,0.0
A1CF,0.0,0.00011486331265793706,0.0,0.00011487650775416428,1,0,0.0
TET1,0.00017407621775353063,5.255076039579173e-05,0.0,0.16065052889494558,3,0,0.0
HCFC2,0.0,2.3017620795740938e-05,0.0,0.15044470737860297,1,0,0.0
RAB35,0.0,0.00024201825823328782,0.0,0.0004595060310166571,4,0,0.0
ACAP2,0.0,8.307457626409937e-05,0.0,0.00026257487486666117,1,0,0.0
DENND1A,0.0,8.307457626409937e-05,0.0,0.00026257487486666117,1,0,0.0
RUSC2,0.0,8.307457626409937e-05,0.0,0.00026257487486666117,1,0,0.0
DENND1B,0.0,8.307457626409937e-05,0.0,0.00026257487486666117,1,0,0.0
COX6A1,4.40337936660572e-05,9.568630296855315e-05,0.8,0.11794400633841971,16,0,0.0
COX4I2,0.0,3.5811256487088295e-05,1.0,0.1102221117530344,4,0,0.0
COX8A,9.535845588235295e-05,9.64697171650627e-05,0.8571428571428571,0.11793929027594867,14,0,0.01
COX6C,2.9316240911656584e-08,8.21088548752831e-05,0.967032967032967,0.11793929027594867,14,0,0.0
COX7A2,1.5418887830270556e-06,8.817839003157131e-05,0.8857142857142857,0.1179416482600396,15,0,0.0
COX7A2L,1.914828431372549e-08,4.962098233587722e-05,0.9523809523809523,0.11023035019475298,7,0,0.0
SRSF9,0.0,6.998350609762999e-05,1.0,0.14513685375870097,4,0,0.0
SRSF6,3.216911764705883e-08,8.535542512020664e-05,0.7,0.14514042468808191,5,0,0.0
SRSF7,1.118313003070679e-06,8.226676048111329e-05,0.7,0.14570684733049452,5,0,0.0
SRSF3,0.0001361398898412465,0.0001534657956265416,0.2222222222222222,0.14700676388114037,9,0,0.0
KLRB1,9.535845588235295e-05,8.188236863457714e-05,0.0,0.13071900862042193,2,0,0.0
CLEC2D,0.0,5.2429342212442705e-05,0.0,0.1128083571610426,1,0,0.0
KLRK1,0.0024842657043373595,0.0003068972068964118,0.08974358974358974,0.15538225789602006,13,0,0.0
ASF1A,0.0018929610369368942,0.00019534004085873332,0.6651651651651652,0.1724879362872047,37,1,0.94
TLK2,0.0,2.16806245691853e-05,0.0,0.14261059884014024,1,0,0.0
UBN1,0.0,4.895821296725703e-05,1.0,0.14276591047972897,3,0,0.0
HIRA,0.0,4.895821296725703e-05,1.0,0.14276591047972897,3,0,0.0
CABIN1,1.1849590242194931e-05,6.302257147164145e-05,0.5,0.1445217164246754,4,0,0.0
ULBP1,0.0,8.676902923756205e-05,1.0,0.13071900862042193,3,0,0.0
ULBP3,0.0,8.676902923756205e-05,1.0,0.13071900862042193,3,0,0.0
ULBP2,0.0,8.676902923756205e-05,1.0,0.13071900862042193,3,0,0.0
FBXO5,1.9666135475496188e-08,8.331091825582165e-05,0.9904761904761905,0.15738034364971856,15,0,0.09
ANAPC16,0.00023559615008794337,0.00018890490987271,0.817923186344239,0.18137644265841843,38,1,1.0
CDC26,0.00023559615008794337,0.00018890490987271,0.817923186344239,0.18137644265841843,38,1,1.0
ANAPC4,0.00028555707726464567,0.00019696606038700616,0.7800269905533064,0.182036888879294,39,1,0.84
CDC23,0.00023559615008794337,0.00018890490987271,0.817923186344239,0.18137644265841843,38,1,1.0
ANAPC1,0.00023559615008794337,0.00018890490987271,0.817923186344239,0.18137644265841843,38,1,1.0
ANAPC7,0.00023559615008794337,0.00018890490987271,0.817923186344239,0.18137644265841843,38,1,1.0
ANAPC13,0.00017361795964655446,0.00017820414272989746,0.8777777777777778,0.1792436395436906,36,1,1.0
FZR1,2.0671535088178526e-07,9.340475944357208e-05,0.9632352941176471,0.15775491846345407,17,0,0.01
CDC16,0.00023559615008794337,0.00018890490987271,0.817923186344239,0.18137644265841843,38,1,1.0
CDC27,0.00038091553314699883,0.0002151611506878744,0.7410256410256411,0.18204250643488354,40,1,0.8
ANAPC10,0.0002793426187896049,0.00019206166625530623,0.8079658605974396,0.18203127167039224,38,1,0.83
ANAPC2,0.0032752968763831805,0.00021237840228832943,0.6852497096399536,0.19348248289620523,42,1,0.99
ANAPC15,0.0001782740712309935,0.0001831063370030741,0.8453453453453453,0.17924908602316622,37,1,0.99
ANAPC5,0.00023559615008794337,0.00018890490987271,0.817923186344239,0.18137644265841843,38,1,1.0
FANCE,4.533952159037508e-05,0.00014001787404840178,0.7333333333333333,0.1585818817985,16,0,0.01
HES1,9.535845588235295e-05,8.740630615965437e-05,0.7142857142857143,0.14486597630270379,7,0,0.0
UBE2T,4.863089854660234e-06,8.628746852153377e-05,0.9166666666666666,0.15622169489744447,9,0,0.0
FAAP20,0.0,0.00010588558652920572,1.0,0.14867401131665914,12,0,0.0
FANCI,0.001234852442704261,0.00012630625685797588,0.3626373626373626,0.19020724256859484,14,0,0.0
FANCF,2.4541120609792303e-05,0.00013231493316104547,0.780952380952381,0.1577380453773571,15,0,0.02
FANCM,0.0003203829009788236,0.0001740549530682262,0.49673202614379086,0.15790271209139434,18,0,0.06
FAAP24,9.010930782057155e-05,0.00011473951126862816,0.8461538461538461,0.15367009015896638,13,0,0.0
FANCL,0.000140697977472728,0.00016091432177858423,0.6470588235294118,0.15858614498151516,17,0,0.02
FAAP100,3.212863318604845e-07,0.00011407993847287822,0.9358974358974359,0.14867775842484063,13,0,0.02
FANCD2,0.0018738263923690813,0.00017976052488952028,0.2631578947368421,0.19171554829452067,20,0,0.01
FANCA,0.00048127442283779116,0.0001392235467211714,0.7,0.1736149102661252,16,0,0.02
FANCB,3.212863318604845e-07,0.0001140799384728782,0.9358974358974359,0.14867775842484063,13,0,0.02
FANCG,0.0004181462871549937,0.00017113747891577788,0.5882352941176471,0.16190271766995282,18,0,0.03
FANCC,0.0003122831823002455,0.0001577110778107014,0.6470588235294118,0.15900076604464572,17,0,0.02
MAPKAPK3,1.6049873060285668e-07,7.477901958513661e-05,0.6666666666666666,0.1323050983699823,3,0,0.0
MAP2K3,9.750959987445891e-05,0.0001294362015452564,0.2,0.15036417773813215,6,0,0.0
DUSP1,0.0,3.587121044471024e-05,0.0,0.1322872966838383,1,0,0.0
HLA-F,0.00013302110475477168,0.00023826137806475314,0.5151515151515151,0.1700466236494307,22,0,0.27
HLA-C,0.0008311953716767783,0.00028930601904281536,0.36923076923076925,0.17379905194220732,26,1,0.83
HLA-B,0.0006552819263373978,0.00027534744838082894,0.41333333333333333,0.17214565836997786,25,0,0.14
HLA-A,0.006513415439355076,0.0004633264810830085,0.19743589743589743,0.18146571370193185,40,1,0.99
HLA-E,0.0008821716035020878,0.0002787698378742424,0.43333333333333335,0.17130085143950985,25,0,0.16
HBA2,0.0007925705927278584,0.00018370696159470968,0.6871794871794872,0.18566353259126933,40,1,0.99
HBA1,0.0006824105458374851,0.00017050057210052326,0.7219973009446694,0.18555841027405243,39,1,0.82
ABCE1,5.0562177768831314e-05,8.311775399933146e-05,0.7315789473684211,0.16921253574156392,20,0,0.0
RPS4Y1,4.154063911626558e-05,0.00011427439575620579,0.9444444444444444,0.1860734763594108,36,1,0.76
LTV1,0.0001482059532416432,8.435974728411108e-05,0.7717391304347826,0.18544757689476268,24,0,0.01
RIOK2,8.377873698765094e-05,7.845810713328262e-05,0.7,0.16852609476123875,20,0,0.0
B3GAT2,0.0,0.00011486331265793706,0.0,0.00011487650775416428,1,0,0.0
B3GAT1,0.0,0.00011486331265793706,0.0,0.00011487650775416428,1,0,0.0
GMNN,0.00014370395800901613,5.987269793270048e-05,0.0,0.15032969142025945,3,0,0.0
MCIDAS,0.0,3.426244061090604e-05,0.0,0.12711906695303196,1,0,0.0
SNX3,9.535845588235295e-05,8.923032718023639e-05,0.5,0.12898973216326068,4,0,0.0
SNX12,0.0,3.623840817706864e-05,0.0,0.11151815609328143,1,0,0.0
VPS35,1.5318627450980393e-07,0.00014518216851923515,0.7777777777777778,0.12900665735828726,9,0,0.24
VPS26A,5.5188500317182555e-05,0.00016200680728348487,0.6444444444444445,0.13434802480180374,10,0,0.4
VPS29,0.0017653576100315515,0.00019301472586604458,0.4393939393939394,0.15101857101588245,12,0,0.01
FIG4,0.0,0.00011486331265793706,1.0,0.00022975301550832856,2,0,0.0
PIKFYVE,0.0,0.00011486331265793706,1.0,0.00022975301550832856,2,0,0.0
VAC14,0.0,0.00011486331265793706,1.0,0.00022975301550832856,2,0,0.0
FAM207A,1.3516435986159169e-08,3.393197072979541e-05,0.3,0.1560770298714785,5,0,0.0
NOB1,2.5143776692315785e-05,5.7464285505475304e-05,0.7238095238095238,0.1676496268798818,15,0,0.0
RRP12,1.8113919019481966e-05,5.2323234065419126e-05,0.39285714285714285,0.1643749281381632,8,0,0.0
TSR1,0.00011055020888538631,8.348987645628952e-05,0.7681159420289855,0.18304798526150123,24,0,0.0
TAF1D,0.0,6.287910845447567e-05,1.0,0.15313554387161624,4,0,0.0
TAF1B,0.0,6.287910845447567e-05,1.0,0.15313554387161624,4,0,0.0
TAF7L,0.0,3.402948433526453e-05,1.0,0.1611508337710321,4,0,0.01
TAF1C,0.0,6.287910845447567e-05,1.0,0.15313554387161624,4,0,0.0
TBPL1,0.0,3.415208577988083e-05,1.0,0.15312759373435783,2,0,0.0
TBPL2,3.371372011900476e-07,4.0956120528713473e-05,0.6666666666666666,0.15636248365951178,3,0,0.0
TAF1A,0.0,6.287910845447567e-05,1.0,0.15313554387161624,4,0,0.0
SP1,0.0005944327214067737,0.00013916428767995627,0.38461538461538464,0.1952564352251556,14,0,0.1
TAF11,3.0273414062574263e-06,0.00012654243452214846,0.9236453201970444,0.16873337207237782,29,1,0.66
BTAF1,0.0,2.2554115818793407e-05,0.0,0.1531236189752732,1,0,0.0
DR1,0.00011430681187352545,8.931509244810952e-05,0.4393939393939394,0.16981655308372393,12,0,0.0
CDK7,0.0004858226702972588,0.00013727257772764908,0.61,0.17711785927527776,25,0,0.05
TAF3,0.00014873181595775886,0.00013352662042998318,0.8620689655172413,0.17524470979212173,29,1,0.71
GTF2H5,2.049075199791147e-05,0.00013594968214575325,0.8451612903225807,0.16864172158440255,31,1,0.39
TAF4B,0.0,5.9942435670443654e-05,1.0,0.16334627626467302,11,0,0.0
TAF8,7.164046020634312e-05,0.00013935496450836216,0.832183908045977,0.16825691446156307,30,1,0.42
TAF13,3.308554835419607e-08,0.00011841907619779874,0.9943019943019943,0.16648099060287863,27,1,0.89
BRF1,0.0,3.8078727595574485e-05,1.0,0.1531554228268661,2,0,0.0
PRPH2,0.0,0.00011486331265793706,0.0,0.00011487650775416428,1,0,0.0
ROM1,0.0,0.00011486331265793706,0.0,0.00011487650775416428,1,0,0.0
EXOC3L1,0.0,3.2142747542932495e-05,0.0,0.12511850812383138,1,0,0.0
EXOC4,0.0002782822006261949,0.00014179406601172166,0.7777777777777778,0.1654815816040844,9,0,0.14
EXOC5,0.0006912852029867327,0.00015474644501222465,0.75,0.1468274739533166,9,0,0.02
EXOC6,0.00034212127839232387,0.00016570367297940214,0.5833333333333334,0.15264024170109972,9,0,0.02
EXOC6B,0.0,0.00011447940405884258,1.0,0.14582931427426088,7,0,0.0
EXOC3,0.00027207063970943925,0.00014168887445196912,0.75,0.14851306414799229,9,0,0.0
EXOC7,0.0003146398540325528,0.00016278674696473374,0.6222222222222222,0.16346849062051155,10,0,0.13
EXOC1,0.0005691412436892117,0.00015603356198310068,0.6666666666666666,0.1692173896624423,10,0,0.21
TMEM30A,1.8382352941176471e-06,0.00019740778511669353,0.5357142857142857,0.0009304997128087307,8,0,0.02
ATP8B2,0.0,3.823086420374031e-05,0.0,0.0005169442848937392,1,0,0.0
ATP8A1,0.0,0.00013446594180648976,1.0,0.0007754164273406088,6,0,0.0
ATP10B,0.0,0.00013446594180648976,1.0,0.0007754164273406088,6,0,0.0
ATP10A,0.0,0.00013446594180648976,1.0,0.0007754164273406088,6,0,0.0
ATP8B1,2.297794117647059e-07,0.00016515346792904975,0.7142857142857143,0.0008459088298261188,7,0,0.03
ATP10D,0.0,0.00013446594180648976,1.0,0.0007754164273406088,6,0,0.0
ATP11C,0.0,3.823086420374031e-05,0.0,0.0005169442848937392,1,0,0.0
ATP11A,0.0,0.00013446594180648976,1.0,0.0007754164273406088,6,0,0.0
LAMB3,3.6180377424474726e-05,9.421093095108312e-05,0.6666666666666666,0.11621756577202862,3,0,0.0
LAMC2,5.9397848858025416e-05,0.00011947826777449957,0.3333333333333333,0.11646996823278645,4,0,0.0
MEP1A,9.535845588235295e-05,0.00014747174753076075,0.7142857142857143,0.15212459180520915,7,0,0.06
MME,0.00010389679038244256,0.00013258304077838642,0.7142857142857143,0.15830951402255322,7,0,0.04
MEP1B,0.0,0.00011861246786348155,1.0,0.1521206689451095,6,0,0.0
FETUB,0.0,3.518297551445241e-05,0.0,0.12840013540740486,1,0,0.0
PRCP,0.0,0.00011861246786348155,1.0,0.1521206689451095,6,0,0.0
DPP4,0.0016148643522103418,0.00023013434589851136,0.21794871794871795,0.18199757569562833,13,0,0.0
XPNPEP2,0.0,0.00011861246786348155,1.0,0.1521206689451095,6,0,0.0
ZCCHC8,0.0,6.0895726216938885e-05,0.6666666666666666,0.12790458621934478,3,0,0.0
NRDE2,0.0,2.623985755957853e-05,0.0,0.127899039980539,1,0,0.0
RBM7,0.0,4.359900322444289e-05,1.0,0.12790181303981615,2,0,0.0
TENT4B,0.0,5.6681488579102016e-05,0.6666666666666666,0.12790458621934478,3,0,0.0
TENT4A,0.0,3.932234291423764e-05,1.0,0.12790181303981615,2,0,0.0
NOP53,0.002026194852941177,5.3703414123889014e-05,0.0,0.12792122782223575,2,0,0.0
ISL1,9.59923787091901e-05,9.884270007554362e-05,0.16666666666666666,0.14723057431358477,4,0,0.0
LDB2,2.7968862543980414e-05,0.00013465322747147732,0.39285714285714285,0.153922698526351,8,0,0.0
LDB1,0.0007121357467763114,0.0002987242979927431,0.22631578947368422,0.17926542744772847,20,0,0.09
LHX3,0.0,5.115496608318085e-05,1.0,0.1472232254616387,2,0,0.0
LHX4,0.0,3.840397786854977e-05,0.0,0.12489599045186316,1,0,0.0
NUDT12,0.0,0.00010719388716619674,1.0,0.0007172777069528307,4,0,0.0
ENPP1,9.191176470588236e-07,0.00023519376237561915,0.3333333333333333,0.0010140822753471053,9,0,0.0
ENPP3,9.191176470588236e-07,0.00023519376237561915,0.3333333333333333,0.0010140822753471053,9,0,0.0
NMNAT1,0.0,0.00010719388716619674,1.0,0.0007172777069528307,4,0,0.0
NMNAT2,0.0,0.00010719388716619674,1.0,0.0007172777069528307,4,0,0.0
HBEGF,9.725039620085773e-05,0.00010974058754465227,0.38095238095238093,0.18015781276027368,7,0,0.0
GZMK,0.0,0.00011486331265793706,0.0,0.00011487650775416428,1,0,0.0
MSMB,0.0,0.00011486331265793706,0.0,0.00011487650775416428,1,0,0.0
SPARC,2.9109068615294434e-05,6.52524072296347e-05,0.0,0.1583180113529535,3,0,0.0
BGLAP,7.764669628083567e-07,4.97054297770652e-05,0.0,0.14809920217469374,2,0,0.0
TTC1,0.0,2.8395415972136444e-05,0.0,0.16794076812111827,1,0,0.0
LNPEP,0.0,0.00011486331265793706,0.0,0.00011487650775416428,1,0,0.0
TBC1D4,0.0,0.00011486331265793706,0.0,0.00011487650775416428,1,0,0.0
BCAT2,1.1919806985294119e-05,7.757219185036041e-05,0.6666666666666666,0.1168344342758591,3,0,0.0
BCAT1,1.1919806985294119e-05,7.757219185036041e-05,0.6666666666666666,0.1168344342758591,3,0,0.0
GPT,0.00022647633272058825,0.00012452224838558894,0.6,0.1361338338223156,6,0,0.0
GPT2,0.00022647633272058825,0.00012452224838558894,0.6,0.1361338338223156,6,0,0.0
CXCL8,0.00032220076320408985,0.00015010496509138663,0.24242424242424243,0.15913373134670625,12,0,0.0
IL13RA1,1.857656266131154e-05,9.759717487980438e-05,0.4,0.15676137814627303,6,0,0.0
IL4R,0.0002808209635680621,0.00017435356354754546,0.2909090909090909,0.16972860573778342,11,0,0.0
IL9,6.274920872993488e-05,0.00012039696425429489,0.32142857142857145,0.1612301142730513,8,0,0.02
STAT6,0.00017208327879134338,9.851726119757772e-05,0.2,0.1658584480282959,6,0,0.0
IL5RA,0.0,4.547736355388839e-05,1.0,0.14061181372064932,2,0,0.0
TBL1Y,5.030024171124167e-05,0.00010796469452884584,0.6666666666666666,0.17388101812834997,9,0,0.01
TBL1X,7.579999674729084e-05,0.00011808796588899507,0.6222222222222222,0.18368635905409936,10,0,0.01
CDC42EP3,4.7351636226471864e-05,4.611571160503007e-05,0.0,0.16387719590583663,2,0,0.0
FBXO32,9.535845588235295e-05,6.818801177102462e-05,0.3333333333333333,0.16498636333442598,3,0,0.0
FBXO4,0.00022127978084664996,9.524573197896162e-05,0.7142857142857143,0.16597511172760118,7,0,0.0
FBXL2,0.0017692765338189111,7.157432300401415e-05,0.6666666666666666,0.16370892548766167,3,0,0.0
FBXO22,0.0,2.7596292713196948e-05,0.0,0.1632513469218874,1,0,0.0
FBXO2,5.730361671332327e-06,9.389750639676e-05,0.7142857142857143,0.16565816964398766,7,0,0.0
FBXL7,0.0,2.7596292713196948e-05,0.0,0.1632513469218874,1,0,0.0
FBXL5,0.00028607536764705885,7.25564881403649e-05,0.3333333333333333,0.1650048228307572,3,0,0.0
FBXL19,0.0,3.695840310531093e-05,1.0,0.16497713513500575,2,0,0.0
FBXO45,2.9770787020482933e-07,3.681764227388123e-05,0.0,0.16326038305765922,2,0,0.0
RYBP,0.00012027153714848883,9.720253696749919e-05,0.4725274725274725,0.17241735608296022,14,0,0.0
BCORL1,0.0,3.936335594548448e-05,1.0,0.16500943835027695,3,0,0.0
FBXO3,0.0,3.695840310531093e-05,1.0,0.16497713513500575,2,0,0.0
FBXO7,1.178372584053449e-05,5.382209445519642e-05,0.3333333333333333,0.16556053495614495,3,0,0.0
CCNF,0.0,2.7596292713196948e-05,0.0,0.1632513469218874,1,0,0.0
HEY1,0.0001907169117647059,9.246607946482332e-05,0.3333333333333333,0.16499559256628538,4,0,0.0
FBXW9,0.0,2.7596292713196948e-05,0.0,0.1632513469218874,1,0,0.0
KDM2B,9.591759785030186e-06,6.782411305398695e-05,0.6428571428571429,0.16991437931396972,8,0,0.0
TBL1XR1,0.00010165286934257865,0.00012689850840853767,0.5272727272727272,0.18468121661205938,11,0,0.01
FBXL17,0.0001133851832240769,6.844372131286692e-05,0.16666666666666666,0.17132572667932158,4,0,0.0
NCOA2,0.0014683829938168674,0.000225198929393596,0.20526315789473684,0.18985219557873328,20,0,0.0
NCOA1,0.0010797650059980368,0.0003024622113446214,0.17333333333333334,0.19200258498315326,25,0,0.06
TRIM23,0.0,4.9474258848365696e-05,1.0,0.1809203036564559,5,0,0.0
RARS2,0.0,7.529268196491917e-05,1.0,0.11905563020489618,6,0,0.0
LARS2,1.5893075980392105e-05,0.00011656832820788582,0.8666666666666667,0.13914582901338368,10,0,0.03
BNIP1,5.8488564459365106e-05,9.37102276299181e-05,0.5,0.11580916842087245,4,0,0.0
STX18,6.44249129768022e-05,0.00011082820148665255,0.3,0.11581144199741644,5,0,0.0
USE1,0.0,6.922894999775048e-05,1.0,0.11562757107339372,3,0,0.0
LCN2,0.000715379934791418,0.00014825028136846417,0.0,0.169290231906744,6,0,0.01
LALBA,0.0003814338235294118,0.00010668645183886712,0.3333333333333333,0.15344624443404434,4,0,0.0
SEMG1,0.0,3.648090076566634e-05,0.0,0.1335692838451806,1,0,0.0
MLH1,0.00014415163048481854,9.20082385033608e-05,0.6111111111111112,0.1564412703145858,9,0,0.0
PMS2,1.5349326103186767e-08,7.536534195060282e-05,0.9523809523809523,0.14945371085157205,7,0,0.0
PMS1,0.0,6.594351619821585e-05,1.0,0.14940071979289354,6,0,0.0
MLH3,1.5349326103186767e-08,7.536534195060281e-05,0.9523809523809523,0.14945371085157205,7,0,0.0
EXO1,1.6563591365870922e-05,8.688121466752971e-05,0.5357142857142857,0.15002384021317872,8,0,0.0
MSH3,1.5318627450980392e-08,7.536534195060281e-05,0.9523809523809523,0.14945371085157205,7,0,0.0
BRIP1,5.695647605072511e-05,7.318727129345274e-05,0.42857142857142855,0.17601860180886797,7,0,0.0
ECI2,0.0,7.753960919954386e-05,1.0,0.11831065203310002,2,0,0.01
HADHA,4.692428165713792e-05,0.00010230036145601679,0.3333333333333333,0.1187225773028176,3,0,0.0
ECHS1,0.0,7.352696902320962e-05,1.0,0.11841990205806285,2,0,0.05
ECI1,0.0,7.753960919954386e-05,1.0,0.11831065203310002,2,0,0.01
HIBADH,0.0,4.439459665739285e-05,0.0,0.11830827927123663,1,0,0.0
GSPT1,5.027573116483764e-05,5.596630840005381e-05,0.3,0.16846352974333612,5,0,0.0
IKZF3,0.0,2.318402818974882e-05,0.0,0.15084865291828367,1,0,0.0
TUSC3,0.0019357003063081501,0.00010971677829399447,0.5833333333333334,0.1516474915429923,9,0,0.0
BRD4,0.0015005914290142466,0.00016595357420506933,0.1645021645021645,0.19836866705973505,22,0,0.0
IKZF1,6.409488775109727e-05,3.972124417081135e-05,0.3333333333333333,0.17113685584631277,3,0,0.0
ZFP91,0.0,2.318402818974882e-05,0.0,0.15084865291828367,1,0,0.0
HRG,0.0,3.293511977348721e-05,0.0,0.15501070582884174,1,0,0.0
HES5,0.0,2.7842145202111005e-05,0.0,0.12319023140421836,1,0,0.0
GNAT1,3.5110089116100693e-06,9.032856658817424e-05,0.6666666666666666,0.14999713743445894,4,0,0.0
GNAT2,0.0,6.998562200060163e-05,1.0,0.14854672192340856,3,0,0.0
RHO,0.0013401206176732348,0.00016831988359677978,0.09523809523809523,0.15717487533364596,7,0,0.0
NPRL2,0.003831852677716764,0.00011248725479971981,0.6388888888888888,0.14118729168116417,9,0,0.01
RRAGA,0.0016934546233873411,0.00023365522294797905,0.33986928104575165,0.1477727309875351,18,0,0.0
MIOS,0.0,7.998621942633172e-05,1.0,0.13813252051286473,7,0,0.0
NPRL3,0.00011949116810159655,0.00010236262337636369,0.6944444444444444,0.14117377640890252,9,0,0.0
WDR24,0.0,7.998621942633172e-05,1.0,0.13813252051286473,7,0,0.0
WDR59,0.0,7.998621942633172e-05,1.0,0.13813252051286473,7,0,0.0
DEPDC5,0.00011949116810159655,0.00010236262337636369,0.6944444444444444,0.14117377640890252,9,0,0.0
GNB4,6.428820969102121e-05,0.00021555409836129937,0.3181818181818182,0.15007727430285703,12,0,0.0
GNG11,2.9593712092124386e-07,8.22748418544057e-05,0.6666666666666666,0.15055605688893883,4,0,0.0
GNAI3,0.0005399936480893497,0.0002945176520509569,0.22857142857142856,0.15780555938746993,15,0,0.0
GNG10,1.1524063603963144e-07,6.513404134241323e-05,0.6666666666666666,0.14746981203495826,3,0,0.0
GNG12,2.1336302217501015e-05,8.536632337361826e-05,0.3333333333333333,0.1479728947228817,4,0,0.0
GNAI1,0.011564655630768868,0.0012759731624811161,0.03819444444444445,0.1751926651527204,64,1,0.97
NAF1,2.2770223192036468e-05,7.981064253496092e-05,0.7575757575757576,0.1546693083645097,12,0,0.0
EIF1B,0.0,3.8457025832533494e-05,1.0,0.14264163412860045,3,0,0.0
EIF1AY,0.0,3.8457025832533494e-05,1.0,0.14264163412860045,3,0,0.0
TNNC1,7.654525034472556e-05,0.00013296053909286253,0.6944444444444444,0.15508405859988433,9,0,0.01
TNNC2,5.873775430120703e-05,0.00010777812234759619,0.8571428571428571,0.15225023024370002,7,0,0.0
TNNT2,0.0001065291109652707,0.00017093005155473172,0.5606060606060606,0.15516972462378412,12,0,0.0
TPM3,0.000696952564481142,0.00016360305597168062,0.38181818181818183,0.1669238093101981,11,0,0.01
TNNI3,0.0002972460227299773,0.00021494732851648086,0.4175824175824176,0.1551778882289202,14,0,0.0
TNNI2,0.0,9.514005384327988e-05,1.0,0.13058300876640622,6,0,0.0
TNNT1,0.0,9.514005384327988e-05,1.0,0.13058300876640622,6,0,0.0
TNNT3,0.0,9.514005384327988e-05,1.0,0.13058300876640622,6,0,0.0
TPM1,0.000262974897511406,0.00014109060329661416,0.5111111111111111,0.15704934298020343,10,0,0.0
SPCS1,0.0,0.00011486331265793706,1.0,0.0004595060310166571,4,0,0.0
SEC11A,0.0,0.00011486331265793706,1.0,0.0004595060310166571,4,0,0.0
SEC11C,0.0,0.00011486331265793706,1.0,0.0004595060310166571,4,0,0.0
SPCS3,0.0,0.00011486331265793706,1.0,0.0004595060310166571,4,0,0.0
SPCS2,0.0,0.00011486331265793706,1.0,0.0004595060310166571,4,0,0.0
EIF2AK2,9.8365324398787e-05,3.1821229744517036e-05,0.0,0.1792381933951872,2,0,0.0
DAZAP1,0.0,0.0001679420317359317,0.3333333333333333,0.0003446295232624928,3,0,0.0
MSI1,0.0,0.00011314315762552415,1.0,0.0002584721424468696,2,0,0.0
MSI2,0.0,0.00011314315762552415,1.0,0.0002584721424468696,2,0,0.0
DAZ1,0.0,6.522490364476816e-05,0.0,0.00020677771395749567,1,0,0.0
MAPRE3,0.00033014701159009226,0.00010780914088077391,0.2,0.15129744603802,6,0,0.0
DBN1,0.0001907169117647059,7.75853710911417e-05,0.0,0.12782144311114388,2,0,0.0
MAPRE1,0.0003778136527796333,0.00010394428635345724,0.09523809523809523,0.16157456644816218,7,0,0.0
PAK1,0.00027976849838897046,0.0001740226310175022,0.22727272727272727,0.17909670960660637,12,0,0.01
PAK2,0.00011573543759741371,0.0001226249984431115,0.47619047619047616,0.16823772019799227,7,0,0.0
PAK5,0.0,4.277093739673454e-05,1.0,0.15208929334628615,2,0,0.0
PAK3,2.037698171506071e-05,9.651722155685324e-05,0.6666666666666666,0.16823292231633827,6,0,0.0
PAK6,9.331440529619964e-06,5.687590840451745e-05,0.3333333333333333,0.16436576820903875,3,0,0.0
PAK4,0.00011074265912976888,0.00010013813732501762,0.2,0.16633077936678511,5,0,0.0
TFPI,0.0,6.688806231643232e-05,1.0,0.12213178652662265,2,0,0.0
F3,0.00019382849822252414,0.00016616856939806384,0.2,0.12482199367377066,5,0,0.0
F10,0.001404653874031227,0.0001740459810748483,0.14285714285714285,0.1433870693717314,7,0,0.0
SLC11A1,0.0,0.00011486331265793706,0.0,0.00011487650775416428,1,0,0.0
SLC11A2,0.0,0.00011486331265793706,0.0,0.00011487650775416428,1,0,0.0
MTTP,0.00028607536764705885,6.979565065935042e-05,0.0,0.13504000139690506,2,0,0.0
LDLR,4.67241118795305e-05,9.230039643313287e-05,0.0,0.14676537346425836,4,0,0.0
SCARB1,0.0003843625381591167,0.00016892458104907342,0.10909090909090909,0.17858704955868251,11,0,0.01
LPA,0.0,3.376491266733612e-05,0.0,0.13502145619186087,1,0,0.0
CD36,0.0006771820804283365,0.00020328899223951224,0.10256410256410256,0.17981185177012227,13,0,0.0
INO80B,0.0,0.0001044253286509302,1.0,0.17607639378629977,19,0,0.05
NFRKB,0.0,0.0001044253286509302,1.0,0.17607639378629977,19,0,0.05
INO80E,1.8492865040300872e-06,0.00011114328200405722,0.9210526315789473,0.17608164948428157,20,0,0.05
ACTR5,7.728667090680731e-05,0.00011899792040271013,0.7114624505928854,0.18493596529633208,23,0,0.01
ANP32E,1.6048010838842325e-05,0.00011434992034049431,0.8238095238095238,0.18090920697443574,21,0,0.05
TFPT,1.8492865040300872e-06,0.00011114328200405722,0.9210526315789473,0.17608164948428157,20,0,0.05
BRD8,9.4482823064922e-05,0.00018130003971587004,0.6417112299465241,0.18439834394118348,34,1,0.99
YY1,0.0011723449697546397,0.00019383389347894136,0.3971774193548387,0.18872852228372528,32,1,0.85
ACTR8,0.0,0.0001044253286509302,1.0,0.17607639378629977,19,0,0.05
EP400,9.4482823064922e-05,0.00018130003971587004,0.6417112299465241,0.18439834394118348,34,1,0.99
INO80,0.00022213260444309176,0.00014800339092935064,0.5080459770114942,0.18344074323721626,30,1,0.66
ING3,9.4482823064922e-05,0.00018130003971587004,0.6417112299465241,0.18439834394118348,34,1,0.99
TTL,7.454474686926652e-08,6.364495767520029e-05,0.8333333333333334,0.14564928697403587,4,0,0.0
SNX17,2.902643410711676e-05,7.40722629574859e-05,0.0,0.14637570832044863,3,0,0.0
KRIT1,0.0001176666172231928,0.00014094306421678156,0.06666666666666667,0.14435549788382238,6,0,0.0
ENSP00000498010,3.337952345207074e-06,7.815464623487704e-05,0.0,0.13922793063541186,3,0,0.0
NDUFAF3,9.803434147550429e-06,5.6715367975905946e-05,0.8205128205128205,0.12765271836368045,13,0,0.0
NDUFAF4,6.86115150156511e-07,4.790065501971135e-05,0.8444444444444444,0.1178662395057324,10,0,0.0
BCOR,0.0001417330025391624,0.00018083065594842764,0.8111111111111111,0.179336274731635,36,1,1.0
DOK1,1.1136975077855976e-06,5.081487105765628e-05,0.0,0.15204617302496007,2,0,0.0
PTK6,0.0005057900417010712,0.00022987274613826234,0.038461538461538464,0.1837264052890993,13,0,0.02
ACADL,0.0,0.00012402025647502424,0.8666666666666667,0.10728149237133142,6,0,0.0
ACADVL,0.0,8.68769783030321e-05,1.0,0.10727563958942356,4,0,0.01
ACADSB,4.7679227941176475e-05,0.0001276929106019805,0.7333333333333333,0.10728149237133142,6,0,0.01
ACADS,4.7679227941176475e-05,0.0001276929106019805,0.7333333333333333,0.10728149237133142,6,0,0.01
ACOX1,0.0004535288085737873,0.0002031943006768308,0.4444444444444444,0.12272124281808237,10,0,0.0
MECR,0.00030375054689646565,0.00014442977091928683,0.6190476190476191,0.1084889640647798,7,0,0.03
ACOX3,0.0004535288085737873,0.0002031943006768308,0.4444444444444444,0.12272124281808237,10,0,0.0
IGFBP2,3.425495104408562e-07,5.491143149757297e-05,0.6666666666666666,0.15467741939856314,3,0,0.0
IGF2,0.0006818469505496906,0.0002625809960062829,0.125,0.18026792021215013,16,0,0.0
INS,0.0012681687918648331,0.00028808821987345406,0.19523809523809524,0.1827134801778604,21,0,0.05
IGFBP5,0.0002874348475696726,0.00011443208066147124,0.5,0.15813551954274074,5,0,0.0
IGFBP3,0.0005588654220428584,0.00015576006574778744,0.16666666666666666,0.18325838524456045,9,0,0.01
IGFALS,0.0,6.286137575898554e-05,1.0,0.15408754103600464,3,0,0.0
PAPPA,0.0001907169117647059,0.00012574670579639045,0.0,0.1326681079730665,3,0,0.04
HSPE1,0.0,3.614397783761661e-05,0.0,0.1408972824358078,1,0,0.0
HSPD1,0.0001077192453058896,8.896528936228068e-05,0.16666666666666666,0.16998782298424922,4,0,0.0
IL1RL1,1.573727205480295e-05,7.784210380421356e-05,0.6666666666666666,0.1594951446769697,4,0,0.0
IL1R1,0.0007419365518715685,0.00020998825513391783,0.2564102564102564,0.18292878383225009,13,0,0.01
MYD88,0.0024315505614078935,0.0003815608459308219,0.12698412698412698,0.1970829687632768,28,1,0.94
IL1RAP,0.0002959414960224503,0.00019965939284061134,0.2222222222222222,0.15769587844905905,10,0,0.0
IL33,0.0,6.447281230560198e-05,1.0,0.14995900709294832,3,0,0.0
PPP1R7,0.0,4.3023483621422875e-05,1.0,0.1372167993538741,2,0,0.0
IGHV3-72,2.8015973127385116e-05,0.00013260668432893015,0.17857142857142858,0.15885091073412325,8,0,0.02
ODC1,0.0,0.00019751756979881024,0.0,0.0003676048248133257,3,0,0.0
NQO1,0.0,7.803116701853771e-05,0.0,0.00022975301550832856,1,0,0.0
OAZ3,0.0,7.803116701853771e-05,0.0,0.00022975301550832856,1,0,0.0
OAZ1,0.0,0.00014614262207828538,0.0,0.0003063373540111047,2,0,0.0
GORASP2,0.0,9.367082172871192e-05,0.0,0.00015316867700555236,1,0,0.0
BLZF1,2.297794117647059e-07,0.00015724829451638727,0.0,0.00022975301550832856,2,0,0.0
CEBPZ,0.0,2.1736313891485117e-05,0.0,0.1353902233371371,1,0,0.0
SLC1A4,0.0,3.24434809485836e-05,0.0,0.15021102620244453,1,0,0.0
PPIA,0.00015862641424431583,6.719565504891864e-05,0.16666666666666666,0.16718873770044215,4,0,0.0
NFATC1,0.00037389179610161015,0.00014262601238352533,0.4444444444444444,0.15447489842417517,9,0,0.0
PPP3CC,0.0,6.172127171725525e-05,1.0,0.13946822282957186,4,0,0.0
SLC9A1,0.000509090410151679,0.00017328574353255418,0.2,0.16870441905288988,10,0,0.0
FKBP1A,0.0017171319760000295,0.00018992017988034475,0.29523809523809524,0.1752030716074369,15,0,0.05
PPP3R2,0.0,6.172127171725525e-05,1.0,0.13946822282957186,4,0,0.0
CD177,3.521872081621078e-05,4.991606712488916e-05,0.0,0.15338240824291213,2,0,0.0
IL32,4.721077581283611e-05,4.66390705030137e-05,0.0,0.15975863022403253,2,0,0.0
KISS1R,0.0,0.00011486331265793706,0.0,0.00011487650775416428,1,0,0.0
KISS1,0.0,0.00011486331265793706,0.0,0.00011487650775416428,1,0,0.0
GRIN3B,0.0,0.0001007748648995026,1.0,0.15729641418079623,7,0,0.0
GRIN3A,0.0,0.0001007748648995026,1.0,0.15729641418079623,7,0,0.0
DLG4,0.012394861892730865,0.0007260858839193354,0.06767676767676768,0.19416389378653154,45,1,1.0
GRIN2B,0.00046171824421158136,0.00020833230961569377,0.3626373626373626,0.1727354227115575,14,0,0.05
PLEKHA3,0.0,3.8305445934173865e-05,0.0,0.1291393918787741,1,0,0.0
ARF1,0.0020964843217501816,0.0003156091501714658,0.05128205128205128,0.15316337585414516,13,0,0.08
SPR,0.0,6.524998291331167e-05,0.0,0.00026257487486666117,1,0,0.0
CBR1,0.0,0.0002188678259817205,0.16666666666666666,0.0004595060310166571,4,0,0.0
CLCA1,0.0,0.00011486331265793706,1.0,0.00022975301550832856,2,0,0.0
CLCA2,0.0,0.00011486331265793706,1.0,0.00022975301550832856,2,0,0.0
CLCA4,0.0,0.00011486331265793706,1.0,0.00022975301550832856,2,0,0.0
BCL9,5.764566183244937e-06,0.00011040941646772037,0.6444444444444445,0.1757720991931826,10,0,0.0
TCF4,2.81792006538195e-05,0.0001310727606972086,0.5818181818181818,0.18151038218530463,11,0,0.14
TLE4,0.0,9.629361452430555e-05,1.0,0.1757616250341865,8,0,0.0
PYGO2,0.000487029841803178,0.0001677685842404078,0.37538461538461537,0.18665635429130492,26,1,0.68
PYGO1,1.1048468110213371e-05,9.331804706114742e-05,0.5497076023391813,0.171985056006484,19,0,0.0
TCF7L2,5.2498415238758936e-05,9.649031295631767e-05,0.5833333333333334,0.1883007986792135,9,0,0.0
TLE3,0.00014426997233528391,0.00013966986901029098,0.509090909090909,0.1819414434513278,11,0,0.13
TLE1,0.0,9.629361452430555e-05,1.0,0.1757616250341865,8,0,0.0
BCL9L,0.0,9.629361452430555e-05,1.0,0.1757616250341865,8,0,0.0
OPRD1,0.0,5.335030968274991e-05,1.0,0.14847194757430787,2,0,0.0
OPRM1,0.0007748722224062354,0.00013429580065240864,0.2,0.1675258404856843,6,0,0.0
RIOK1,0.00015129232552771904,7.024700429212267e-05,0.4666666666666667,0.1653331676295516,15,0,0.0
SHLD2,0.0,5.3217414288626166e-05,1.0,0.1349627632986891,3,0,0.0
SHLD1,0.0,5.3217414288626166e-05,1.0,0.1349627632986891,3,0,0.0
REV1,0.00031628308843365086,6.8252785161254e-05,0.4642857142857143,0.1820088063010213,8,0,0.0
MAD1L1,0.0007264776634741891,0.00010006878184398175,0.696969696969697,0.16887828636518856,12,0,0.0
RGS2,1.413548246669972e-06,5.1440183047595184e-05,0.0,0.13896554584269497,2,0,0.0
WARS2,0.0,0.00011486331265793706,0.0,0.00011487650775416428,1,0,0.0
WARS1,0.0,0.00011486331265793706,0.0,0.00011487650775416428,1,0,0.0
NT5C1A,0.0,0.00011966694227660667,0.9454545454545454,0.001263641585295807,11,0,0.0
NT5C3B,0.0,0.00011966694227660667,0.9454545454545454,0.001263641585295807,11,0,0.0
DCK,0.0,0.0001004524238019286,1.0,0.0010692351875579906,9,0,0.0
DGUOK,0.0,0.0001004524238019286,1.0,0.0010692351875579906,9,0,0.0
NT5E,0.0,0.00011966694227660667,0.9454545454545454,0.001263641585295807,11,0,0.0
NT5C1B-RDH14,0.0,0.00011966694227660667,0.9454545454545454,0.001263641585295807,11,0,0.0
NT5C1B,0.0,0.00011966694227660667,0.9454545454545454,0.001263641585295807,11,0,0.0
TK2,0.0,0.0001004524238019286,1.0,0.0010692351875579906,9,0,0.0
NT5C,0.0,0.00011966694227660667,0.9454545454545454,0.001263641585295807,11,0,0.0
NT5C2,0.0,0.00011966694227660667,0.9454545454545454,0.001263641585295807,11,0,0.0
NT5C3A,0.0,0.00011966694227660667,0.9454545454545454,0.001263641585295807,11,0,0.0
NT5M,0.0,0.00011966694227660667,0.9454545454545454,0.001263641585295807,11,0,0.0
AKR7A2,0.0,0.00011486331265793706,0.0,0.00011487650775416428,1,0,0.0
AKR7A3,0.0,0.00011486331265793706,0.0,0.00011487650775416428,1,0,0.0
P3H1,0.0,6.571532385120993e-05,1.0,0.1357578860152901,2,0,0.0
PPIB,0.00047058701823917364,0.00019112162443346705,0.17857142857142858,0.16255855551330708,8,0,0.0
CRTAP,0.0,6.571532385120993e-05,1.0,0.1357578860152901,2,0,0.0
SLC19A2,0.0,0.00011486331265793706,0.0,0.00011487650775416428,1,0,0.0
SLC19A3,0.0,0.00011486331265793706,0.0,0.00011487650775416428,1,0,0.0
GCFC2,7.659313725490196e-08,3.637532305964455e-05,0.6666666666666666,0.1394286657926777,3,0,0.0
CTSD,0.0,0.00011486331265793706,0.0,0.00011487650775416428,1,0,0.0
ENSP00000489910,0.0,0.00011486331265793706,0.0,0.00011487650775416428,1,0,0.0
HP,0.0009974260832884083,0.0001139309273158375,0.21428571428571427,0.1720954379200187,8,0,0.0
LCAT,6.332277339111695e-05,6.916439609893835e-05,0.5,0.16687186843434135,4,0,0.0
ABCG1,0.0,3.2723841170701024e-05,0.0,0.14596643294458359,1,0,0.0
HPR,6.338360216589802e-05,6.285467157050916e-05,0.3333333333333333,0.162931210877269,4,0,0.0
ABCA1,1.0111126694413897e-05,4.9356568522722585e-05,0.0,0.14728939155133208,2,0,0.0
ABCA7,0.0,3.2723841170701024e-05,0.0,0.14596643294458359,1,0,0.0
APOL1,0.0001404742820338501,7.238706993388385e-05,0.3333333333333333,0.1677735963431757,4,0,0.0
CUBN,0.00045814003246288205,0.00013688096727077433,0.3333333333333333,0.15844983671830246,6,0,0.0
SLC8A2,0.0,8.367175710236196e-05,1.0,0.10808346472127377,2,0,0.0
SLC8A3,0.0001907169117647059,0.00010756805410098403,0.3333333333333333,0.12441394961557314,3,0,0.0
SLC8A1,0.0,8.367175710236196e-05,1.0,0.10808346472127377,2,0,0.0
ATIC,0.0,0.000112024285792668,1.0,0.0004102732419791581,3,0,0.0
GART,0.0,0.000112024285792668,1.0,0.0004102732419791581,3,0,0.0
MTHFD1L,0.0,0.000112024285792668,1.0,0.0004102732419791581,3,0,0.0
MTHFD1,6.893382352941177e-07,0.00018422467996410163,0.4,0.0005743825387708214,5,0,0.0
TTR,0.0,9.367082172871192e-05,0.0,0.00015316867700555236,1,0,0.0
RBP4,0.0,0.00015724829451638727,0.0,0.00022975301550832856,2,0,0.0
FILIP1,0.0,2.9040683502352413e-05,0.0,0.15058295905609193,1,0,0.0
ADAT2,0.0,0.00011486331265793706,0.0,0.00011487650775416428,1,0,0.0
ADAT3,0.0,0.00011486331265793706,0.0,0.00011487650775416428,1,0,0.0
STT3A,0.0001684089905533385,0.00012956679294921626,0.696969696969697,0.1391130154704021,12,0,0.0
OSTC,0.0001325890161850268,0.00010971934589627064,0.6888888888888889,0.13561120508097474,10,0,0.0
PKD2,9.535845588235295e-05,9.21835690562564e-05,0.3333333333333333,0.14311226154833578,3,0,0.0
TRPV4,0.00014213462938438142,7.235770431427349e-05,0.3333333333333333,0.16675865501123394,3,0,0.0
TRPC1,0.00043050976802631126,0.0002044587562529067,0.15555555555555556,0.16147726434420237,10,0,0.0
PKD1,0.0,4.3602998182783934e-05,0.0,0.12191975655724709,1,0,0.0
STBD1,0.0,2.9133743114099397e-05,0.0,0.1486328055890146,1,0,0.0
FGF23,1.809485199396485e-06,6.314350736311353e-05,0.5,0.14735929808709033,4,0,0.0
FGFR3,0.0012178002059821192,0.0001342391972389782,0.2,0.17177471961511856,10,0,0.0
CPSF3,0.0008581783727164978,0.00017564457916863119,0.4095238095238095,0.1579449897192,15,0,0.0
CPSF2,4.1545338950386e-06,0.0001257021172404603,0.7777777777777778,0.1403174858120026,10,0,0.28
CPSF7,1.3274681494701234e-05,0.00010316936229396437,0.7857142857142857,0.13737977226414533,8,0,0.03
CPSF6,3.967961712472071e-05,0.00011472749787862245,0.6388888888888888,0.1397623062221001,9,0,0.0
NUDT21,2.311525045545197e-05,0.00010321418507548222,0.7857142857142857,0.137446991333032,8,0,0.01
WDR33,9.539128151260504e-05,0.00011697077385176141,0.7142857142857143,0.14010752947516628,8,0,0.06
SSU72,0.00010304719370920482,4.6257526778080074e-05,0.3333333333333333,0.15185438826736686,3,0,0.0
CPSF4,0.00028694366279875106,0.00015115097590809732,0.6515151515151515,0.14032416139828255,12,0,0.17
RBBP6,0.0005319043685256923,3.699486227899177e-05,0.0,0.18004234460620788,2,0,0.0
CPSF1,4.238957232710707e-06,0.00013696394833374767,0.7454545454545455,0.14032082352574693,11,0,0.09
CHMP1A,0.00010255473297272644,0.00011519262212624366,0.5454545454545454,0.13890337472091174,11,0,0.0
NEK9,0.004334788602941176,0.000174135699639522,0.0,0.1289079896206984,4,0,0.08
NPHP3,0.002263556985294118,0.00013809356227149902,0.0,0.11148654245690853,3,0,0.0
ANKS6,0.00014292279411764707,0.00014440709062397508,0.0,0.11146547665518584,3,0,0.0
NEK6,0.0,5.348487257552826e-05,0.0,0.11145705256338734,1,0,0.0
NEK7,0.004426470588235294,6.477283025512513e-05,0.0,0.1527509107181025,2,0,0.0
IFT43,0.0,8.921969453646639e-05,1.0,0.11471021314164821,6,0,0.0
TTC21B,0.0,8.921969453646639e-05,1.0,0.11471021314164821,6,0,0.0
WDR19,0.0,8.921969453646639e-05,1.0,0.11471021314164821,6,0,0.0
IFT122,0.0,8.921969453646639e-05,1.0,0.11471021314164821,6,0,0.0
WDR35,0.0,8.921969453646639e-05,1.0,0.11471021314164821,6,0,0.0
IFT140,0.0,8.921969453646639e-05,1.0,0.11471021314164821,6,0,0.0
ACOT2,0.0,0.00015330428654997385,0.6666666666666666,0.0011487650775416428,10,0,0.0
FBP2,0.0,0.00010951407578107192,1.0,0.0008836654442628022,7,0,0.0
PFKL,0.0,0.00010951407578107192,1.0,0.0008836654442628022,7,0,0.0
PFKM,0.0,0.00010951407578107192,1.0,0.0008836654442628022,7,0,0.0
PFKP,0.0,0.00010951407578107192,1.0,0.0008836654442628022,7,0,0.0
ACOT4,0.0,0.00015330428654997385,0.6666666666666666,0.0011487650775416428,10,0,0.0
ACOT1,0.0,0.00015330428654997385,0.6666666666666666,0.0011487650775416428,10,0,0.0
ACOT7,0.0,8.53377335606755e-05,1.0,0.0007658433850277618,5,0,0.0
FBP1,0.0,0.00010951407578107192,1.0,0.0008836654442628022,7,0,0.0
THEM4,0.0,8.53377335606755e-05,1.0,0.0007658433850277618,5,0,0.0
THEM5,0.0,8.53377335606755e-05,1.0,0.0007658433850277618,5,0,0.0
TP53I3,0.0,0.00011486331265793706,0.0,0.00011487650775416428,1,0,0.0
EI24,0.0,0.00011486331265793706,0.0,0.00011487650775416428,1,0,0.0
RHOQ,1.5979372282710834e-05,8.669897432821911e-05,0.0,0.15062140740514235,4,0,0.0
FAM98A,0.0,3.849396738401652e-05,0.0,0.09975627667240046,1,0,0.0
SYNRG,0.0,2.510637181993095e-05,0.0,0.1287982232052226,1,0,0.0
CLTC,0.001741314317646516,0.00019049882707262343,0.42483660130718953,0.1678261001713343,18,0,0.01
CLTA,0.000796402040345022,0.00013676016664415156,0.6923076923076923,0.16458588865081192,14,0,0.04
NCALD,0.0,9.818205667021743e-05,1.0,0.15206185031248132,10,0,0.0
GYS1,3.17731050335965e-05,9.128965883632081e-05,0.8333333333333334,0.12261665809649556,4,0,0.0
GYG1,3.1709558823529305e-05,9.128965883632081e-05,0.8333333333333334,0.12261665809649556,4,0,0.0
GYS2,3.1709558823529305e-05,9.128965883632081e-05,0.8333333333333334,0.12261665809649556,4,0,0.0
HOXA7,0.0,3.4443048408955544e-05,0.0,0.12311567194036106,1,0,0.0
PANK3,0.0,0.00011486331265793706,1.0,0.00022975301550832856,2,0,0.0
PANK2,0.0,0.00011486331265793706,1.0,0.00022975301550832856,2,0,0.0
PANK1,0.0,0.00011486331265793706,1.0,0.00022975301550832856,2,0,0.0
MSX2,0.0,6.302734994975385e-05,0.0,0.0998018444376802,1,0,0.0
MSX1,9.535845588235295e-05,0.00010237484971351124,0.0,0.1135684773891073,2,0,0.0
PDZD11,9.535845588235295e-05,9.256627948191792e-05,0.0,0.12282344877100088,2,0,0.0
ATP7A,0.000505882884189348,0.00015999846939930006,0.1,0.1443519654730681,5,0,0.0
SLC5A6,0.0,5.766507348680732e-05,0.0,0.1068791430413161,1,0,0.0
MYOT,0.0,2.987583916524361e-05,0.0,0.14110623884185047,1,0,0.0
EGR1,9.535845588235295e-05,8.29159381409783e-05,0.0,0.12997592696034901,2,0,0.0
NAB1,0.0,5.395620519376149e-05,0.0,0.11225452267363897,1,0,0.0
NAB2,0.00019115232857663705,7.450838804793126e-05,0.0,0.15433344899726345,3,0,0.0
NFYB,0.0,5.295903432843837e-05,1.0,0.1527311366254764,3,0,0.0
ING2,0.0004829919128182143,0.00020573383643431248,0.26021505376344084,0.1875047652974286,31,1,0.61
NFYC,0.0,5.295903432843837e-05,1.0,0.1527311366254764,3,0,0.0
NFYA,0.0,5.295903432843837e-05,1.0,0.1527311366254764,3,0,0.0
WASHC3,1.9071691176470737e-05,9.56094070617352e-05,0.9047619047619048,0.14391177138938793,7,0,0.0
WASHC1,1.9071691176470737e-05,9.56094070617352e-05,0.9047619047619048,0.14391177138938793,7,0,0.0
WASHC4,1.9071691176470737e-05,9.56094070617352e-05,0.9047619047619048,0.14391177138938793,7,0,0.0
WASHC5,1.9071691176470737e-05,9.56094070617352e-05,0.9047619047619048,0.14391177138938793,7,0,0.0
WASHC2C,1.9071691176470737e-05,9.56094070617352e-05,0.9047619047619048,0.14391177138938793,7,0,0.0
WASHC2A,0.0,7.529990410814685e-05,1.0,0.12250970719850475,5,0,0.0
FZD3,2.705877962895489e-06,8.797362637975447e-05,0.2,0.1375848358294244,5,0,0.0
WNT11,1.7930505228559075e-05,0.00011855561608994113,0.2857142857142857,0.14595559841211372,7,0,0.0
WNT5A,0.0005398088578642505,0.0002796736296128857,0.09166666666666666,0.1597802660081907,16,0,0.0
TARDBP,0.0019672715930541484,0.00015288219451889051,0.1388888888888889,0.17099795411393126,9,0,0.0
HNRNPA1,0.000690589682224869,9.925817407829265e-05,0.3333333333333333,0.15751061147662077,6,0,0.0
FUS,0.0012813307186342528,0.0001346151014065907,0.17857142857142858,0.16572797923928645,8,0,0.01
G3BP1,0.0011621739901177123,0.00018741459316953203,0.06666666666666667,0.1670514377431088,10,0,0.01
MATR3-2,0.0005677552122936233,5.398006822301751e-05,0.0,0.1416245509572516,2,0,0.0
MATR3,0.0005899380487928319,7.609171509154976e-05,0.3333333333333333,0.1416313514926989,3,0,0.0
SNCA,0.009210656893555488,0.0001942971097750364,0.054945054945054944,0.1924033731579387,14,0,0.04
RDH10,0.0,9.416108205802443e-05,1.0,0.0002584721424468696,2,0,0.0
RDH11,0.0,0.00013556554325784966,0.6666666666666666,0.0003446295232624928,3,0,0.0
RDH5,0.0,0.00013556554325784966,0.6666666666666666,0.0003446295232624928,3,0,0.0
TEX14,0.0,4.366176444929957e-05,0.0,0.12975008074392172,1,0,0.0
CEP55,9.535845588235295e-05,6.151267028688884e-05,0.0,0.15402317026168147,2,0,0.0
NCAPH,0.0,0.00010491025755292802,1.0,0.0006254387644393388,5,0,0.01
SMC2,1.5318627450980393e-07,0.00014277531246624506,0.7142857142857143,0.0008041355542791499,7,0,0.01
NCAPD2,0.0,0.00010491025755292802,1.0,0.0006254387644393388,5,0,0.01
SMC4,1.5318627450980393e-07,0.00014277531246624509,0.7142857142857143,0.0008041355542791499,7,0,0.01
NCAPG,0.0,0.00010491025755292802,1.0,0.0006254387644393388,5,0,0.01
NCAPD3,1.5318627450980393e-07,0.00014277531246624509,0.7142857142857143,0.0008041355542791499,7,0,0.01
MND1,0.0,0.00011486331265793706,0.0,0.00011487650775416428,1,0,0.0
PSMC3IP,0.0,0.00011486331265793706,0.0,0.00011487650775416428,1,0,0.0
RAET1E,0.0,8.676902923756205e-05,1.0,0.13071900862042193,3,0,0.0
TYROBP,0.0009647421377587089,0.00028829646418475536,0.05714285714285714,0.16824251835331833,15,0,0.03
RAET1L,0.0,8.676902923756205e-05,1.0,0.13071900862042193,3,0,0.0
HCST,0.0005023494476744852,4.83100239061098e-05,0.0,0.16643402045543396,2,0,0.0
MICA,0.000732558539203123,8.671573909992369e-05,0.3333333333333333,0.1693096670978245,4,0,0.0
RAET1G,0.0,8.676902923756205e-05,1.0,0.13071900862042193,3,0,0.0
MICB,0.0,5.579049282427941e-05,1.0,0.14267268292796095,2,0,0.0
IAPP,0.00022091235520550504,0.00013045852778777092,0.5,0.16236169380514687,8,0,0.0
CALCB,0.0,8.85879152903962e-05,0.7,0.14544818336758225,5,0,0.0
CALCA,2.3595320810430155e-05,0.00015228283614554902,0.5555555555555556,0.1555420403159416,9,0,0.0
RAMP3,1.1332795088793133e-05,0.00013870429737417462,0.5714285714285714,0.14745875318141236,8,0,0.01
RAMP2,1.8919548796471618e-05,0.00015028412193349123,0.6111111111111112,0.15271136765182639,9,0,0.0
RAMP1,0.00011418106627590016,0.0001329285525647801,0.5357142857142857,0.1634775508112069,8,0,0.27
ADM,4.135124005883977e-06,0.00012284697399244878,0.5238095238095238,0.14584734148447107,7,0,0.0
CALCR,1.8170744576051314e-05,0.0001512904108969285,0.5833333333333334,0.1555420403159416,9,0,0.0
IDE,0.00496356603387331,0.00020673756040310312,0.08571428571428572,0.19364761911244463,15,0,0.04
TFG,0.0,5.0393026925010944e-05,1.0,0.15839027550806575,3,0,0.0
TPR,0.0039067359600778034,0.00018737053634475012,0.3368421052631579,0.1761394828766654,20,0,0.39
NAA50,6.357230392156842e-05,9.230943185111245e-05,0.8,0.1351389952584624,5,0,0.0
NAA16,0.0,0.0001228381654019042,0.8571428571428571,0.11610548380220441,7,0,0.0
NAA15,0.0002066099877450969,0.0001387335138915715,0.7142857142857143,0.13514828337470275,8,0,0.0
NAA11,0.0,0.0001228381654019042,0.8571428571428571,0.11610548380220441,7,0,0.0
NAA10,0.0002066099877450969,0.0001387335138915715,0.7142857142857143,0.13514828337470275,8,0,0.0
HYPK,0.0007628676470588236,7.38097964579637e-05,0.5,0.16163654704686545,4,0,0.0
MAPK8IP1,0.00042864545458440637,0.00013626086142119658,0.2857142857142857,0.1667680835954655,8,0,0.0
MAP4K1,0.0,4.76514143373756e-05,1.0,0.1386813226372899,2,0,0.0
KLC1,0.0002920427024916762,0.00012198119467590708,0.5714285714285714,0.1486215716270886,8,0,0.0
MAPK8IP2,1.885947038996061e-05,0.0001118216860545404,0.4,0.14918158513573582,6,0,0.0
MAPK8,0.0006269058424673955,0.00020338874179495523,0.14285714285714285,0.1805272032629189,14,0,0.0
MAP3K11,3.458848817304699e-08,6.187383718909865e-05,0.3333333333333333,0.14182885151401442,3,0,0.0
MAPK9,0.00014318385270262944,0.00013368347721535266,0.32142857142857145,0.16928537380613543,8,0,0.15
CAT,0.0,9.416108205802443e-05,1.0,0.0002584721424468696,2,0,0.0
HAO1,0.0,0.00013556554325784966,0.6666666666666666,0.0003446295232624928,3,0,0.0
HAO2,0.0,0.00013556554325784966,0.6666666666666666,0.0003446295232624928,3,0,0.0
GJA3,7.34637536840345e-05,8.420392794222621e-05,0.6666666666666666,0.1507985229945142,4,0,0.0
GJD3,0.0,7.098674958240683e-05,1.0,0.12911112762141388,3,0,0.0
GJB2,0.00016801236644963983,0.0001283493767108796,0.42857142857142855,0.15311567007611288,7,0,0.0
GJA8,0.0,7.098674958240682e-05,1.0,0.12911112762141388,3,0,0.0
GHSR,9.535845588235295e-05,8.76226511182204e-05,0.3333333333333333,0.14935154744600743,3,0,0.0
GHRL,0.0,4.171775708148257e-05,0.0,0.12641894908219364,1,0,0.0
GSTM2,0.0,0.00011486331265793706,0.0,0.00011487650775416428,1,0,0.0
GSTM3,0.0,0.00011486331265793706,0.0,0.00011487650775416428,1,0,0.0
ADORA3,0.0,4.1148931918386996e-05,0.0,0.12626741627651278,1,0,0.0
ADORA1,9.535845588235295e-05,8.478229515524595e-05,0.3333333333333333,0.14914009761395564,3,0,0.0
ACVR2A,0.0009777687179449005,0.0002579856862773833,0.37254901960784315,0.16404125082790802,18,0,0.03
BMPR2,0.0003373708603045698,0.0002485317419108733,0.3904761904761905,0.15023397904096167,15,0,0.04
GDF11,1.4609218761069654e-05,6.858142774881778e-05,0.5,0.15786890628154257,4,0,0.0
ACVR1C,0.0,7.78358966083229e-05,1.0,0.15997525209552274,5,0,0.0
ACVR2B,0.001727392503590217,0.00025555874039544533,0.3333333333333333,0.16875267960701437,18,0,0.0
BMPR1B,0.0004832073599271148,0.00021462245994610654,0.5047619047619047,0.15698247434728835,15,0,0.04
ACVR1B,0.0004560146179114377,0.00012377337708134654,0.6071428571428571,0.16393640009510896,8,0,0.0
GDF2,3.412577060867145e-06,9.70317571377818e-05,0.7333333333333333,0.15037567669383367,6,0,0.0
ACVRL1,0.00010315241951975131,0.00012712975282352555,0.5,0.16051938560605172,8,0,0.04
BMP7,9.938785328177726e-05,0.0001514250420258641,0.6,0.14930996535023416,10,0,0.0
TDGF1,0.0,5.4595381167652754e-05,1.0,0.14005763244669628,3,0,0.0
BMPR1A,0.0007644519883599648,0.000230974862199869,0.44166666666666665,0.16281878559858687,16,0,0.08
ACVR1,0.0018307322327420197,0.0002827272218431695,0.2736842105263158,0.17409654766327473,20,0,0.18
BMP6,3.590289168081726e-05,0.00013424352418423463,0.8055555555555556,0.15018425675354263,9,0,0.01
POLK,0.0,2.803402649746326e-05,0.0,0.15548464472910917,1,0,0.0
FLT3,9.535845588235295e-05,6.743596833138373e-05,0.0,0.16556518161724393,2,0,0.0
FLT3LG,0.0,4.60725132246596e-05,0.0,0.1378452487679028,1,0,0.0
FYTTD1,2.3344808411617135e-06,5.7895068539247046e-05,0.5,0.13333078883063015,4,0,0.0
POLDIP3,1.5232338018989087e-05,7.336612632902926e-05,0.6666666666666666,0.14286963964694602,6,0,0.0
SARNP,0.00012028497137704719,0.00016639012405870348,0.5384615384615384,0.14238341872082258,13,0,0.03
DDX39B,0.00022225383429987604,0.0001492289451991204,0.4835164835164835,0.15046005613850588,14,0,0.02
MYOG,0.0,3.1829777149721105e-05,0.0,0.14449339687998827,1,0,0.0
TCF12,0.00023070966514188767,0.00015378982233520353,0.16666666666666666,0.17524991595681652,9,0,0.0
AHR,5.304276380918444e-05,8.068839007569772e-05,0.4,0.18025139551509153,5,0,0.0
ARNT,0.00011739674817012584,0.00012974783658352033,0.3611111111111111,0.1801963350649846,9,0,0.0
ENSP00000490530,0.0,4.3273208492507835e-05,1.0,0.15478700167989298,2,0,0.0
AIP,0.00013615297692011358,9.423354017729831e-05,0.4666666666666667,0.18994389094318193,6,0,0.0
BBS9,9.535845588235295e-05,0.00014999765912326833,0.75,0.10668970956055851,8,0,0.02
BBS2,0.0,0.00012284739050539512,1.0,0.10668778002680991,7,0,0.0
BBS1,0.0007628676470588236,0.0001425301577350077,0.75,0.12255297436423396,8,0,0.06
BBS4,0.0,0.00012284739050539512,1.0,0.10668778002680991,7,0,0.0
BBIP1,0.0,0.00012284739050539512,1.0,0.10668778002680991,7,0,0.0
TTC8,0.0,0.00012284739050539512,1.0,0.10668778002680991,7,0,0.0
BBS7,0.0,0.00012284739050539512,1.0,0.10668778002680991,7,0,0.0
LZTFL1,0.0,3.315467241392462e-05,0.0,0.09445038059820998,1,0,0.0
BBS5,0.0,0.00012284739050539512,1.0,0.10668778002680991,7,0,0.0
INHBB,3.52328431372549e-07,4.843063827805336e-05,0.0,0.12707251623166105,2,0,0.0
INHA,0.0,3.433474940613536e-05,0.0,0.11971522487666207,1,0,0.0
FST,6.185554725214274e-05,7.505545280079795e-05,0.0,0.14603870428832005,4,0,0.0
CALCRL,0.0004996351301766569,0.0002012155531335411,0.3787878787878788,0.16764009835523605,12,0,0.0
ADM2,0.0,4.615942934568003e-05,1.0,0.13933645324473629,2,0,0.0
GRM1,0.00024080113575502223,0.00021324758187677914,0.2,0.14988661282675003,11,0,0.0
TWIST1,6.725763800759508e-05,7.62414794820772e-05,0.3333333333333333,0.16101447774169284,3,0,0.0
G3BP2,3.368701283112794e-05,5.511622952493021e-05,0.0,0.14624144531266797,2,0,0.0
TWIST2,0.0,5.239519180066601e-05,1.0,0.16020116288793418,2,0,0.01
EHD2,0.00043433459211922716,0.00010352397150154667,0.7777777777777778,0.14914009761395564,9,0,0.02
CLTB,2.3524450623922122e-05,9.670569418626357e-05,0.8055555555555556,0.1487752495781292,9,0,0.0
CLTCL1,7.215384101452385e-06,0.00010005342630941801,0.8055555555555556,0.1487714975542823,9,0,0.0
MYO6,0.0019606777045021234,0.00019208524029254697,0.2916666666666667,0.1912059970511604,16,0,0.01
ZC3HAV1,0.0,2.9462780231693425e-05,0.0,0.15499848711270398,1,0,0.0
DDX58,0.001591094543942281,0.0002578921206636122,0.1503267973856209,0.19094605493048492,18,0,0.0
EGR2,0.00017702202167246923,9.096183354923816e-05,0.3,0.1774588599068167,5,0,0.0
SOX10,0.0,5.866222980925702e-05,0.0,0.1461907073013085,2,0,0.0
EGR3,0.0,4.789159919919419e-05,1.0,0.17741616303826768,3,0,0.0
UNG,1.8600227024614905e-05,3.6447396973222576e-05,0.3333333333333333,0.1538825465246485,3,0,0.0
ACAD8,0.0,5.3459026669402e-05,1.0,0.09491540636550339,2,0,0.0
RNF11,1.5273887792575167e-06,4.982456749803167e-05,0.3333333333333333,0.15759898001716227,3,0,0.0
TNFAIP3,0.00015257756544797486,0.0001197462118041069,0.3090909090909091,0.19093987444642826,11,0,0.0
ITCH,0.0008816311352551235,0.00010089300054202877,0.21428571428571427,0.182549510166251,8,0,0.0
BHLHE41,0.0,0.00015724829451638727,0.0,0.00022975301550832856,2,0,0.0
NFIL3,0.0,9.367082172871192e-05,0.0,0.00015316867700555236,1,0,0.0
BHLHE40,0.0,9.367082172871192e-05,0.0,0.00015316867700555236,1,0,0.0
SSPN,8.082061566729816e-06,0.00010059174969471208,0.6,0.14392230460189326,5,0,0.0
DTNA,0.0,4.999289380736347e-05,1.0,0.14099831304131175,2,0,0.0
DDX39A,0.0,3.7198004517256434e-05,1.0,0.13345747751283654,2,0,0.0
ALYREF,0.0010576281246172596,0.0002438229748602589,0.24110671936758893,0.15926261935805616,23,0,0.01
ADGRE5,1.4341703409305538e-05,5.223837584203059e-05,0.0,0.12940284337689253,2,0,0.0
LPAR1,0.0003164460688396528,0.00020505312812239116,0.42424242424242425,0.15116950057715708,12,0,0.0
CD55,5.2219853710312434e-05,0.0001207808115811051,0.3,0.1341921615337216,5,0,0.01
ATP7B,0.0,7.75260408420845e-05,1.0,0.12282089154741622,2,0,0.0
ATOX1,0.0,7.75260408420845e-05,1.0,0.12282089154741622,2,0,0.0
ZC3H13,8.810876211163819e-07,0.00011170627890943444,0.9285714285714286,0.14793949645197244,8,0,0.01
RBM15B,0.0,9.914341291514633e-05,1.0,0.14793578646359717,7,0,0.0
METTL16,0.0,8.72628640546342e-05,1.0,0.1427693656918706,6,0,0.03
CBLL1,0.0002101104694033118,0.00011154183746630477,0.75,0.16420563454481285,8,0,0.01
METTL14,6.759260255615558e-05,0.00013446865188113525,0.6444444444444445,0.16214302185208074,10,0,0.08
WTAP,0.0001752767340377699,0.00016439291469972294,0.5272727272727272,0.16203613198435426,11,0,0.03
METTL3,0.0004584632227457734,0.00016664956143885027,0.3974358974358974,0.17167474014965373,13,0,0.05
RBM15,0.00010944469408276577,0.00012224999514138024,0.7222222222222222,0.15103790411507287,9,0,0.0
VIRMA,8.548985411520347e-05,0.00013407070692971607,0.6,0.14856542728038885,10,0,0.02
PDE1B,0.0,0.00011486331265793706,1.0,0.00022975301550832856,2,0,0.0
PDE1C,0.0,0.00011486331265793706,1.0,0.00022975301550832856,2,0,0.0
PDE1A,0.0,0.00011486331265793706,1.0,0.00022975301550832856,2,0,0.0
ANXA6,0.0,3.191556427348425e-05,0.0,0.15467741939856314,1,0,0.0
HPX,0.0,3.191556427348425e-05,0.0,0.15467741939856314,1,0,0.0
CALR,0.002258835300432194,0.0002538266047961657,0.2631578947368421,0.1767993592585986,19,0,0.05
SEC63,0.0,4.3778831706373877e-05,1.0,0.13523193391000873,2,0,0.0
SEC62,0.0,4.3778831706373877e-05,1.0,0.13523193391000873,2,0,0.0
RAB9B,0.0,5.464041438359777e-05,1.0,0.1300217637430549,2,0,0.0
RAB9A,0.000322042295667511,9.135604115442202e-05,0.16666666666666666,0.1516085176310049,4,0,0.0
GCC2,0.0002825285380301882,0.00010611821258845119,0.2,0.13898846502420661,5,0,0.0
NMI,3.592768662914126e-06,4.458761032759726e-05,0.0,0.16673980104079825,2,0,0.0
TNFAIP6,2.497744451927544e-05,4.9587176019723805e-05,0.0,0.16017506370041004,2,0,0.0
PTX3,0.00015838892499159986,8.887846296738441e-05,0.0,0.1512896856027493,4,0,0.0
SLC36A1,0.0,0.0001022693438073887,1.0,0.07855708815764986,2,0,0.0
SLC36A2,0.0,0.0001022693438073887,1.0,0.07855708815764986,2,0,0.0
SLC36A4,0.0001907169117647059,0.0001479595866123571,0.3333333333333333,0.08684195882498492,3,0,0.01
BATF3,0.0,6.330127666820753e-05,1.0,0.13683802878734402,2,0,0.0
BATF,0.00019696831830913366,0.00011113692939017151,0.2,0.1641097040288878,5,0,0.0
BATF2,0.0,6.330127666820753e-05,1.0,0.13683802878734402,2,0,0.0
B9D2,6.701899509803921e-08,0.00014156043520522846,0.7777777777777778,0.1025161604543107,10,0,0.0
TMEM216,2.8722426470588236e-08,0.00011493720265677888,0.9285714285714286,0.10251259746324444,8,0,0.04
CC2D2A,0.0,0.00012892420030559133,0.7777777777777778,0.10251437892781873,9,0,0.0
TMEM231,8.568282781862704e-05,0.00013083341643648915,0.8055555555555556,0.11707093653421184,9,0,0.0
MKS1,0.0,0.00010244442095611069,0.9523809523809523,0.10251081606058458,7,0,0.01
TCTN2,0.00010946499693627371,0.00014322127873369378,0.8,0.11707325992344211,10,0,0.04
TMEM67,0.0001096172123659075,0.00013232961508777405,0.7222222222222222,0.11707093653421184,9,0,0.05
TCTN1,0.00015702933517156744,0.00015726302675746456,0.7090909090909091,0.11707558340489414,11,0,0.05
TCTN3,6.701899509803921e-08,0.00011500346030333886,0.8928571428571429,0.10251259746324444,8,0,0.1
B9D1,0.00010946499693627371,0.00014322127873369378,0.8,0.11707325992344211,10,0,0.04
AHI1,2.8722426470588236e-08,6.604644152086151e-05,0.8333333333333334,0.10250547222405952,4,0,0.0
C4BPB,0.0,4.442308319094295e-05,0.0,0.10549532209704211,1,0,0.0
C4BPA,9.535845588235295e-05,9.531915850155814e-05,0.3333333333333333,0.12099947533531066,3,0,0.0
ZNF350,7.49476677979149e-05,6.144697569625141e-05,0.3333333333333333,0.1687913079350597,3,0,0.0
RBBP8,0.000138870482492315,0.00013688052748006844,0.17777777777777778,0.1757930512567393,10,0,0.02
GPR83,0.0,3.854408211312061e-05,1.0,0.1618405328126859,2,0,0.0
CHUK,0.0011311780970748697,0.00023872914760978014,0.2631578947368421,0.19604810305823864,19,0,0.04
CHPF,0.0,0.00011486331265793706,1.0,0.00022975301550832856,2,0,0.0
CHSY3,0.0,0.00011486331265793706,1.0,0.00022975301550832856,2,0,0.0
CHSY1,0.0,0.00011486331265793706,1.0,0.00022975301550832856,2,0,0.0
MC3R,4.7679227941176475e-05,8.099740280560114e-05,0.0,0.12205345156464457,2,0,0.0
AGRP,0.0,8.371386450043179e-05,0.0,0.1062994399679683,2,0,0.0
POMC,0.0005691650949814523,0.0003014706248021363,0.06666666666666667,0.14328954847148098,10,0,0.0
PI3,0.0,2.934752764333821e-05,0.0,0.16626983345140509,1,0,0.0
AKT1,0.00608514588148809,0.0004418964721571402,0.06881720430107527,0.2083452504422689,31,1,0.99
SH3BP2,7.588741590041999e-05,8.591999067103453e-05,0.4,0.1664387162774709,6,0,0.0
PDGFRB,0.00025656637846138003,0.00016561562895424625,0.34615384615384615,0.19155990975880505,13,0,0.06
COPS7A,0.0,0.00011352953812339594,1.0,0.1707999137478256,12,0,0.11
COPS9,0.0,0.00011352953812339594,1.0,0.1707999137478256,12,0,0.11
SH2D2A,5.372254789515087e-06,5.754441445022631e-05,0.3333333333333333,0.18328685477776607,4,0,0.0
TESPA1,0.0,0.00011352953812339594,1.0,0.1707999137478256,12,0,0.11
SRSF4,0.0,5.2547883503632217e-05,0.6666666666666666,0.1450868791908901,3,0,0.0
RAB22A,0.0,0.00011486331265793706,0.0,0.00011487650775416428,1,0,0.0
RAB31,0.0,0.00011486331265793706,0.0,0.00011487650775416428,1,0,0.0
SNAI1,0.0003877859379461323,0.00011720898654076288,0.4,0.1907361426869633,11,0,0.01
KPNB1,0.00038733520632740676,0.00014546305349399984,0.027777777777777776,0.1683337353333638,9,0,0.0
EHMT2,0.00038662967459211696,0.00021381834054284718,0.4206773618538324,0.1844214031019602,34,1,0.71
DNMT1,0.002938497538602011,0.0002452212517768717,0.4095238095238095,0.20550015401039506,36,1,0.92
LOXL2,0.0,2.631229255715388e-05,0.0,0.1548601428352296,1,0,0.0
MOCS3,0.0,0.00011486331265793706,0.0,0.00011487650775416428,1,0,0.0
MOCS2,0.0,0.00011486331265793706,0.0,0.00011487650775416428,1,0,0.0
IL9R,7.189672516357152e-07,5.461436644377203e-05,0.6666666666666666,0.15098378390679534,3,0,0.0
UTP25,6.00574374585933e-07,3.958408610264328e-05,0.0,0.1407527241302379,2,0,0.0
IL17C,0.0,4.384310426964152e-05,0.0,0.10217523895422882,1,0,0.0
IL17RE,9.535845588235295e-05,0.00012572295903421152,0.3333333333333333,0.11665191657153255,4,0,0.0
LIPE,2.297794117647059e-07,0.00011701427928140628,0.0,0.00048768328763560304,2,0,0.01
PLIN1,4.595588235294118e-07,0.0001022065716815737,0.0,0.0006304198596265113,2,0,0.0
FABP4,0.0,6.880642965696949e-05,0.0,0.00038577931708488005,1,0,0.0
BTN1A1,0.0,5.367798956262071e-05,0.0,0.11552341025032117,1,0,0.0
XDH,0.0010535429181596121,0.0004745234864889706,0.030303030303030304,0.1343786286936468,12,0,0.17
BTN3A3,0.0,5.367798956262071e-05,0.0,0.11552341025032117,1,0,0.0
LUC7L,4.202208645748181e-07,4.85288629500171e-05,0.8333333333333334,0.14099831304131175,4,0,0.0
RBM25,1.5299879916564596e-05,6.743301909076185e-05,0.3333333333333333,0.14954464017599312,7,0,0.0
TIA1,2.0560192099738965e-05,7.078113206405086e-05,0.3333333333333333,0.14901953774118126,4,0,0.0
H2BC5,1.1488970588235295e-09,4.323767541506648e-05,0.7619047619047619,0.17057273366361325,7,0,0.0
DAXX,0.0013784132416043877,0.00019202867045891453,0.42528735632183906,0.19691849721341925,30,1,0.94
H2BC17,6.98477189171123e-08,9.091056535927611e-05,0.8904761904761904,0.17076530383622524,21,0,0.03
DPY30,2.3911988026462337e-05,0.00011125202206638721,0.6190476190476191,0.17360469161337258,15,0,0.0
H4C7,2.8077254698732183e-05,9.834875189476761e-05,0.4117647058823529,0.178603270490248,18,0,0.0
ASH2L,0.00022665189930827953,0.00015699597281998475,0.42424242424242425,0.18216055524402175,22,0,0.02
HJURP,2.6422635979467137e-05,8.86481763086792e-05,0.7189542483660131,0.17223110043567783,18,0,0.0
BRD2,2.684897556620111e-05,9.626035324696592e-05,0.6209150326797386,0.1693485508704829,18,0,0.0
H2AB2,1.5456243683949356e-07,0.00010830254915965623,0.9723076923076923,0.17252324806312405,26,1,0.72
NASP,3.855457094848586e-08,0.00013097351707202503,0.8649193548387096,0.1710673767840854,32,1,0.8
H2AC12,6.378643065012428e-07,0.00012107011812628854,0.9402298850574713,0.1715249889806467,30,1,0.79
CHD4,0.0006218808758071832,0.00026678802465995627,0.44680851063829785,0.18518560417587193,48,1,0.96
H2AC18,0.0016649053241169932,0.00021339974395362334,0.5591966173361522,0.19276803545593102,44,1,0.97
SMARCA4,0.005597624187795,0.00037966969314892217,0.2906057945566286,0.2086326232014996,68,1,0.95
DNMT3A,0.0001388959944429937,0.00015580113099346958,0.5310344827586206,0.18568690928333914,30,1,0.76
H2BC3,3.458281308668118e-07,0.00010322537632512972,0.8115942028985508,0.17134563207338216,24,0,0.01
IPO4,0.0005818015766507075,0.0001413387506021697,0.803030303030303,0.17508347196813587,33,1,0.47
H2BC14,6.279269769485495e-08,8.349086860954143e-05,0.8830409356725146,0.1706270043392937,19,0,0.0
MACROH2A1,0.00019515531140697364,0.00013239605208024082,0.9092741935483871,0.17524470979212173,32,1,0.38
NSD2,0.0,5.935475364083309e-05,1.0,0.1710723377032857,12,0,0.02
hCG_2039566,1.6277866071726715e-05,0.00013520369292194205,0.6516129032258065,0.17257876721731907,31,1,0.76
ENSP00000499734,0.0,6.874634059532027e-05,1.0,0.1692222438618015,15,0,0.0
H2AC7,3.32095363490512e-05,0.00017598368169493168,0.5993031358885017,0.17395793167474866,42,1,0.77
H2BC9,0.0,3.6048335018265406e-05,0.6,0.17055793856137857,5,0,0.0
KMT5A,3.931751117412205e-08,0.0001502480790342961,0.903271692745377,0.1714850994483256,38,1,0.92
H2AC19,0.00011586813191520852,0.00015124348889306442,0.7040998217468806,0.19172177909657123,34,1,0.91
H2AZ2,1.5456243683949356e-07,0.00010480438405278151,0.97,0.1725182026385448,25,0,0.14
H2BC1,0.0007322671780158336,0.00011771577202935217,0.7272727272727273,0.17863572119499743,23,0,0.02
BRDT,4.4418637182521275e-06,4.584971879800395e-05,0.6,0.17025766050053107,5,0,0.0
KDM4A,4.5408982454828106e-05,0.0001420528896090419,0.803030303030303,0.17107729891022566,33,1,0.82
H2AC21,1.3215452417436418e-06,9.427331739618298e-05,0.8571428571428571,0.1710574558088036,22,0,0.01
KMT2C,1.7462499593745476e-05,0.00011839550446514902,0.47058823529411764,0.17580876858265485,18,0,0.02
SPTY2D1,0.0,7.563762724537961e-05,1.0,0.17061219982133274,17,0,0.0
H2AC1,1.363235891152966e-06,0.0001270358010371809,0.843010752688172,0.17354340494888212,31,1,0.81
H2BC12,0.000211215100068987,0.00024038512068536074,0.6560150375939849,0.19964422028639506,57,1,0.99
PHF10,0.0004010440324412656,0.000151289476966553,0.49798387096774194,0.18491277728739267,32,1,0.84
H2AB3,1.5456243683949356e-07,0.00010830254915965623,0.9723076923076923,0.17252324806312405,26,1,0.72
H2BU1,0.0008051629525897456,0.00010240530375294431,0.819047619047619,0.17912390067781256,21,0,0.03
ASF1B,2.3754222972972976e-08,9.11926141314964e-05,0.9761904761904762,0.1711616834766401,21,0,0.03
H2AC20,0.0007255812954969967,0.00023228569312441934,0.5505882352941176,0.17927632338618452,51,1,0.97
HAT1,5.168055027896588e-08,4.942510936371762e-05,0.5714285714285714,0.17175471440698775,8,0,0.0
ATAD2,0.0003145072608825499,7.342991671884687e-05,0.8666666666666667,0.18430616493337085,15,0,0.01
CHD1L,5.854490043339634e-09,0.00011022531952229149,0.9886039886039886,0.1712113603547352,27,1,0.78
H2AX,0.0006339000079838903,0.0001527155673130364,0.759469696969697,0.1953469574482549,33,1,0.74
H2AC4,0.0001627398005383402,0.0002524468902297852,0.6176626123744051,0.1928310480198222,62,1,0.98
DOT1L,0.0012221343634412137,0.00019843262682680467,0.7806763285024154,0.18975448472151316,46,1,0.95
TONSL,9.535845588235295e-05,9.51565841599052e-05,0.8888888888888888,0.1705382157504091,18,0,0.0
H2BC15,0.0,3.6048335018265406e-05,0.6,0.17055793856137857,5,0,0.0
H2AC14,6.378643065012428e-07,0.00012107011812628854,0.9402298850574713,0.1715249889806467,30,1,0.79
N6AMT1,0.0002496372092704113,8.82971575077745e-05,0.8666666666666667,0.16694270491913066,15,0,0.02
H3Y1,0.0,7.155571871366739e-05,1.0,0.16792164591580988,16,0,0.0
L3MBTL1,0.00010721689672337753,8.272143258339018e-05,0.7720588235294118,0.18541843221821155,17,0,0.01
H2AJ,9.55000461305006e-06,8.289316760843087e-05,0.3416666666666667,0.17242239561051065,16,0,0.0
H2BC18,0.0,5.332994417280773e-05,0.5777777777777777,0.17059246445987278,10,0,0.0
MSL3,0.0004362618622725667,0.000154548080747318,0.4939516129032258,0.18902484686690596,32,1,0.73
H2AZ1,1.1634373243690458e-05,3.7854650358311395e-05,0.4,0.16954811085627572,5,0,0.0
AARS2,0.0,0.00011486331265793706,0.0,0.00011487650775416428,1,0,0.0
AARS1,0.0,0.00011486331265793706,0.0,0.00011487650775416428,1,0,0.0
H1-1,0.00028595794530236946,5.820526040927676e-05,0.3333333333333333,0.15681138310487788,3,0,0.0
H1-5,0.0001907169117647059,8.009435277778737e-05,0.0,0.13173486871421172,2,0,0.0
TREM1,3.764387187020989e-05,4.824418740785542e-05,0.0,0.15952102274262847,2,0,0.0
HMGB1,0.001832839959155153,0.00020450909108133704,0.07575757575757576,0.19309615126096238,12,0,0.0
ATXN1,0.00019993247851239038,0.0001196570323356386,0.0,0.15585435722648353,4,0,0.0
CIC,0.0,4.4101795955959255e-05,0.0,0.1310471491952105,1,0,0.0
NCOR2,0.0008178151057950244,0.0002570467882028975,0.17316017316017315,0.18819867350526084,22,0,0.03
UBQLN4,4.762109911256004e-05,4.8705757193349215e-05,0.0,0.15611833538936115,2,0,0.0
ATXN1L,0.0,4.4101795955959255e-05,0.0,0.1310471491952105,1,0,0.0
EREG,0.0,6.178563887829711e-05,1.0,0.17511465612914182,4,0,0.0
GOT2,5.562576593137288e-05,0.00012690800701939154,0.7333333333333333,0.11683906239027117,6,0,0.0
GOT1,5.562576593137288e-05,0.00012690800701939154,0.7333333333333333,0.11683906239027117,6,0,0.0
GOT1L1,5.562576593137288e-05,0.00012690800701939154,0.7333333333333333,0.11683906239027117,6,0,0.0
IL4I1,0.0,0.0001345178315551398,0.4666666666666667,0.10233476313682714,6,0,0.01
TAT,0.0,9.034847630531437e-05,1.0,0.102327662596444,4,0,0.0
PIWIL1,0.00012035775320124627,0.00010877381402447068,0.0,0.1416585601667123,3,0,0.0
TDRD6,0.0,4.93273703839511e-05,0.0,0.12086312532827406,1,0,0.0
TDRKH,0.00035575916058129114,9.67316189965228e-05,0.0,0.1660405151154695,3,0,0.0
SND1,0.0001583026306534731,0.00011391493045171357,0.0,0.14756572496053635,4,0,0.0
IRF2,9.535845588235295e-05,7.464640750562377e-05,0.0,0.15010400562397966,2,0,0.0
STAT1,0.004605750924609693,0.00023395606001746052,0.18947368421052632,0.19843539494827775,20,0,0.05
NOG,0.0,5.7351696935306815e-05,1.0,0.12715742845797554,3,0,0.0
PTGER2,0.0,9.367082172871192e-05,0.0,0.00015316867700555236,1,0,0.0
PTGER4,0.0,0.00015724829451638727,0.0,0.00022975301550832856,2,0,0.0
SOX9,0.00037345314013211527,8.278861258512144e-05,0.0,0.17432806587140284,4,0,0.0
SOX6,0.00010054097081370136,7.600233342009876e-05,0.0,0.16804123119277597,3,0,0.0
NR5A1,9.625644258859329e-05,8.606678105314006e-05,0.0,0.15919385311481005,4,0,0.0
GATA4,0.0012965013334320804,0.00019821353485952492,0.18181818181818182,0.17577733674083434,11,0,0.0
GFM1,0.0,2.0009779781751595e-05,0.0,0.11823714064423957,1,0,0.0
RBFA,0.0,2.5213438308573786e-05,1.0,0.118263214871843,3,0,0.0
RBM48,0.0,2.7240526648454894e-05,1.0,0.145147567074022,3,0,0.0
SCNM1,0.0,3.999999078676721e-05,1.0,0.1555707540025423,7,0,0.0
NUP50,7.768413802549717e-05,5.6724599236451144e-05,0.4,0.15677804292190184,5,0,0.0
MBOAT7,0.0,5.761541506686949e-05,1.0,0.10136759895218492,3,0,0.0
LCLAT1,0.002448805147058824,0.0002062647903545868,0.3974358974358974,0.11559585007490204,13,0,0.0
AGPAT3,7.659313725490196e-08,0.00012658649279579003,0.8214285714285714,0.10137805119562807,8,0,0.03
AGPAT4,7.674663051593383e-08,0.00012658649279579003,0.8214285714285714,0.10137805119562807,8,0,0.03
LILRB3,4.269214518932687e-06,4.2885587228105e-05,0.0,0.15985387152866706,2,0,0.0
INSIG2,2.08052680314885e-05,0.00011429192314287065,0.6666666666666666,0.14868525320787399,4,0,0.0
SREBF2,0.0005156942575578441,0.0001259811132851199,0.4,0.17870607152445928,5,0,0.01
SCAP,8.651610409654978e-07,0.00011349250431096631,0.6666666666666666,0.14868525320787399,4,0,0.0
HMGCR,0.0,6.514670140339343e-05,1.0,0.13173781060368478,2,0,0.0
PSPN,8.988563165224302e-07,0.0001017358864536188,0.4,0.13861614824875815,5,0,0.0
GFRA2,7.297549213319174e-05,0.0001004754545093533,0.4,0.1464811139506953,5,0,0.0
RET,0.0018907866181920483,0.00025460254779826106,0.23076923076923078,0.1655698285391788,13,0,0.04
GFRA1,0.00021104767054398607,0.00011584328888605209,0.26666666666666666,0.15024545809088458,6,0,0.0
GFRA3,7.297549213319174e-05,0.0001004754545093533,0.4,0.1464811139506953,5,0,0.0
GFRA4,7.297549213319174e-05,0.0001004754545093533,0.4,0.1464811139506953,5,0,0.0
CLPP,0.0,0.00011486331265793706,0.0,0.00011487650775416428,1,0,0.0
CLPX,0.0,0.00011486331265793706,0.0,0.00011487650775416428,1,0,0.0
TNFSF9,5.791147999937834e-06,6.78913288648185e-05,0.0,0.15141783467292283,4,0,0.0
TNFRSF9,4.983514011639738e-05,0.0001063174503738521,0.047619047619047616,0.16289071989568965,7,0,0.0
TNFRSF4,3.9993689790279564e-05,0.00014561172441515557,0.08888888888888889,0.16602649576489265,10,0,0.0
CD27,0.0001641637707249958,0.00014782172252539853,0.08333333333333333,0.16630264493184485,9,0,0.05
CD28,0.0004977237313123493,0.00028119671298075375,0.1523809523809524,0.17878731386641616,21,0,0.08
THOC2,0.0005749226433896501,0.0001256489803151884,0.7454545454545455,0.16357727923418464,11,0,0.01
THOC7,0.0,0.00010478755013645614,1.0,0.14236967348913723,9,0,0.03
THOC6,0.0,0.00010478755013645614,1.0,0.14236967348913723,9,0,0.03
THOC3,0.0005749226433896501,0.0001256489803151884,0.7454545454545455,0.16357727923418464,11,0,0.01
THOC1,0.0005749226433896501,0.0001256489803151884,0.7454545454545455,0.16357727923418464,11,0,0.01
CHTOP,2.9715478554030707e-06,0.00011530990362350033,0.8666666666666667,0.14237310954825508,10,0,0.12
THOC5,6.545321614905452e-05,0.0001442439465305392,0.5128205128205128,0.14457838882952798,13,0,0.0
CFHR1,0.0,3.587743394038051e-05,0.0,0.1327397543039626,1,0,0.0
CFP,2.8299084522579444e-05,9.317447257314961e-05,0.5,0.13996126556473382,4,0,0.0
CR2,0.00012751487305752313,9.439900430977308e-05,0.3,0.15678220966944137,5,0,0.0
C4A,0.00012392225320062927,0.0001633015897033819,0.42857142857142855,0.14183567168431635,7,0,0.0
B4E1Z4_HUMAN,2.8255372961434095e-07,9.91128696539426e-05,0.8333333333333334,0.1332223898153207,4,0,0.0
ENSP00000493607,0.0,7.651803444939569e-05,1.0,0.13619040565675633,3,0,0.0
CFI,0.0,7.651803444939569e-05,1.0,0.13619040565675633,3,0,0.0
CR1L,0.0,3.587743394038051e-05,0.0,0.1327397543039626,1,0,0.0
C4B,9.352032021275156e-05,0.00014288052328414658,0.5333333333333333,0.14024743048410446,6,0,0.07
CFHR4,0.0,5.613676708676788e-05,1.0,0.13470388922938373,2,0,0.0
CD46,0.00097508836609977,0.00012442924023764907,0.2,0.16229915594195946,6,0,0.0
C3AR1,9.403343935273022e-05,7.057553579374215e-05,0.3333333333333333,0.1440558588772259,3,0,0.0
CFHR5,0.0,3.587743394038051e-05,0.0,0.1327397543039626,1,0,0.0
CFD,0.0,7.816965876748573e-05,1.0,0.13274572832472378,3,0,0.0
CFH,0.00014698124485622863,0.0001543006015556969,0.19047619047619047,0.1520304989697026,7,0,0.0
VSIG4,0.0,3.587743394038051e-05,0.0,0.1327397543039626,1,0,0.0
ITGAM,0.00030712392252918083,0.00014418434505727144,0.35555555555555557,0.16713663184650518,10,0,0.01
CFHR3,0.0,3.587743394038051e-05,0.0,0.1327397543039626,1,0,0.0
CRP,6.292522367048191e-05,0.00011889833889002344,0.2,0.15105724216486738,5,0,0.0
CR1,0.0,7.616039380412655e-05,1.0,0.13275170288323695,3,0,0.0
CFB,2.8255372961434095e-07,9.91128696539426e-05,0.8333333333333334,0.1332223898153207,4,0,0.0
SH2D3A,0.0002889068724817591,9.156526108992069e-05,0.1,0.15160462134158467,5,0,0.0
PPIG,0.0,3.2882706665314794e-05,0.0,0.12802950388537201,1,0,0.0
SH2D3C,0.00017785276350959476,7.442488305166161e-05,0.16666666666666666,0.16379983953524743,4,0,0.0
PRSS57,0.0,4.8757187966312255e-05,1.0,0.13995462446079243,2,0,0.0
FOSL1,0.0,8.290779979926018e-05,1.0,0.16506022611215762,6,0,0.0
FOSL2,0.0,8.290779979926018e-05,1.0,0.16506022611215762,6,0,0.0
JUNB,1.5792407785771439e-06,0.00010135468867451159,0.7619047619047619,0.16507870214138523,7,0,0.0
JUND,2.019394324938622e-05,0.00011593356645259719,0.5,0.17254847961338482,9,0,0.01
APBB1IP,2.4219908351842592e-05,8.477707278681637e-05,0.1,0.15966782387869868,5,0,0.0
ENAH,0.0001907169117647059,9.682855606715223e-05,0.3333333333333333,0.14633939671609242,3,0,0.0
RAPH1,0.0,3.09577255760245e-05,0.0,0.1463212476689751,1,0,0.0
EVL,0.0,5.8180447401256764e-05,1.0,0.1463321365570015,2,0,0.0
FAT1,0.0,3.09577255760245e-05,0.0,0.1463212476689751,1,0,0.0
FBLIM1,5.0334263352881634e-06,8.206284621813808e-05,0.3,0.15555844683883763,5,0,0.0
BAIAP2,0.001034158812041721,0.000132903393730072,0.03571428571428571,0.17087412510565134,8,0,0.01
TENT2,0.0,4.741971857095518e-05,1.0,0.13705102853013035,2,0,0.0
CPEB1,0.0,4.741971857095518e-05,1.0,0.13705102853013035,2,0,0.0
CDC25B,0.00014323911995721132,0.00013806397284601133,0.5,0.16754963136282666,9,0,0.09
CDC25C,0.00037178054091407226,0.00017015409117940002,0.32727272727272727,0.16988012731525992,11,0,0.0
YWHAH,0.00012145654277578316,0.00011761451407467098,0.5714285714285714,0.17297347586859022,8,0,0.01
YWHAE,0.00029970963695521264,0.00019340264248971113,0.4,0.16913491086135676,11,0,0.04
YWHAQ,0.00011592988036517014,0.00013468372085930538,0.5277777777777778,0.17222104402599483,9,0,0.19
CDC25A,0.0,4.3472562627984424e-05,1.0,0.1418322615171764,2,0,0.0
GNRH2,0.0,9.367082172871192e-05,0.0,0.00015316867700555236,1,0,0.0
MKKS,4.7679227941176475e-05,6.65110392898705e-05,0.6666666666666666,0.14749193471903194,6,0,0.0
BBS12,0.0,3.6009503785624566e-05,0.0,0.12508932379868956,2,0,0.0
RBM17,9.113433277564164e-05,6.285608216191212e-05,0.5333333333333333,0.14769133796561015,6,0,0.0
TLE6,0.0,0.00011486331265793704,1.0,0.0003446295232624928,3,0,0.0
OOEP,0.0,0.00011486331265793704,1.0,0.0003446295232624928,3,0,0.0
KHDC3L,0.0,0.00011486331265793704,1.0,0.0003446295232624928,3,0,0.0
NLRP5,0.0,0.00011486331265793704,1.0,0.0003446295232624928,3,0,0.0
S1PR4,0.0,4.4167460674039035e-05,0.0,0.12642436769512871,1,0,0.0
FNTB,0.0,9.367082172871192e-05,0.0,0.00015316867700555236,1,0,0.0
FNTA,2.297794117647059e-07,0.00015724829451638727,0.0,0.00022975301550832856,2,0,0.0
SLURP1,0.0,0.00011486331265793706,0.0,0.00011487650775416428,1,0,0.0
SLURP2,0.0,0.00011486331265793706,0.0,0.00011487650775416428,1,0,0.0
UBA2,2.3997927538436788e-05,9.147699223957179e-05,0.6,0.15691983669891738,5,0,0.0
SUMO1,0.0023886474178701875,0.0002530392715795649,0.16339869281045752,0.19084721517380784,18,0,0.01
UBE2I,0.00025626003979009143,0.00017394208758453526,0.2545454545454545,0.1688154596217491,11,0,0.0
SUMO3,0.0,4.636831743147988e-05,1.0,0.14009754722545897,2,0,0.0
SUMO2,0.0016657454539008162,0.00020589933368310142,0.21978021978021978,0.18929780255503004,14,0,0.01
SAE1,0.0,5.744863873730943e-05,1.0,0.1568322279210507,3,0,0.0
CCL21,4.4339549504580405e-05,0.00013704242772202718,0.36363636363636365,0.15654505801083782,11,0,0.02
CCL20,2.9526383953536633e-05,0.00011620059749527472,0.3055555555555556,0.15236426946877085,9,0,0.0
CCL4,0.0009593841022296532,0.00016402926079472284,0.32051282051282054,0.16788819253272622,13,0,0.01
CCL19,5.311627080324093e-05,0.00017074377838375597,0.26373626373626374,0.15242726082071267,14,0,0.0
CCL25,1.4646555492995212e-06,7.45110767708634e-05,0.2,0.1349504134015602,5,0,0.0
CCL27,4.4661700134184215e-05,8.899607583211538e-05,0.2,0.13084658462031765,5,0,0.0
CXCL12,0.0016295504969411458,0.00023595266099274908,0.1871345029239766,0.1788740538228085,19,0,0.0
NR1D1,1.1873030383969771e-05,4.270879476580986e-05,0.0,0.1612036787730885,2,0,0.01
UNC119,0.00019063863020157964,0.00012546409880679284,0.0,0.07930373216764446,2,0,0.0
RRAS,3.995203663410054e-06,7.430668730622253e-05,0.3333333333333333,0.14001441709442705,3,0,0.0
SHOC2,0.0026160918738492227,0.00020371063057784175,0.2,0.16845871897373924,11,0,0.0
RALGDS,0.00014221247017202058,0.00012751924110944825,0.13333333333333333,0.1640503746217192,6,0,0.02
RRAS2,0.0,5.4073444972475406e-05,1.0,0.13985508347611192,2,0,0.0
SBDS,0.0,0.00011486331265793706,0.0,0.00011487650775416428,1,0,0.0
EFL1,0.0,0.00011486331265793706,0.0,0.00011487650775416428,1,0,0.0
CSN1S1,0.0,9.367082172871192e-05,0.0,0.00015316867700555236,1,0,0.0
CSN2,0.0,0.00015724829451638727,0.0,0.00022975301550832856,2,0,0.0
MLX,0.0,7.863522992380673e-05,1.0,0.12623499221121742,2,0,0.0
MLXIPL,0.0001907169117647059,9.736705322743752e-05,0.3333333333333333,0.1490910966467612,3,0,0.0
MLXIP,0.0,7.863522992380673e-05,1.0,0.12623499221121742,2,0,0.0
TRAP1,0.0,4.0213726663255016e-05,0.0,0.000432996067688773,1,0,0.0
SDHB,0.0,0.00018904713407122084,0.47619047619047616,0.0008041355542791499,7,0,0.04
SUGP1,0.0,2.274612061873441e-05,0.0,0.1367682328902532,1,0,0.0
DDX49,9.535845588235295e-05,6.748382323218905e-05,0.0,0.13899173981015034,3,0,0.0
ABT1,0.0,3.674814871165835e-05,0.0,0.11891643157260871,1,0,0.0
GDF1,0.0,0.00011486331265793706,0.0,0.00011487650775416428,1,0,0.0
NODAL,0.0,0.00011486331265793706,0.0,0.00011487650775416428,1,0,0.0
SDF2,0.0,4.250948088847518e-05,0.0,0.12917615391907508,1,0,0.0
DNAJB11,0.0001907169117647059,0.00014578551302994847,0.3,0.15321509067119635,5,0,0.0
NCR1,8.773869520493331e-05,8.841434541007282e-05,0.2,0.1586032000059795,5,0,0.0
NRBF2,0.0,6.226022659158183e-05,1.0,0.16016636586088895,4,0,0.0
UVRAG,0.0010631229101222056,0.00012458527303784564,0.4722222222222222,0.1739835846464461,9,0,0.05
BECN1,0.003838600887734552,0.0004076471816455817,0.09523809523809523,0.18813865160332963,28,1,0.94
SNAPIN,0.0005949520444052156,0.00017295834963615867,0.45054945054945056,0.152913251620675,14,0,0.01
BECN2,1.865858522482132e-05,7.363507998852829e-05,0.8,0.16772112535603323,5,0,0.0
PIK3R4,1.8133191257760908e-05,0.0001086539690947941,0.6428571428571429,0.16895567581332954,8,0,0.0
SGPP1,0.0,7.383771743821995e-05,1.0,0.14782827768506204,5,0,0.0
PLPP3,0.0003280207329895979,0.00014130892540731722,0.5555555555555556,0.14850184827868293,10,0,0.02
SPHK2,0.0007694145828226049,0.00010171505874043097,0.2545454545454545,0.17070106548476188,11,0,0.0
PLPP2,0.0003280207329895979,0.00014130892540731722,0.5555555555555556,0.14850184827868293,10,0,0.02
SPHK1,0.000295171791090837,8.506867803160798e-05,0.6666666666666666,0.16375436989291586,6,0,0.0
SGPP2,0.0,7.383771743821995e-05,1.0,0.14782827768506204,5,0,0.0
PDIA3,0.0002673784260500229,0.000166287825106717,0.5512820512820513,0.1617118731605143,13,0,0.07
TAPBP,1.0933265141477235e-05,0.000148078480503305,0.6515151515151515,0.15848389181189623,12,0,0.03
PYDC1,0.0,2.879587426538138e-05,0.0,0.13582665425669224,1,0,0.0
NLRP12,1.1384069386385622e-05,0.00012381183742754756,0.75,0.15524731356972474,9,0,0.04
ERN1,0.00012206437570935762,5.964586162785617e-05,0.3333333333333333,0.16461803881742434,3,0,0.0
TNFRSF11A,4.873209257107098e-07,6.012807370863009e-05,0.6666666666666666,0.17646088606109483,3,0,0.0
GSTP1,0.00039078091574143317,5.159382535025127e-05,0.0,0.16236169380514687,3,0,0.0
RBCK1,0.00018883631325485135,0.00016032403569911778,0.44871794871794873,0.18309343620293617,13,0,0.05
MAP3K5,0.00029460406745620204,9.236777885037453e-05,0.13333333333333333,0.17942354830045626,6,0,0.0
TNFRSF13C,6.873833392547162e-05,7.230466699233249e-05,0.5,0.16707982612576547,4,0,0.0
SHARPIN,5.371896008194381e-06,0.0001122799287644449,0.7222222222222222,0.16732151750120267,9,0,0.0
RNF31,0.0026463325654006316,0.00019819358678339855,0.3742690058479532,0.19508209335700258,19,0,0.32
CD40,0.002565185186070742,0.0002333208111820295,0.1830065359477124,0.19919927807869253,18,0,0.04
USP48,0.0,2.795214695271564e-05,0.0,0.15747276957428794,1,0,0.0
YEATS4,4.169097128437478e-06,0.00012648899113431648,0.8961038961038961,0.18207621905066207,22,0,0.11
MORF4L2,0.0,9.999838233143443e-05,0.9705882352941176,0.17445695336317504,17,0,0.06
DMAP1,0.00015091486882727996,0.00014355446504872737,0.7536231884057971,0.18682778847260179,24,0,0.58
MBTD1,1.71621721679259e-05,0.00012647770668632773,0.8744588744588745,0.18284373496024553,22,0,0.13
MORF4L1,0.0008254524432589714,0.0002134711280240259,0.46169354838709675,0.18806667583837797,32,1,0.96
EPC2,0.0,8.9853769335054e-05,1.0,0.17440021939460165,15,0,0.0
VPS72,2.1158323656598104e-05,0.00010335624732111012,0.6911764705882353,0.18022936729774225,17,0,0.0
EPC1,1.9669941228666664e-06,0.00011623165340318292,0.9473684210526315,0.18201442212349278,20,0,0.1
MSL2,0.0,0.00010621071222649802,1.0,0.18200319082507715,18,0,0.18
MSL1,0.0,0.00010621071222649802,1.0,0.18200319082507715,18,0,0.18
MRGBP,0.0,9.999838233143443e-05,0.9705882352941176,0.17445695336317504,17,0,0.06
PIN1,3.6650587777004714e-06,5.845522185212422e-05,0.0,0.16725510124815426,3,0,0.0
HIPK2,0.00018306063286573532,8.583053064072473e-05,0.0,0.1821943116011613,4,0,0.0
IRF3,0.0002968582174299224,0.00014692780893524375,0.21212121212121213,0.18863799632330522,12,0,0.05
KIF17,0.0,2.437299027128209e-05,0.0,0.14664132994487425,1,0,0.0
TNPO1,0.003630894704985075,0.00022733161618080977,0.2706552706552707,0.1784196056323504,27,1,0.61
F2RL3,9.535845588235295e-05,7.217880917393153e-05,0.0,0.13871067111132432,2,0,0.0
F2R,0.0008932152026532984,0.00020064139256833997,0.45454545454545453,0.166805808596703,12,0,0.02
F2RL2,0.0,4.833257475207572e-05,0.0,0.11871063169908036,1,0,0.0
GFER,0.0001907169117647059,9.188648928304786e-05,0.0,0.12182911177014934,2,0,0.0
SAV1,0.0003347320879875406,0.00014854388312594044,0.2,0.14297351965638394,5,0,0.0
CHCHD4,9.535845588235295e-05,0.00010894835610113385,0.0,0.10612923540987336,2,0,0.0
SYNGR3,0.0,3.3095071036901615e-05,0.0,0.14305326335626745,1,0,0.0
GNAL,0.0,8.287304497714185e-05,1.0,0.15055221450686268,4,0,0.0
TICAM1,6.619874252744554e-05,0.00011431152878637242,0.39285714285714285,0.17070600518049603,8,0,0.0
CASP10,1.7920388947814739e-06,0.00010475097812125973,0.8571428571428571,0.1648756930328517,8,0,0.01
TICAM2,0.0,4.223315487407834e-05,1.0,0.1636498854557217,2,0,0.0
MON1B,0.0,0.00010764294546944699,1.0,0.0003676048248133257,3,0,0.0
MON1A,0.0,0.00014093864723008936,0.6666666666666666,0.0004595060310166571,4,0,0.0
CCZ1,0.0,0.00014093864723008936,0.6666666666666666,0.0004595060310166571,4,0,0.0
RMC1,0.0,0.00010764294546944699,1.0,0.0003676048248133257,3,0,0.0
TUBB8,0.0,0.00011545273846923874,0.25,0.15432941139133532,9,0,0.0
MARVELD2,4.046482953609401e-05,0.00016690690042731607,0.24358974358974358,0.16249586593456192,13,0,0.01
TUBB,0.0001456070711515107,0.0001910740979753118,0.20915032679738563,0.16280979827843128,18,0,0.0
TUBB4B,0.0,0.00011545273846923874,0.25,0.15432941139133532,9,0,0.0
TUBB4A,0.0,0.00011545273846923874,0.25,0.15432941139133532,9,0,0.0
TUBB6,0.0,0.00011545273846923874,0.25,0.15432941139133532,9,0,0.0
HSPB1,0.001612529455209399,9.634273002169588e-05,0.047619047619047616,0.18416806909001907,7,0,0.0
CYCS,0.009587965279510136,0.000251442747446353,0.06666666666666667,0.17621314398011773,15,0,0.03
GNB2,1.1501015476755218e-07,0.00014719955577474733,0.6071428571428571,0.15058295905609193,8,0,0.0
PDC,0.0,5.0577895203060566e-05,1.0,0.14854298141722863,2,0,0.0
PTPN12,0.0,3.775713460769855e-05,0.0,0.13308413619596626,1,0,0.0
PEX1,0.0,9.367082172871192e-05,0.0,0.00015316867700555236,1,0,0.0
PEX6,0.0,0.00015724829451638727,0.0,0.00022975301550832856,2,0,0.0
TUBGCP6,0.0007644301786953224,0.00014663156059243568,0.5897435897435898,0.180031355358208,13,0,0.12
TUBG1,3.184043506058979e-05,0.00010480348070530991,0.75,0.14785421377067523,8,0,0.0
TUBGCP5,0.0002562896438112913,0.00016008773535370604,0.5824175824175825,0.1722109887906116,14,0,0.02
MARK4,0.0,9.310464830522551e-05,1.0,0.1717597152721619,8,0,0.0
CENPJ,0.0033199447356950388,0.0001589355931483237,0.45454545454545453,0.1739989800614223,12,0,0.03
NEDD1,0.0007641903937218583,0.00011118304377120466,0.5833333333333334,0.14952568744353648,9,0,0.0
TUBGCP3,3.175901041088143e-05,9.402486222077723e-05,0.8095238095238095,0.14782086904609218,7,0,0.0
MZT1,0.0009295641568189174,0.00016816560787768687,0.5142857142857142,0.1801248067487756,15,0,0.12
TUBGCP4,0.0002562896438112913,0.00016008773535370604,0.5824175824175825,0.1722109887906116,14,0,0.02
BLOC1S2,0.0025982215244911323,0.00022821105230376774,0.3631578947368421,0.17263937433486687,20,0,0.25
MZT2B,0.00015385998758909392,0.00011358731300249413,0.8,0.1721808301282041,10,0,0.03
TUBGCP2,0.00012716342217558707,0.00012998467996734367,0.5555555555555556,0.14782827768506204,9,0,0.04
GGT1,0.0,0.00015724829451638727,0.0,0.00022975301550832856,2,0,0.0
GGT1-2,0.0,9.367082172871192e-05,0.0,0.00015316867700555236,1,0,0.0
GGT5,0.0,9.367082172871192e-05,0.0,0.00015316867700555236,1,0,0.0
SDF2L1,0.0,4.250948088847518e-05,0.0,0.12917615391907508,1,0,0.0
NEDD4L,0.001296420145899952,0.00015927643121352024,0.20512820512820512,0.19149150883017596,13,0,0.0
YAP1,0.0031706429317424497,0.00032124430841880324,0.12987012987012986,0.19315305396098362,22,0,0.03
MCHR1,0.0,0.00011486331265793706,1.0,0.00022975301550832856,2,0,0.0
PMCH,0.0,0.00011486331265793706,1.0,0.00022975301550832856,2,0,0.0
MCHR2,0.0,0.00011486331265793706,1.0,0.00022975301550832856,2,0,0.0
GALR3,0.0,8.232886429677278e-05,1.0,0.12787131599987864,3,0,0.0
GALR2,0.0001945485568274589,0.00015086412509203128,0.3333333333333333,0.15056758521203709,6,0,0.0
GALR1,9.303134850242394e-05,0.00011983485189621587,0.5,0.1493666739510407,5,0,0.0
GAL,0.0,8.232886429677278e-05,1.0,0.12787131599987864,3,0,0.0
NCF4,3.1255512623638286e-05,0.00013377482474526744,0.8,0.16838659038684672,10,0,0.26
NCF2,9.55894467845628e-05,0.0001606705802170974,0.6363636363636364,0.1693485508704829,12,0,0.14
NOXA1,7.332673748251361e-07,0.00010979470700678043,0.9642857142857143,0.1490684916741819,8,0,0.06
RAC3,0.002523627751828516,0.00032734711602679084,0.13157894736842105,0.18086483385523672,20,0,0.05
LIF,4.913999780777262e-05,7.674936407689073e-05,0.3333333333333333,0.1528340178512462,4,0,0.0
PMPCB,9.535845588235295e-05,5.392469599048709e-05,0.5,0.1261998849268869,4,0,0.0
PMPCA,0.0,2.871965537204482e-05,0.0,0.10942676401013562,1,0,0.0
STRIP2,8.25336575719329e-06,7.850063561546256e-05,0.8,0.1500085803184336,5,0,0.0
MOB4,0.0003635648707396258,0.0001658802613342791,0.45454545454545453,0.15026459373942638,11,0,0.01
PDCD10,0.00127462363368152,0.00013193504937015002,0.39285714285714285,0.15971970057460336,8,0,0.0
STRN,0.005318875492034834,0.00017762027492580038,0.3516483516483517,0.17887947786470984,14,0,0.14
STRIP1,0.00031021554819685556,0.0001333539936853769,0.5833333333333334,0.15025311176542627,9,0,0.02
LRRC4,0.0,8.061241979261792e-05,0.0,0.0001723147616312464,1,0,0.0
NTNG2,0.0,0.00014911420552325612,0.0,0.0002584721424468696,2,0,0.0
SMO,0.0018188973526630258,0.00021356243808506897,0.14545454545454545,0.1697970013534742,11,0,0.0
SHH,0.00024276134103036725,0.00018111100165536247,0.5111111111111111,0.14304632559039746,10,0,0.0
EVC2,0.0,5.867459695174616e-05,1.0,0.14076951799318477,2,0,0.0
IHH,0.00014047004885836496,0.0001390142708947709,0.6785714285714286,0.14303938849742734,8,0,0.02
PTCH1,0.0007878425961674867,0.00016521948870963605,0.5555555555555556,0.155096290811684,10,0,0.01
KIF3A,0.00028607536764705885,0.00013028623817002354,0.3333333333333333,0.14078631586411783,4,0,0.0
EVC,0.0,5.867459695174616e-05,1.0,0.14076951799318477,2,0,0.0
MTX2,0.00024186796757568542,0.0001149789967407795,0.5333333333333333,0.12259627210238166,6,0,0.0
MTX1,0.0,6.378785126777246e-05,1.0,0.12258862910210513,3,0,0.0
MTX3,0.0,4.9927422467561e-05,1.0,0.114427626346137,2,0,0.0
SAMM50,0.0018616740500400446,0.00013472932590146965,0.38095238095238093,0.1328922599914936,7,0,0.05
CHCHD3,4.60479783095603e-07,0.00014913563600094793,0.6666666666666666,0.12260391605574979,9,0,0.05
IMMT,0.002743492885398097,0.00021184901706154007,0.358974358974359,0.14402420520575213,13,0,0.0
CHCHD6,2.297794117647059e-07,0.00013272995664412448,0.7857142857142857,0.12260136796538368,8,0,0.0
STX19,0.0,4.226393944042264e-05,1.0,0.12338347704550001,2,0,0.0
NAPA,0.0006130554843698739,7.501059977792656e-05,0.6,0.13734778628690106,5,0,0.0
STX11,1.9228228617385574e-05,6.771790125431871e-05,0.6666666666666666,0.1361464012791064,4,0,0.0
ALDH1A2,0.0,0.00011486331265793704,1.0,0.0003446295232624928,3,0,0.0
AOX1,0.0,0.00011486331265793704,1.0,0.0003446295232624928,3,0,0.0
ALDH1A1,0.0,0.00011486331265793704,1.0,0.0003446295232624928,3,0,0.0
ALDH1A3,0.0,0.00011486331265793704,1.0,0.0003446295232624928,3,0,0.0
KNSTRN,0.0,0.00011486331265793706,0.0,0.00011487650775416428,1,0,0.0
SPAG5,0.0,0.00011486331265793706,0.0,0.00011487650775416428,1,0,0.0
COPB1,0.0,9.687861100354651e-05,1.0,0.11136657392906175,8,0,0.0
COPZ2,7.628676470588295e-05,0.00012593744996545567,0.7818181818181819,0.12876729723702088,11,0,0.0
COPA,7.628676470588295e-05,0.00012593744996545567,0.7818181818181819,0.12876729723702088,11,0,0.0
COPG1,0.0,9.687861100354651e-05,1.0,0.11136657392906175,8,0,0.0
ARCN1,0.0,9.687861100354651e-05,1.0,0.11136657392906175,8,0,0.0
COPB2,7.628676470588295e-05,0.00012593744996545564,0.7818181818181819,0.12876729723702088,11,0,0.0
COPZ1,7.628676470588295e-05,0.00012593744996545564,0.7818181818181819,0.12876729723702088,11,0,0.0
COPE,0.0,9.68786110035465e-05,1.0,0.11136657392906175,8,0,0.0
COPG2,7.628676470588295e-05,0.00012593744996545564,0.7818181818181819,0.12876729723702088,11,0,0.0
MYOD1,0.00012145546767231728,9.443265248802495e-05,0.06666666666666667,0.17509386545434688,6,0,0.0
MRLN,0.0,3.0631080777310105e-05,0.0,0.14438729736201295,1,0,0.0
TCF3,6.300909797684957e-06,0.00010921784801068435,0.5714285714285714,0.15852648127008495,7,0,0.0
SMARCD3,1.276449462784812e-05,0.00015507815017952605,0.7435897435897436,0.16951400635121844,27,1,0.92
TPH1,0.0,0.00011486331265793706,0.0,0.00011487650775416428,1,0,0.0
TPH2,0.0,0.00011486331265793706,0.0,0.00011487650775416428,1,0,0.0
E2F8,0.0,0.00011486331265793706,0.0,0.00011487650775416428,1,0,0.0
E2F7,0.0,0.00011486331265793706,0.0,0.00011487650775416428,1,0,0.0
CD68,0.0,0.00011314315762552415,1.0,0.0002584721424468696,2,0,0.0
LAMP1,0.0,0.0001679420317359317,0.3333333333333333,0.0003446295232624928,3,0,0.0
LAMP3,0.0,0.00011314315762552415,1.0,0.0002584721424468696,2,0,0.0
FXR2,1.0833983818461118e-05,8.227318622808049e-05,0.7,0.14484107790764097,5,0,0.0
PUF60,0.00013688789446285207,8.763855315370184e-05,0.2,0.15478700167989298,5,0,0.0
CYFIP2,0.0002508577369588212,0.0001803979862064032,0.4945054945054945,0.1542325721873667,14,0,0.03
CCN4,0.0,3.26980003527491e-05,0.0,0.14677998061762632,1,0,0.0
QTRT1,0.0,0.00011486331265793706,0.0,0.00011487650775416428,1,0,0.0
QTRT2,0.0,0.00011486331265793706,0.0,0.00011487650775416428,1,0,0.0
ERI1,1.5496255916727652e-06,4.338492650872411e-05,0.0,0.1472526252720202,2,0,0.0
SLBP,9.804352310728371e-05,8.356780048757975e-05,0.0,0.14954464017599312,4,0,0.0
CLEC11A,0.0,3.5993773753214704e-05,0.0,0.14327562774202512,1,0,0.0
KIT,0.0007360747343355788,0.0001307774251395922,0.0,0.17346175667555871,6,0,0.0
KLK12,0.0,6.163510961949977e-05,0.0,0.11231864246724932,1,0,0.0
SPINK6,0.00028607536764705885,0.00019041108908827734,0.0,0.13006189745617783,4,0,0.04
CMA1,0.0,2.8750943201428006e-05,0.0,0.16458129679497813,1,0,0.0
PMAIP1,1.8799965128754287e-05,0.00011412348870651908,0.6785714285714286,0.16139774065724763,8,0,0.0
BBC3,8.576535813231089e-07,0.00010017088783230859,0.8095238095238095,0.1613933249712019,7,0,0.07
BAK1,1.9308114758263963e-05,0.00011349545534445139,0.6428571428571429,0.16139774065724763,8,0,0.0
BCL2L11,0.0004177547268689628,0.00018498370422017886,0.4358974358974359,0.16616211540258016,13,0,0.02
BMF,0.00010426478330348484,6.232107735524106e-05,0.3333333333333333,0.16133594303200965,4,0,0.0
PARP2,1.599335077676213e-06,9.363737340999314e-05,0.7,0.14418261282256442,5,0,0.0
PARP1,0.0011921749052102209,0.0001421047514226504,0.2,0.17271013646277086,11,0,0.0
HPF1,0.0,4.418967117182069e-05,1.0,0.14276591047972897,2,0,0.0
LIG3,4.724193040611621e-05,9.889691243437997e-05,0.6,0.1515851428980985,6,0,0.0
AR,0.0031408277873536143,0.00017367767978546372,0.14705882352941177,0.2082790460411115,17,0,0.12
GATA3,1.892737043837373e-05,6.081027903660332e-05,0.3333333333333333,0.17466874192468543,4,0,0.0
EGLN3,0.00014816161329275423,9.60512986741277e-05,0.3,0.16767821895404908,5,0,0.0
EGLN1,7.734095281807936e-05,8.210508617698866e-05,0.3333333333333333,0.16742124084070956,4,0,0.0
WDR83,3.723669305320857e-05,4.5731181230854515e-05,0.0,0.14399959529908707,2,0,0.0
EGLN2,0.0,5.117247027457372e-05,1.0,0.1397292013127671,2,0,0.0
EPAS1,0.0005973688385933236,0.00014149070064940937,0.2878787878787879,0.1850055642295177,12,0,0.02
NAE1,7.092592681725553e-05,6.877799818312271e-05,0.5,0.17192991813186445,4,0,0.0
SENP8,0.0,2.6200333414221484e-05,0.0,0.15594912155398,1,0,0.0
KHNYN,0.0,2.6200333414221484e-05,0.0,0.15594912155398,1,0,0.0
UBE2F,9.535845588235295e-05,6.445719384519093e-05,0.3333333333333333,0.15681972036638755,3,0,0.0
UBA3,0.0,5.245728052324022e-05,1.0,0.15841154222783643,3,0,0.0
KRTCAP2,0.0,4.510218131630999e-05,1.0,0.11901479685716823,3,0,0.0
RAP1A,0.00026513739287100345,0.000152352645269192,0.1111111111111111,0.16431083006580138,9,0,0.0
RASSF5,0.000992783096669285,0.0001061895535320545,0.1,0.16294021160707106,5,0,0.0
SHANK3,4.7722684308471374e-05,0.0001688459788835099,0.2777777777777778,0.15841579625711372,9,0,0.0
AFDN,0.0021028524534852312,0.0002905498520940977,0.15714285714285714,0.18322423347690397,21,0,0.02
AANAT,0.0,2.9311259807864734e-05,0.0,0.159258319727394,1,0,0.0
ARHGEF6,2.7978441020128615e-05,0.00011114391784268558,0.23809523809523808,0.16864172158440255,7,0,0.0
GIT1,0.0003943522063886299,0.000153118975242539,0.07142857142857142,0.16881062873150382,8,0,0.0
ARHGEF7,0.0005809774060843858,0.00017529953138690354,0.12121212121212122,0.18561095654843623,12,0,0.02
GIT2,1.1537568342709383e-05,5.4199532781753544e-05,0.3333333333333333,0.1617118731605143,3,0,0.0
PARVB,8.159620415704931e-05,0.0001308402285361464,0.4,0.17253838610770403,10,0,0.01
CHRNA10,0.0,3.836152759734779e-05,0.0,0.0005346175937789953,1,0,0.0
CHRNA9,2.297794117647059e-07,0.00017403524028567524,0.7142857142857143,0.0008687535898908674,7,0,0.02
RPS4Y2,0.0,2.2257071938688798e-05,1.0,0.15288154825642464,2,0,0.0
DAZL,0.0,0.00011486331265793706,0.0,0.00011487650775416428,1,0,0.0
PUM2,0.0,0.00011486331265793706,0.0,0.00011487650775416428,1,0,0.0
MKNK2,0.0,3.8618762417466076e-05,0.0,0.1328683143615118,1,0,0.0
LMAN1,0.0,0.00011486331265793706,0.0,0.00011487650775416428,1,0,0.0
MCFD2,0.0,0.00011486331265793706,0.0,0.00011487650775416428,1,0,0.0
CNGB1,0.00028607536764705885,0.00013281490252711243,0.2,0.1631339681154393,5,0,0.1
CNGA1,0.0,3.991601297296659e-05,0.0,0.13615582839455295,1,0,0.0
CNGA2,0.0,6.977265940460184e-05,1.0,0.13615897105648933,2,0,0.0
CNGA4,0.0,6.977265940460184e-05,1.0,0.13615897105648933,2,0,0.0
NALCN,0.00014303768382352942,0.00010897925391438363,0.4,0.16312945691671923,5,0,0.0
UNC80,4.7679227941176475e-05,8.004320737920051e-05,0.6666666666666666,0.16312494596749166,4,0,0.0
UNC79,0.0,5.278274249112469e-05,1.0,0.13615582839455295,2,0,0.0
FAM155A,0.0,3.5773253331383795e-05,0.0,0.1361526858776837,1,0,0.0
VPS35L,0.0001625379304325144,0.00010838015379790135,0.3,0.14462801365652644,5,0,0.0
CCDC22,0.0018802141858481679,0.0001374101248906856,0.2,0.14436962925582833,5,0,0.0
VPS26C,0.0,4.9435160865846905e-05,1.0,0.13080306483563717,2,0,0.0
CCDC93,0.0,5.9689367208018743e-05,1.0,0.12302580648639001,2,0,0.0
DOCK7,0.0,3.133446790647348e-05,0.0,0.16035357782489945,1,0,0.0
HCN2,0.0001907169117647059,0.00012522307410248648,0.3333333333333333,0.11835812726515119,3,0,0.0
HCN1,0.0,9.241071983840624e-05,1.0,0.10348368425616,2,0,0.0
HCN4,0.00028607536764705885,6.82423965940882e-05,0.0,0.13821666872123714,2,0,0.0
HCN3,0.0,9.241071983840624e-05,1.0,0.10348368425616,2,0,0.0
SLX1B,0.0,4.219710275468808e-05,1.0,0.13377222143912199,2,0,0.0
EME1,1.6161810782616277e-05,7.75987652752758e-05,0.6666666666666666,0.13378132262212045,4,0,0.0
CERS4,0.0,0.00011956081582010054,0.9444444444444444,0.0010338885697874784,9,0,0.0
ACER2,0.0,0.00010771746492426953,1.0,0.0009304997128087307,8,0,0.0
CERS3,0.0,0.00011956081582010054,0.9444444444444444,0.0010338885697874784,9,0,0.0
ASAH2,0.0,0.00011956081582010054,0.9444444444444444,0.0010338885697874784,9,0,0.0
CERS6,0.0,0.00011956081582010054,0.9444444444444444,0.0010338885697874784,9,0,0.0
CERS5,0.0,0.00011956081582010054,0.9444444444444444,0.0010338885697874784,9,0,0.0
ACER1,0.0,0.00010771746492426953,1.0,0.0009304997128087307,8,0,0.0
ACER3,0.0,9.627248599012755e-05,1.0,0.0008459088298261188,7,0,0.0
ASAH1,0.0,0.00011956081582010054,0.9444444444444444,0.0010338885697874784,9,0,0.0
CERS2,0.0,0.00011956081582010054,0.9444444444444444,0.0010338885697874784,9,0,0.0
LILRA1,4.269214518932687e-06,4.2885587228105e-05,0.0,0.15985387152866706,2,0,0.0
TUBG2,0.0,5.206061044628194e-05,1.0,0.12535513761495998,3,0,0.0
CIAO3,0.0,5.398675461519029e-05,1.0,0.13306912591690692,4,0,0.0
CIAO2B,5.076048020215343e-05,8.01678772422639e-05,0.6190476190476191,0.1495522226143339,7,0,0.0
MMS19,0.00020469153011847918,0.00011681996878433881,0.5661764705882353,0.15864585362043893,17,0,0.0
CIAO1,5.076048020215343e-05,8.01678772422639e-05,0.6190476190476191,0.1495522226143339,7,0,0.0
CIAO2A,0.0,5.398675461519029e-05,1.0,0.13306912591690692,4,0,0.0
HBB,1.2305648463654723e-05,6.372398495221843e-05,0.4,0.15970240459749854,5,0,0.0
HBG2,9.535845588235295e-05,5.200535313448448e-05,0.3333333333333333,0.15151117043848467,3,0,0.0
AHSP,0.0,2.4806978140581866e-05,1.0,0.15150338806334337,2,0,0.0
DHX58,6.699569273950436e-07,5.10305426643021e-05,0.6666666666666666,0.16215193570704786,3,0,0.0
IFIH1,0.002404276372770348,0.00014963163596456167,0.2545454545454545,0.18546506809892166,11,0,0.03
DYNC2LI1,0.00032126121117137627,0.00015885961665964844,0.5619047619047619,0.15633347699746653,15,0,0.08
DYNC1LI1,0.0025796832130579326,0.00020895930771778503,0.40522875816993464,0.1571120840818814,18,0,0.0
DYNLT3,6.31508047425897e-06,8.186276466693807e-05,0.8095238095238095,0.1493818035204457,7,0,0.0
WDR60,5.811257263666422e-05,0.00012319501069630088,0.5818181818181818,0.15199524415816137,11,0,0.0
WDR34,4.745431449788164e-05,0.00011292581753919495,0.6444444444444445,0.15199132796615483,10,0,0.0
RRM2B,0.0,0.00011486331265793706,1.0,0.00022975301550832856,2,0,0.0
RRM2,0.0,0.00011486331265793706,1.0,0.00022975301550832856,2,0,0.0
RRM1,0.0,0.00011486331265793706,1.0,0.00022975301550832856,2,0,0.0
TDRD1,0.0001907169117647059,6.980606304501563e-05,0.0,0.153498150478062,2,0,0.0
PIWIL2,9.535845588235295e-05,9.530943700550652e-05,0.0,0.12938297629123133,2,0,0.0
E2F1,0.0008084886899253137,0.00020247913722761177,0.09803921568627451,0.18865006143339946,18,0,0.01
THRAP3,4.470395927482095e-05,9.252678896142244e-05,0.8947368421052632,0.16264819600822744,19,0,0.02
PPARGC1B,0.0003230778126668948,0.0001132874373411986,0.7285714285714285,0.16627920683886463,21,0,0.0
STAM2,0.00019578903331088428,9.134858750684212e-05,0.4888888888888889,0.18333242443429784,10,0,0.0
ARRDC1,0.0,2.4437904198226173e-05,0.0,0.15401512769626652,1,0,0.0
PDCD6,0.0016535663015876032,0.00013765686015686476,0.6153846153846154,0.16263026000116895,14,0,0.05
FKBP6,0.0,2.710388196996106e-05,0.0,0.178171718294796,1,0,0.0
ACTR3C,0.0,7.486347263256254e-05,1.0,0.1713207510534197,6,0,0.01
WHAMM,7.112219887955182e-08,9.524467064246243e-05,0.8928571428571429,0.17139043612604668,8,0,0.0
KRT1,0.0,0.00011486331265793706,0.0,0.00011487650775416428,1,0,0.0
KRT10,0.0,0.00011486331265793706,0.0,0.00011487650775416428,1,0,0.0
DPF2,1.475586237070806e-07,9.137518588053095e-05,0.925,0.16803165810301082,16,0,0.05
PBRM1,0.0010527236651393533,0.00017969031780020492,0.38975817923186346,0.18745114143700034,38,1,0.78
BCL7A,1.599618579112031e-07,0.00011905831326656068,0.9264069264069265,0.16819454911249113,22,0,0.38
KCNA5,0.0,3.848100728852445e-05,0.0,0.13084658462031765,1,0,0.0
KCNA2,0.00036142588368433655,0.00019709371081918966,0.17857142857142858,0.1555707540025423,8,0,0.0
PVRIG,0.0,3.444172076088534e-05,0.0,0.1295990030542291,1,0,0.0
NECTIN3,0.00013118120755780226,0.00015692967894917635,0.39285714285714285,0.15160462134158467,8,0,0.0
TIGIT,3.957277168084275e-05,0.00010026849129095678,0.4,0.144794860730527,5,0,0.0
CD96,1.534620136193919e-06,6.938031316608942e-05,0.3333333333333333,0.13387240261028935,3,0,0.0
NECTIN4,0.0003737852727630806,0.00010054976277802557,0.6,0.15176453359975306,5,0,0.0
CD226,1.534620136193919e-06,6.938031316608942e-05,0.3333333333333333,0.13387240261028935,3,0,0.0
VLDLR,0.0018445355583201935,0.00013945630136875226,0.1,0.157733827669788,5,0,0.0
PEX3,8.407776751484655e-05,9.968513306941687e-05,0.6,0.15315144662293995,5,0,0.0
LRP8,0.0,5.538419140946275e-05,1.0,0.1524745385257412,2,0,0.0
PLA2G7,0.003521373227733597,0.00017147812727167782,0.4909090909090909,0.1547545166720638,11,0,0.09
DBI,0.0,7.783330730088448e-05,1.0,0.15299256758707405,4,0,0.0
CARM1,0.006079669052753886,0.00020765576844394883,0.2903225806451613,0.20578690507996933,31,1,0.76
APOA5,0.0,7.783330730088448e-05,1.0,0.15299256758707405,4,0,0.0
TREM2,0.0009169123450617913,0.00015462371003355235,0.2,0.17902061850638507,10,0,0.0
SORL1,0.0,4.69829649612276e-05,1.0,0.16617615766704416,2,0,0.0
NCAN,2.0609226186853283e-05,8.777950041984752e-05,0.3333333333333333,0.15487640581328996,4,0,0.0
NCAM1,0.000524217074998645,0.00016239807648239703,0.1111111111111111,0.16723139393401562,9,0,0.01
ACAN,0.0011963785661719742,0.0001415311581881708,0.2,0.16745450837465656,6,0,0.0
VCAN,0.0007208058876423381,0.00010557909152523146,0.3,0.16215193570704786,5,0,0.0
BST2,9.535845588235295e-05,7.550001244581103e-05,0.0,0.1346393258096134,2,0,0.0
LILRA4,0.0002016744761472272,0.00011535636541794822,0.4,0.160952973207345,6,0,0.0
MARCHF8,0.0,5.014944393452183e-05,0.0,0.11571602858083527,1,0,0.0
SLC27A4,0.0,6.726741505551581e-05,0.0,0.0002680451847597166,1,0,0.0
PGLS,0.0,9.367082172871192e-05,0.0,0.00015316867700555236,1,0,0.0
H6PD,2.297794117647059e-07,0.00015724829451638727,0.0,0.00022975301550832856,2,0,0.0
PATL1,8.838620371724844e-05,6.301806143392008e-05,0.6111111111111112,0.14826670573359138,9,0,0.0
LSM1,2.7737362441045664e-05,6.503334434029903e-05,0.6388888888888888,0.13805493613438802,9,0,0.0
BMP15,0.0,4.823056631105913e-05,0.0,0.1100699223984476,1,0,0.0
GDF9,9.535845588235295e-05,7.233865928591573e-05,0.0,0.1270560947042237,2,0,0.0
SSX2IP,4.120417951320333e-06,5.0464986330741226e-05,0.3333333333333333,0.1537822581079875,3,0,0.0
LMO7,2.9512250288326754e-05,6.505051894739052e-05,0.16666666666666666,0.15994488967578768,4,0,0.0
MICALL2,0.0019812395683724694,0.0001136683081306761,0.2,0.15366208442361035,5,0,0.0
PXDN,0.0,0.00011486331265793706,0.0,0.00011487650775416428,1,0,0.0
PXDNL,0.0,0.00011486331265793706,0.0,0.00011487650775416428,1,0,0.0
GDF15,0.0,5.909974807755442e-05,1.0,0.13785169118833457,2,0,0.0
GFRAL,0.0,5.909974807755442e-05,1.0,0.13785169118833457,2,0,0.0
MEN1,9.832400502885078e-05,8.291228299042602e-05,0.3333333333333333,0.18659140980618064,9,0,0.0
ATF3,0.0003878827093209521,9.806765756953689e-05,0.38095238095238093,0.17373762799736117,7,0,0.0
HRC,9.379834916333586e-05,0.00010242412806464374,0.5,0.12316708259781609,4,0,0.0
ATP2A3,1.397052908344435e-05,0.00010749514744354465,0.8333333333333334,0.13632258962915447,4,0,0.0
ATP2A2,1.397052908344435e-05,0.00010749514744354465,0.8333333333333334,0.13632258962915447,4,0,0.0
ATP2A1,0.00010931784123650538,0.00014152601883579794,0.5,0.13632573999404698,5,0,0.03
TRDN,0.00014752218289162229,0.00010622492251372184,0.6,0.1378194851067075,6,0,0.0
TRPM4,0.0,5.84628350399001e-05,0.0,0.00022975301550832856,1,0,0.0
ABCC8,0.0,0.00014450155312931487,0.3333333333333333,0.0003676048248133257,3,0,0.0
NUMBL,0.0009061815446565851,9.270762740149422e-05,0.4,0.17219088184192186,5,0,0.0
NUMB,0.0010443013676450852,0.00010441872380763381,0.26666666666666666,0.17251315750906276,6,0,0.0
DPYSL2,0.0017414981617647062,8.253107676077611e-05,0.3333333333333333,0.14263818509617238,3,0,0.0
LNX1,0.0003531337228676993,0.00010543193541011991,0.39285714285714285,0.18122042949810768,8,0,0.0
EPS15,0.0012891617694893065,0.0002800033255879224,0.10989010989010989,0.17577733674083434,14,0,0.0
CALY,0.0,4.140099435130892e-05,0.0,0.12727539798102225,1,0,0.0
DRD1,9.535845588235295e-05,8.631853222632239e-05,0.3333333333333333,0.1505483723209065,3,0,0.0
HBZ,5.733814902465408e-05,6.236856463851205e-05,0.0,0.16178726951408043,4,0,0.0
SMAD2,0.003566483976489491,0.00038547069200457014,0.11612903225806452,0.19874292234426255,31,1,0.93
TAF1L,0.0,2.498015151521888e-05,1.0,0.15630862270859566,2,0,0.0
ZFP57,0.0,4.273567369822017e-05,0.0,0.13858683975526007,1,0,0.0
CHD3,5.000487156636425e-05,0.00011666669368718355,0.8181818181818182,0.1701201817113393,12,0,0.08
ZNF569,0.0,4.273567369822017e-05,0.0,0.13858683975526007,1,0,0.0
ZNF93,0.0,4.273567369822017e-05,0.0,0.13858683975526007,1,0,0.0
ZNF501,0.0,4.273567369822017e-05,0.0,0.13858683975526007,1,0,0.0
ZNF629,0.0,4.273567369822017e-05,0.0,0.13858683975526007,1,0,0.0
ZNF436,0.0,4.273567369822017e-05,0.0,0.13858683975526007,1,0,0.0
SMARCAD1,0.0,4.273567369822017e-05,0.0,0.13858683975526007,1,0,0.0
MAGEC2,0.0,4.273567369822017e-05,0.0,0.13858683975526007,1,0,0.0
MAGEA3,0.0,4.273567369822017e-05,0.0,0.13858683975526007,1,0,0.0
ZNF763,0.0,4.273567369822017e-05,0.0,0.13858683975526007,1,0,0.0
ZNF354C,0.0,4.273567369822017e-05,0.0,0.13858683975526007,1,0,0.0
ZNF44,0.0,4.273567369822017e-05,0.0,0.13858683975526007,1,0,0.0
EIF2B2,0.0,5.6388608350794087e-05,1.0,0.15439403844803185,7,0,0.0
EIF2B3,0.0,5.6388608350794087e-05,1.0,0.15439403844803185,7,0,0.0
EIF2A,0.0,2.898595734581412e-05,1.0,0.15437787661002828,3,0,0.0
EIF2B4,0.0,5.6388608350794087e-05,1.0,0.15439403844803185,7,0,0.0
EIF2B1,0.0,5.6388608350794087e-05,1.0,0.15439403844803185,7,0,0.0
EIF2B5,0.0,5.6388608350794087e-05,1.0,0.15439403844803185,7,0,0.0
SESN1,0.0,6.506001776755794e-05,1.0,0.13760409192961046,2,0,0.0
SESN3,0.0,6.506001776755794e-05,1.0,0.13760409192961046,2,0,0.0
SLC7A10,0.0,4.935004599146097e-05,0.0,0.12782421280655257,1,0,0.0
GRWD1,4.6768535164672685e-05,2.7323481379364913e-05,0.0,0.15499848711270398,2,0,0.0
NOL7,0.0,2.9542945298779902e-05,1.0,0.13897864159219717,5,0,0.0
DHX37,2.2034565292392616e-08,5.4869354765615206e-05,0.9428571428571428,0.16172960715620016,15,0,0.0
RBM39,0.0001101484532954415,6.555759390660924e-05,0.26666666666666666,0.1574475517394614,6,0,0.0
PRPF40A,0.0002611766756408432,0.00010521522675625944,0.19047619047619047,0.16482041354034258,7,0,0.0
ACSS2,0.0,7.219086465850506e-05,1.0,0.1212257494764375,2,0,0.0
ACSS1,0.0001907169117647059,8.38563280334977e-05,0.3333333333333333,0.1421535356167141,3,0,0.0
ACSS3,0.0,7.219086465850506e-05,1.0,0.1212257494764375,2,0,0.0
GFAP,0.0,2.549985909196645e-05,0.0,0.14326866839155802,1,0,0.0
GSE1,0.0,2.5315151098549163e-05,0.0,0.16640585108666858,1,0,0.0
WDHD1,2.1374755720311907e-05,0.00010734895880648134,0.4727272727272727,0.14057160540980343,11,0,0.0
hCG_1984214,0.0,3.260598215404904e-05,1.0,0.11839375870072655,6,0,0.04
RBSN,0.00022079612606970073,0.00013392158087635391,0.1,0.14487309170221274,5,0,0.03
VPS45,0.0001501377615146495,7.984436717512687e-05,0.16666666666666666,0.1466887335825538,4,0,0.0
RAB4A,9.571844362745098e-05,9.39421175682654e-05,0.0,0.13231696882269925,3,0,0.01
RAB5A,0.001446138127134381,0.0002544331220430934,0.12380952380952381,0.1749277176117902,15,0,0.0
EHD3,0.0,4.00409593793484e-05,0.0,0.12319537676514913,1,0,0.0
PDLIM4,0.0,8.823878731995877e-05,1.0,0.16868512255933205,6,0,0.0
MYO1C,0.001308406443889148,0.00017315344193464497,0.3076923076923077,0.18517979096629836,13,0,0.02
MYO1A,0.0,8.823878731995877e-05,1.0,0.16868512255933205,6,0,0.0
MYO3A,0.0,8.823878731995877e-05,1.0,0.16868512255933205,6,0,0.0
GFPT2,0.0,0.00011486331265793704,1.0,0.0003446295232624928,3,0,0.0
GNPDA2,0.0,0.00011486331265793704,1.0,0.0003446295232624928,3,0,0.0
GNPDA1,0.0,0.00011486331265793704,1.0,0.0003446295232624928,3,0,0.0
GFPT1,0.0,0.00011486331265793704,1.0,0.0003446295232624928,3,0,0.0
AOC2,0.0,0.00010041250495709406,1.0,0.11750467942199472,3,0,0.0
MAOA,4.7679227941176475e-05,0.0001320819714727633,0.6666666666666666,0.11750702005940802,4,0,0.03
MAOB,4.7679227941176475e-05,0.0001320819714727633,0.6666666666666666,0.11750702005940802,4,0,0.03
AOC3,0.0003814338235294118,0.00012634744166421425,0.5,0.13705739692438376,4,0,0.01
NDFIP1,0.0,3.0874951283498205e-05,0.0,0.1501269257653179,1,0,0.0
NEDD4,0.00060284441561221,0.00017524468299667063,0.18181818181818182,0.18360631893374837,11,0,0.03
PPFIA1,2.3833627922392888e-05,7.273115366097056e-05,0.0,0.15050612121501214,3,0,0.0
ERC1,0.0006192303307920905,0.00012384012597963976,0.19047619047619047,0.17096821878687693,7,0,0.01
PTPRF,0.0001290190479275075,9.552254232050273e-05,0.16666666666666666,0.16295371456651475,4,0,0.0
PTPRS,0.00021203767048237618,0.00011671107755072652,0.0,0.1534821756477794,5,0,0.0
TNS4,0.0,2.8613720877043868e-05,0.0,0.15952102274262847,1,0,0.0
RARA,5.3766014138172356e-05,0.00014596413116236472,0.2909090909090909,0.16502328645823147,11,0,0.0
RXRG,1.2540747558389469e-05,0.00011074243396357466,0.6071428571428571,0.163111414616557,8,0,0.0
RARB,3.011760671393818e-06,8.951676383787442e-05,0.7333333333333333,0.1573551554061832,6,0,0.0
ZBTB16,3.776562160529096e-06,3.2805048883436234e-05,0.0,0.15242726082071267,2,0,0.0
PML,1.945140610015432e-05,5.630634987094134e-05,0.16666666666666666,0.17060726555289357,4,0,0.0
RXRA,0.0008359612884802788,0.00031075366188584077,0.17316017316017315,0.18157742615803993,22,0,0.01
RXRB,4.715104747371048e-05,0.0001505521003137833,0.35555555555555557,0.15982788536731965,10,0,0.0
RARG,0.0,6.520140929463871e-05,1.0,0.14941964085669707,4,0,0.0
PRKAB2,0.0,0.00011486331265793704,1.0,0.0006892590465249856,6,0,0.0
PRKAG3,0.0,0.00011486331265793704,1.0,0.0006892590465249856,6,0,0.0
PRKAB1,0.0,0.00011486331265793704,1.0,0.0006892590465249856,6,0,0.0
PRKAA1,0.0,0.00011486331265793704,1.0,0.0006892590465249856,6,0,0.0
PRKAG2,0.0,0.00011486331265793704,1.0,0.0006892590465249856,6,0,0.0
PRKAA2,0.0,0.00011486331265793704,1.0,0.0006892590465249856,6,0,0.0
PRKAG1,0.0,0.00011486331265793704,1.0,0.0006892590465249856,6,0,0.0
SRSF10,4.179468877862367e-05,5.943368660643033e-05,0.0,0.14947643281445333,3,0,0.0
SFPQ,0.0009881303907536857,0.0001806749438542534,0.2857142857142857,0.1380000332426229,7,0,0.01
SOD1,0.0005000851689650868,9.427912206851466e-05,0.1,0.16686714813935283,5,0,0.0
NR0B2,2.1331818654050623e-05,6.213807485040266e-05,0.0,0.16151263336497648,4,0,0.0
HNF4A,0.000197854256634577,0.00012216592636943744,0.32727272727272727,0.19050823255360572,11,0,0.0
NR5A2,0.00011035146395082427,8.892161360253594e-05,0.0,0.1756883408589928,5,0,0.0
CAPZA2,0.00023763163146562475,0.00012654684162471892,0.5,0.1571623130684002,9,0,0.0
CLEC7A,0.00022915052155214694,0.00015653130090949584,0.05555555555555555,0.17464288652443605,9,0,0.0
MUC16,9.535845588235295e-05,7.457916493136797e-05,0.0,0.1519717500327795,2,0,0.0
LGALS3BP,0.0,4.5830249169203337e-05,1.0,0.16931452659287624,2,0,0.0
TRIM16,0.0,3.271271270148108e-05,0.0,0.15196392027157837,1,0,0.0
FCGR2B,0.0002334186905115323,0.000125434802803165,0.21428571428571427,0.17735748838045762,8,0,0.0
MUC1,0.00215058335286318,0.00015253029047194175,0.06666666666666667,0.20533563371584118,10,0,0.04
GP6,0.00037308463375377573,0.000189776322215258,0.05555555555555555,0.1713108006685756,9,0,0.0
DNAJB1,0.0003252130378384613,0.00014239862662674413,0.4166666666666667,0.1852961245452444,9,0,0.1
BAG1,0.0007444537812525776,0.00011707390273430575,0.5,0.17578781277258482,8,0,0.0
NUDC,0.0,3.063608050905211e-05,0.0,0.15125477349356173,1,0,0.0
HSPA1B,0.0003335065304165621,0.00013284538219181008,0.3333333333333333,0.1868159553162872,10,0,0.01
MAPKAPK5,0.00011064367032762619,9.006073637990051e-05,0.0,0.15189739986153056,3,0,0.0
RFX1,0.0,2.8224911668517496e-05,0.0,0.15713719456121042,1,0,0.0
TRIM21,0.0005531650396978645,0.00011621481790419136,0.2777777777777778,0.1926610085575101,9,0,0.0
UBE2E1,3.997420005938571e-05,6.803714231133368e-05,0.3333333333333333,0.15699082981217802,3,0,0.0
RO60,0.0,2.8213699658174186e-05,0.0,0.1561265991166208,1,0,0.0
BRD9,1.5738059558929182e-07,0.00011904303902480873,0.9307359307359307,0.16819454911249113,22,0,0.44
SS18,2.0630581292346e-08,0.00011500413387089713,0.9571428571428572,0.16812743811161973,21,0,0.06
BCL7B,0.0,0.00011016899888622102,1.0,0.16812264651796627,20,0,0.0
BCL7C,0.0,0.00011016899888622102,1.0,0.16812264651796627,20,0,0.0
BICRAL,0.0,0.00011016899888622102,1.0,0.16812264651796627,20,0,0.0
BCL11B,9.885466277319326e-05,0.00013616863645804692,0.8225108225108225,0.1691979756495741,22,0,0.1
SMARCD2,2.8340987506817887e-06,0.00013584112125903777,0.84,0.1694507058002011,25,0,0.18
BICRA,0.0,0.00011016899888622102,1.0,0.16812264651796627,20,0,0.0
BCL11A,2.626031881583152e-05,0.00011631317291292699,0.9047619047619048,0.1692222438618015,21,0,0.07
SLC6A11,0.0,0.00011486331265793706,0.0,0.00011487650775416428,1,0,0.0
SLC6A13,0.0,0.00011486331265793706,0.0,0.00011487650775416428,1,0,0.0
NUP210L,0.0,2.403434210664381e-05,0.0,0.13219539756683402,1,0,0.0
TIMM10B,0.0,0.0001141560126447322,1.0,0.11823003148656981,5,0,0.0
TIMM29,0.0,0.0001141560126447322,1.0,0.11823003148656981,5,0,0.0
AGK,0.0,0.0001141560126447322,1.0,0.11823003148656981,5,0,0.0
TIMM22,0.0,0.0001141560126447322,1.0,0.11823003148656981,5,0,0.0
PER3,0.0,5.770104063777649e-05,1.0,0.13748863611202167,2,0,0.0
PPARA,0.0015659099523671588,0.00012225826656715115,0.1388888888888889,0.17140537601761974,9,0,0.01
PER1,0.0,5.770104063777649e-05,1.0,0.13748863611202167,2,0,0.0
NR4A2,0.0,3.3089733008834926e-05,0.0,0.13748543177156178,1,0,0.0
PRIMPOL,0.0,2.5592095967902063e-05,0.0,0.15147615604515205,1,0,0.0
DNA2,3.7460199655327055e-06,5.771690829464219e-05,0.6666666666666666,0.15200307714763073,4,0,0.0
RAD52,0.0001343335608238273,7.550151627925255e-05,0.2857142857142857,0.17321727217002586,7,0,0.0
WRN,0.00012974082390357393,0.00010962568277872135,0.10714285714285714,0.16036229600996035,8,0,0.0
ATRIP,8.524787093668088e-05,7.675990403390778e-05,0.2,0.16309788551030996,6,0,0.0
SERPINF1,0.0,3.293511977348721e-05,0.0,0.15501070582884174,1,0,0.0
EEFSEC,9.535845588235295e-05,5.4784606490059125e-05,0.0,0.15502700044734574,2,0,0.0
SECISBP2,0.0,4.0799209797382104e-05,0.0,0.1304617161913086,1,0,0.0
COQ3,0.0,0.0001266515019059775,0.3333333333333333,0.0004102732419791581,3,0,0.0
COQ9,0.0,0.00012473488076201095,0.6666666666666666,0.0004102732419791581,3,0,0.0
COQ6,0.0,8.862457127685664e-05,0.0,0.0003191014104282341,2,0,0.0
COQ5,0.0,0.0001691776137129546,0.3333333333333333,0.00047865211564235115,4,0,0.0
PHF8,0.00013735142148553234,8.995006296564055e-05,0.6143790849673203,0.1705283560553407,18,0,0.0
MPHOSPH8,0.000190663008797457,0.0001208972726088675,0.5380952380952381,0.17016925578441128,21,0,0.02
KMT2E,0.0002038850108681673,9.967013993824678e-05,0.5497076023391813,0.1714950700919356,19,0,0.0
ATRX,0.00041331809126742323,0.00017209347327249181,0.3646723646723647,0.1889461394901637,27,1,0.65
DNMT3L,3.6787383217294813e-06,6.323974097487386e-05,0.5111111111111111,0.17903148470477695,10,0,0.0
DIDO1,2.4329838685604976e-08,8.391236244663442e-05,0.6143790849673203,0.16949939433446545,18,0,0.0
NSD3,4.1533723670592415e-05,0.0001273999312968,0.5291005291005291,0.173227445264063,28,1,0.67
KAT6B,4.1018073557520195e-05,0.00012358922586091465,0.49333333333333335,0.17548973437520157,25,0,0.08
RAG2,9.536561171726047e-05,6.128621017989554e-05,0.19047619047619047,0.1694507058002011,7,0,0.0
HDGFL2,2.1467504722592625e-08,7.601235214503767e-05,0.675,0.16948478483659143,16,0,0.0
UHRF1,0.00017689100239224017,0.00012654780996199533,0.5138339920948617,0.18038367798129837,23,0,0.01
SIRT3,0.009115515137267879,0.00011061053777907522,0.49473684210526314,0.17179973267968665,20,0,0.17
SP100,0.0005729439337056617,0.00011791206018041365,0.5151515151515151,0.18544174722650658,22,0,0.02
SIRT5,2.4329838685604976e-08,8.391236244663442e-05,0.6143790849673203,0.16949939433446545,18,0,0.0
SPIN1,9.538278572103854e-05,0.00010238640459709928,0.5497076023391813,0.16950913539905177,19,0,0.0
ZCWPW2,2.4329838685604976e-08,8.391236244663442e-05,0.6143790849673203,0.16949939433446545,18,0,0.0
AIRE,2.4329838685604976e-08,8.391236244663442e-05,0.6143790849673203,0.16949939433446545,18,0,0.0
CHD1,2.3243258430852235e-06,8.748422984686615e-05,0.5497076023391813,0.17020853543258124,19,0,0.0
KAT6A,0.0001814780106426337,0.00014316547619023915,0.42165242165242167,0.18315596811420767,27,1,0.57
TRIM33,0.00012068041310356053,0.00010444491173313448,0.5,0.18008081754143723,20,0,0.0
MORC3,2.4329838685604976e-08,8.391236244663442e-05,0.6143790849673203,0.16949939433446545,18,0,0.0
TRIM66,2.4329838685604976e-08,8.391236244663442e-05,0.6143790849673203,0.16949939433446545,18,0,0.0
BANF1,0.0004189811629621113,0.00012370687560569536,0.10606060606060606,0.1777904587408801,12,0,0.0
EHMT1,2.3491126175101003e-05,9.982875966921125e-05,0.5894736842105263,0.17027731846849095,20,0,0.01
KDM6B,0.0,2.6600734622720968e-05,1.0,0.16399108809691987,2,0,0.0
RIDA,0.0,4.08216858398252e-05,0.0,0.11119653580559086,1,0,0.0
YTHDF2,9.678332897749401e-05,8.253440814513494e-05,0.0,0.12855963520512576,3,0,0.0
MCAT,0.0017545720615164333,5.082522607364136e-05,0.6666666666666666,0.12074437983098087,6,0,0.01
TFB1M,0.0013796388405319486,7.56771796042062e-05,0.2,0.14908356089419497,6,0,0.0
NIP7,0.0,2.8807379067153294e-05,0.0,0.1315791363732608,1,0,0.0
PES1,0.00023093875519126364,0.00013544774879472942,0.28888888888888886,0.15660739675646174,10,0,0.0
TERF2,0.0003140049347871477,0.00018917323244497912,0.2222222222222222,0.15274695548996378,10,0,0.0
TINF2,1.8969846888293782e-06,0.00011851203994427566,0.8,0.1399114726424211,6,0,0.09
TERF1,0.0004941598672730737,0.00022440673949755634,0.21818181818181817,0.15039484552881913,11,0,0.0
DCLRE1B,0.0,3.3391337651172504e-05,0.0,0.12884323295888175,1,0,0.0
POT1,0.00021063728764044915,0.00012886776675523345,0.6190476190476191,0.15993621681548642,7,0,0.0
NBN,0.00010488369672982014,9.09677678242388e-05,0.2,0.1613182952587618,6,0,0.0
MCPH1,0.0,3.3391337651172504e-05,0.0,0.12884323295888175,1,0,0.0
ACD,0.00014707736158746398,0.00010982000084672548,0.7333333333333333,0.15993188073803447,6,0,0.0
TERF2IP,0.0,9.928859155876439e-05,1.0,0.1399081543739304,5,0,0.0
JAG1,0.0004617822024688465,0.00010222629815437451,0.3333333333333333,0.1712859297625552,6,0,0.0
JAG2,1.2986506079814724e-06,8.904210200213647e-05,0.5,0.1558296550354607,5,0,0.0
PRRT2,0.0,2.831601473844228e-05,0.0,0.12577207046505343,1,0,0.0
NXF2,0.0,3.06517499193802e-05,0.0,0.11289471266764399,1,0,0.0
SSTR4,5.165685854470027e-05,6.489949157861405e-05,0.0,0.14447924126922362,2,0,0.0
SST,0.0001907169117647059,0.0001663491495825075,0.0,0.12802950388537201,5,0,0.0
FCGR2A,0.0001559140812863865,9.140810525936222e-05,0.16666666666666666,0.164608851773932,4,0,0.0
OLR1,6.805730270194493e-05,4.86547491185238e-05,0.0,0.1686706530857895,2,0,0.0
APCS,0.0,3.667615332949077e-05,0.0,0.13718169901452026,1,0,0.0
DPH2,0.0,0.00011486331265793706,0.0,0.00011487650775416428,1,0,0.0
DPH1,0.0,0.00011486331265793706,0.0,0.00011487650775416428,1,0,0.0
PABPC1L,0.0,4.039124240740791e-05,0.0,0.13293119005391085,1,0,0.0
PAIP1,0.0006557109106819268,0.0002537711692466858,0.06666666666666667,0.15852648127008495,10,0,0.02
BHMT2,0.0,0.00011486331265793706,1.0,0.00022975301550832856,2,0,0.0
BHMT,0.0,0.00011486331265793706,1.0,0.00022975301550832856,2,0,0.0
MTR,0.0,0.00011486331265793706,1.0,0.00022975301550832856,2,0,0.0
AP3B1,0.0,7.70923619357817e-05,0.9333333333333333,0.12395124014587326,6,0,0.0
AP3B2,0.0,6.569419198622358e-05,1.0,0.12394863574522305,5,0,0.0
AP3M2,0.0,7.70923619357817e-05,0.9333333333333333,0.12395124014587326,6,0,0.0
AP3M1,0.0,7.70923619357817e-05,0.9333333333333333,0.12395124014587326,6,0,0.0
AP3D1,0.0,6.569419198622358e-05,1.0,0.12394863574522305,5,0,0.0
NMUR2,9.512867647058823e-05,0.00011608503862646343,0.5,0.1485504626179749,4,0,0.0
NMU,0.0,6.654283173847868e-05,1.0,0.12584719831514454,2,0,0.0
NMS,0.0,6.654283173847868e-05,1.0,0.12584719831514454,2,0,0.0
NMUR1,9.531931510078982e-05,0.00011608503862646343,0.5,0.1485504626179749,4,0,0.0
PDE6A,0.0,0.00011000102163915799,1.0,0.00026257487486666117,2,0,0.0
PDE6G,0.0,0.0001632497894618236,0.3333333333333333,0.0003676048248133257,3,0,0.0
PDE6B,0.0,0.00011000102163915799,1.0,0.00026257487486666117,2,0,0.0
USPL1,0.0,2.9800569631005955e-05,0.0,0.15391065072590276,1,0,0.0
CHRM3,0.0,6.614686324021745e-05,1.0,0.13182023688906172,3,0,0.0
GRM5,0.00031297887994652325,0.0001530310734203709,0.17857142857142858,0.1542406374790148,8,0,0.0
CHRM5,0.0,6.614686324021745e-05,1.0,0.13182023688906172,3,0,0.0
CHRM1,6.724243356021402e-05,0.0001800731010848354,0.5636363636363636,0.14373294237664833,11,0,0.01
CHI3L1,1.4371291044879468e-05,4.7127850753809114e-05,0.0,0.16130506196227615,2,0,0.0
IL13RA2,4.0126906054556754e-07,7.927231880785666e-05,0.5,0.14137000146238501,4,0,0.0
MYBPH,0.0014506602249818338,0.00012852103221704241,0.0,0.14344634327940864,5,0,0.0
OCA2,0.0,3.929367439033532e-05,0.0,0.12216213673967986,1,0,0.0
SLAMF1,0.0005334738705385581,9.851158034181405e-05,0.16666666666666666,0.15804231423196702,4,0,0.0
RFXAP,6.330509691386698e-05,7.553520277047196e-05,0.3333333333333333,0.15749799548851692,3,0,0.0
RFXANK,8.256675120346492e-05,0.0001005836356289971,0.16666666666666666,0.154644980365501,4,0,0.0
RFX5,0.0,6.029072586506099e-05,1.0,0.13597066776587302,2,0,0.0
RNF128,0.0,2.7305224633502815e-05,0.0,0.14843458862217304,1,0,0.0
OTUB1,9.565185014978212e-05,8.302086187411304e-05,0.6666666666666666,0.1810813586586365,7,0,0.0
HSPBP1,0.0004288826476108451,0.00011600107227360717,0.5357142857142857,0.17242743543266692,8,0,0.01
HSPA1A,9.575655502654118e-05,8.635984908155743e-05,0.4,0.17108226040493027,6,0,0.0
HSPA4L,0.0,6.82420474735595e-05,1.0,0.14584734148447107,4,0,0.0
CSNK1G2,3.8403871564944976e-05,8.338099306733849e-05,0.4,0.15332659512976038,5,0,0.0
PRKACB,0.0011751657419959848,0.0002881337757125959,0.25146198830409355,0.1773255003764211,19,0,0.06
GRK2,0.0011731670560132935,0.00017301415264431663,0.14545454545454545,0.1742045129203674,11,0,0.0
PRKACG,0.0011306756090680105,0.0002713973381926122,0.2679738562091503,0.17732017016419385,18,0,0.14
GRK3,3.056470486261316e-06,9.69699079728649e-05,0.4,0.1553413409090823,6,0,0.0
PRKACA,0.001540270151270642,0.0003251497383383994,0.20952380952380953,0.1778011761113509,21,0,0.2
PI4KA,0.0001907169117647059,0.00016949696379653007,0.4666666666666667,0.12095977815871559,6,0,0.01
FAM126A,0.0,7.194003472769275e-05,1.0,0.10546703057269236,2,0,0.0
INPP5F,0.0,0.00010906266818601817,1.0,0.1209548178430297,4,0,0.0
PI4K2A,0.0,0.00010906266818601817,1.0,0.1209548178430297,4,0,0.0
PI4K2B,0.0,0.00010906266818601817,1.0,0.1209548178430297,4,0,0.0
TTC7B,0.0,7.194003472769275e-05,1.0,0.10546703057269236,2,0,0.0
PI4KB,0.002244562754057253,0.00015010948741444677,0.4,0.14176749948384804,6,0,0.01
NTS,0.0001130255287553521,0.00010026481012122934,0.16666666666666666,0.14474512135989206,4,0,0.0
NLN,0.0,3.878859850478993e-05,0.0,0.1231028259812688,1,0,0.0
NTSR2,0.0009815224285570278,6.095522404486907e-05,0.3333333333333333,0.14823317471661476,3,0,0.0
NTSR1,0.0019306576377577398,0.00011818005184898169,0.26666666666666666,0.16713189656115143,6,0,0.01
KRAS,0.0014778437223255986,0.00018776903209209223,0.21978021978021978,0.18352063903130914,14,0,0.01
HRAS,0.007553829788718984,0.00034911897355283876,0.07509881422924901,0.19839535282916532,23,0,0.16
ARAF,5.048841035731886e-08,5.2719746340696975e-05,0.6666666666666666,0.16260784555439664,3,0,0.0
NRAS,0.0,6.986230775533553e-05,1.0,0.1676210445549513,4,0,0.0
MAPKAP1,0.00027980910769234246,0.0001223407257987508,0.6444444444444445,0.17292277132621214,10,0,0.01
CCDC59,0.0,0.00011486331265793706,0.0,0.00011487650775416428,1,0,0.0
TTF1,0.0,0.00011486331265793706,0.0,0.00011487650775416428,1,0,0.0
SBF2,0.0,7.668104448904157e-05,0.0,0.0002871912693854107,1,0,0.0
MTMR2,0.0,0.0002433553779579305,0.0,0.00047865211564235115,4,0,0.0
ERG28,0.0,0.00011486331265793706,0.0,0.00011487650775416428,1,0,0.0
MSMO1,0.0,0.00011486331265793706,0.0,0.00011487650775416428,1,0,0.0
CATSPERB,0.0,0.00015921109645428974,0.3333333333333333,0.00046907907332950416,3,0,0.0
CATSPER4,0.0,0.00017089404200914182,0.0,0.00040206777713957495,3,0,0.0
CATSPER1,0.0,0.00015753047890236247,0.3333333333333333,0.000432996067688773,3,0,0.0
CATSPERD,0.0,0.00010563755386778835,1.0,0.0003752632586636033,2,0,0.0
SYNJ2BP,0.0,0.00011486331265793706,0.0,0.00011487650775416428,1,0,0.0
RRBP1,0.0,0.00011486331265793706,0.0,0.00011487650775416428,1,0,0.0
ELP3,0.0,6.883602954521635e-05,1.0,0.14138355433377436,5,0,0.0
ELP1,0.0,6.883602954521635e-05,1.0,0.14138355433377436,5,0,0.0
ELP6,0.0,6.883602954521635e-05,1.0,0.14138355433377436,5,0,0.0
ELP5,0.0,6.883602954521635e-05,1.0,0.14138355433377436,5,0,0.0
ELP2,0.0,6.883602954521635e-05,1.0,0.14138355433377436,5,0,0.0
MBD2,0.0,6.102630219378678e-05,1.0,0.16933882825302563,6,0,0.0
MTA1,5.399608548821593e-07,0.00010970533454735552,0.8076923076923077,0.16993885348493074,13,0,0.0
GATAD2A,9.58984167372351e-05,0.0001303490035435117,0.6923076923076923,0.1699437491651994,14,0,0.04
MTA3,6.009615384615386e-08,0.00010061414611658412,0.8939393939393939,0.1699339580867201,12,0,0.0
GATAD2B,6.009615384615386e-08,9.329924179260497e-05,0.9090909090909091,0.169929062970543,11,0,0.0
CCNB1,0.000821194971261223,0.00018162829660295314,0.24358974358974358,0.16340057118781232,13,0,0.01
CCNB3,0.0,5.583615056221496e-05,1.0,0.14282812989739965,3,0,0.0
CCNB2,0.0,5.583615056221496e-05,1.0,0.14282812989739965,3,0,0.0
BCLAF1,4.263612866817319e-05,4.786808353416756e-05,0.0,0.15230526234179492,3,0,0.0
BUB1B,0.005576425959713089,0.00029408686358822517,0.3053763440860215,0.16690019581333715,31,1,0.86
PLK1,0.000621564643527007,0.00018055439795278954,0.027777777777777776,0.16278733431818534,9,0,0.01
ESPL1,0.0001907169117647059,9.679448023944479e-05,0.3333333333333333,0.14283850507330445,4,0,0.0
CKS2,0.0,6.066962734020212e-05,1.0,0.15174501404559232,4,0,0.0
GNB5,0.002973422724701753,0.00024378994358892036,0.14102564102564102,0.17047414810491274,13,0,0.01
BCCIP,8.312109339563861e-05,6.208193866599663e-05,0.5357142857142857,0.16404125082790802,8,0,0.0
CD180,0.0,0.00011486331265793706,0.0,0.00011487650775416428,1,0,0.0
LY86,0.0,0.00011486331265793706,0.0,0.00011487650775416428,1,0,0.0
CAMK1,0.0,5.0001843810635715e-05,1.0,0.1631204352677359,3,0,0.0
CALM1,0.002746912779858433,0.000555665517761232,0.10741971207087486,0.18848731255463466,43,1,0.97
USP33,7.778905348362344e-05,7.572917439339445e-05,0.5,0.1583775182168336,4,0,0.0
USP1,8.66654671445657e-06,6.453575950095867e-05,0.6666666666666666,0.18352063903130914,7,0,0.0
EDEM1,0.0001907169117647059,0.0001280006637729772,0.3333333333333333,0.12209386996072524,3,0,0.0
EDEM2,0.0,9.40553286801417e-05,1.0,0.10632817990307139,2,0,0.0
EDEM3,0.0,9.40553286801417e-05,1.0,0.10632817990307139,2,0,0.0
DNAJC10,0.00028607536764705885,7.254723334927084e-05,0.0,0.14333829233440412,2,0,0.0
CHL1,0.0005082611991573906,9.021678473491105e-05,0.0,0.17366090909424478,4,0,0.0
CNTN6,0.0,3.646927782784365e-05,0.0,0.14341147034138185,1,0,0.0
ANK1,0.001772860570509545,0.00037445784930909183,0.14761904761904762,0.17001231831870428,21,0,0.17
KATNBL1,0.0,9.367082172871192e-05,0.0,0.00015316867700555236,1,0,0.0
KATNB1,0.0,0.00015724829451638727,0.0,0.00022975301550832856,2,0,0.0
TSHB,0.0,6.147848232666362e-05,1.0,0.13572977361884866,2,0,0.0
TSHR,0.0008032098795652256,0.00011428653407236662,0.2,0.16249138995764656,5,0,0.0
CGA,0.0005254891251426878,0.00023330675667924635,0.17857142857142858,0.13575163780974342,8,0,0.0
LAMTOR5,6.294012515875364e-05,0.00014450842080062685,0.7636363636363637,0.14592671418731976,11,0,0.0
RIC1,0.0,8.625829324445838e-05,1.0,0.13250718616820684,6,0,0.0
LAMTOR4,6.294012515875364e-05,0.00014450842080062683,0.7636363636363637,0.14592671418731976,11,0,0.0
LAMTOR2,6.294012515875364e-05,0.00014450842080062683,0.7636363636363637,0.14592671418731976,11,0,0.0
LAMTOR1,6.294012515875364e-05,0.00014450842080062683,0.7636363636363637,0.14592671418731976,11,0,0.0
RGP1,0.0,8.625829324445839e-05,1.0,0.13250718616820684,6,0,0.0
SLC38A9,0.0005987273271970792,0.0001263375031883633,0.75,0.1335481169297836,8,0,0.05
RRAGC,0.00031018594709671186,0.00021213761867126222,0.4,0.14774682347840812,16,0,0.0
MDK,7.13412704507601e-05,8.298345337097598e-05,0.0,0.1542487036142245,4,0,0.0
SLC38A2,0.0,0.00011486331265793706,0.0,0.00011487650775416428,1,0,0.0
SLC38A1,0.0,0.00011486331265793706,0.0,0.00011487650775416428,1,0,0.0
KIDINS220,0.0,3.9771443265082655e-05,1.0,0.15368210032623164,2,0,0.0
CRKL,0.00018022125444338302,0.00019824324916643054,0.22857142857142856,0.18042229694832398,15,0,0.04
CRK,0.00043085036052978716,0.00023858069558823578,0.24183006535947713,0.18842108793351223,18,0,0.06
CMPK2,0.0,0.00014197615481865622,0.5,0.00047865211564235115,4,0,0.0
ENTPD8,0.0,0.00013266660511380748,0.8333333333333334,0.00047865211564235115,4,0,0.0
ENTPD1,0.0,0.00013266660511380748,0.8333333333333334,0.00047865211564235115,4,0,0.0
ENTPD3,0.0,0.00013266660511380748,0.8333333333333334,0.00047865211564235115,4,0,0.0
DCTPP1,0.0,4.746899191239328e-05,0.0,0.0002871912693854107,1,0,0.0
NARS1,0.0,0.00011486331265793706,0.0,0.00011487650775416428,1,0,0.0
NARS2,0.0,0.00011486331265793706,0.0,0.00011487650775416428,1,0,0.0
GRP,0.0003814338235294118,0.00013964917124838837,0.16666666666666666,0.12140288162463009,4,0,0.0
AGT,0.00018884332644581275,0.00018215118147442484,0.13333333333333333,0.12720129853851994,6,0,0.0
GRPR,0.00014303768382352942,0.00011816884164699544,0.3333333333333333,0.10580943142887073,3,0,0.0
TAC1,0.0008958951821849389,0.00019952955049587303,0.13333333333333333,0.14066546059618953,6,0,0.0
NMB,4.7679227941176475e-05,8.176136320891175e-05,0.0,0.10580753360397468,2,0,0.0
SPX,0.0,3.8551758158938e-05,0.0,0.12728912957496982,1,0,0.0
USP24,0.0,2.1867381450896578e-05,0.0,0.1520736103998969,1,0,0.0
FOLH1,0.0,0.00011486331265793706,1.0,0.00022975301550832856,2,0,0.0
RIMKLB,0.0,0.00011486331265793706,1.0,0.00022975301550832856,2,0,0.0
RIMKLA,0.0,0.00011486331265793706,1.0,0.00022975301550832856,2,0,0.0
SCMH1,0.0,5.73667844464605e-05,1.0,0.15876967894018035,10,0,0.0
ANAPC11,0.00011630255950130241,0.0001699408091719654,0.910873440285205,0.17929266977759412,34,1,0.96
UBE2S,0.0010018145569140977,0.00018896485316493607,0.7681365576102418,0.19207135157823726,38,1,0.96
UBE2C,0.00021513705025328722,0.00017210436019764972,0.8873949579831932,0.18874059897688053,35,1,0.99
BABAM2,0.0010508653228210778,0.00020609844357762772,0.7339971550497866,0.1788144110646378,38,1,0.96
BRCC3,0.0011362755881815666,0.0002153120744200063,0.7004048582995951,0.18014130824266042,39,1,1.0
TUT4,0.0,9.367082172871192e-05,0.0,0.00015316867700555236,1,0,0.0
LIN28A,0.0,0.00015724829451638727,0.0,0.00022975301550832856,2,0,0.0
UBL5,1.837236219148825e-06,6.169542118792069e-05,0.6794871794871795,0.1504562186549276,13,0,0.0
PRPF38B,0.0,2.0335838495018492e-05,0.0,0.13605847777803817,1,0,0.0
DSG1,0.0001907169117647059,0.00011548750278697216,0.3333333333333333,0.1466777915615496,4,0,0.0
CDSN,0.0,7.324467084249752e-05,1.0,0.12450059982741127,2,0,0.0
DSC1,0.0,7.324467084249752e-05,1.0,0.12450059982741127,2,0,0.0
JUP,0.0005953240704690601,0.0001585170324315586,0.2727272727272727,0.1784196056323504,11,0,0.03
DAGLA,0.0,0.00011486331265793706,0.0,0.00011487650775416428,1,0,0.0
DAGLB,0.0,0.00011486331265793706,0.0,0.00011487650775416428,1,0,0.0
CBLIF,0.0,3.669005178064912e-05,0.0,0.1328772929614236,1,0,0.0
CEP135,0.0,4.999488967200231e-05,0.0,0.12233948072383087,1,0,0.0
SASS6,0.0023111213235294118,0.00010760394617144032,0.0,0.14369092953238177,3,0,0.0
PDGFRA,4.9678875639304976e-05,0.00011791692694910073,0.4166666666666667,0.18202565480814617,9,0,0.0
PDGFB,9.813314641907207e-05,0.00013009530577184794,0.6222222222222222,0.17155491831042868,10,0,0.14
PDGFC,6.593074093746419e-05,0.00014150250848071782,0.5454545454545454,0.17381441471529513,11,0,0.1
PDGFD,3.0861140907820283e-06,0.00011706882293542479,0.7777777777777778,0.16465479724851093,9,0,0.13
PDGFA,3.0861140907820283e-06,0.00011706882293542479,0.7777777777777778,0.16465479724851093,9,0,0.13
CARS2,0.0,0.00011486331265793706,0.0,0.00011487650775416428,1,0,0.0
CARS1,0.0,0.00011486331265793706,0.0,0.00011487650775416428,1,0,0.0
KLB,4.780748271419053e-05,8.566716763255175e-05,0.5,0.16257647570683206,5,0,0.0
FGF19,4.992810211813935e-07,6.822368930379018e-05,0.8333333333333334,0.16324682922909015,4,0,0.0
FGF21,0.0,4.33664120852374e-05,1.0,0.14391177138938793,2,0,0.0
SEMA6A,0.0,5.11885233483934e-05,0.0,0.12634584324314416,2,0,0.0
PLXNA2,4.6689664456482714e-05,0.00012242319208114147,0.13333333333333333,0.14921177237947136,6,0,0.0
PLXNA4,6.443280908474187e-05,0.0001353234964894457,0.38095238095238093,0.14923819624120627,7,0,0.0
KHDRBS1,2.8449487110955953e-05,5.358828944483194e-05,0.0,0.1817116627964022,3,0,0.0
ARHGEF4,9.535845588235295e-05,6.775015646167277e-05,0.0,0.1538905752490648,2,0,0.0
ZRANB1,9.682011889282232e-05,6.250622792190906e-05,0.4666666666666667,0.191690629135712,6,0,0.0
ASAP1,0.0018263420608697724,0.00014342411908095117,0.09523809523809523,0.18636740343798064,7,0,0.01
AMER1,0.00012647952579787305,7.821011838905477e-05,0.6666666666666666,0.18479113557693203,6,0,0.0
CTNNBIP1,0.0,3.8363944761834234e-05,1.0,0.17381441471529513,2,0,0.0
USP30,0.0,4.0776906306050204e-05,1.0,0.18078169290007665,4,0,0.0
SDS,0.0,0.00011486331265793706,0.0,0.00011487650775416428,1,0,0.0
SDSL,0.0,0.00011486331265793706,0.0,0.00011487650775416428,1,0,0.0
OASL,0.0,2.9462780231693425e-05,0.0,0.15499848711270398,1,0,0.0
HRK,5.404239226911809e-07,5.168894595888292e-05,0.6666666666666666,0.16103205910033033,3,0,0.0
BACH2,2.1010824611010704e-06,5.902838838814584e-05,0.0,0.14057495522405875,2,0,0.0
MAF,0.00020612984263627116,0.00010513951396648314,0.1,0.16475136628002016,5,0,0.0
MAFG,0.0002740789925729856,0.00016048073200255954,0.06666666666666667,0.15247847965835404,6,0,0.0
LMO2,0.0011222292290983653,0.000159464618455834,0.41818181818181815,0.17897716689995147,11,0,0.07
TAL1,1.6298715188224085e-05,0.00013201221100324757,0.5277777777777778,0.16775451218604864,9,0,0.09
ZFPM1,6.152091970033514e-05,5.98666566444901e-05,0.5,0.1653748821457879,4,0,0.0
LYL1,6.339228268371729e-07,7.007773453550844e-05,0.8333333333333334,0.154527502842761,4,0,0.0
THUMPD1,0.0,1.9787022442872195e-05,0.0,0.13882818933028337,1,0,0.0
RDH12,0.0,9.416108205802443e-05,1.0,0.0002584721424468696,2,0,0.0
RB1,0.0008113157782741619,0.000161240941272281,0.1523809523809524,0.19054515394626445,15,0,0.01
CDKN2C,0.0,3.692051167352168e-05,1.0,0.1563251913563282,2,0,0.0
CDKN2B,0.0,4.914803461985467e-05,1.0,0.1592368250559413,3,0,0.0
CDKN2D,0.0,3.692051167352168e-05,1.0,0.1563251913563282,2,0,0.0
CDKN2A,0.0006659582958342005,0.00011450369591176056,0.21428571428571427,0.18079277394411108,8,0,0.0
PTTG1,0.0,6.63647508327418e-05,1.0,0.12172352972416897,2,0,0.0
PTTG2,0.0,6.63647508327418e-05,1.0,0.12172352972416897,2,0,0.0
NMBR,0.0,0.00012200923655063889,0.3333333333333333,0.09376430398675017,3,0,0.01
BRS3,0.0,8.546189165139813e-05,1.0,0.09376281365369786,2,0,0.0
PFDN4,9.98974389225995e-07,8.949762016774433e-05,0.7111111111111111,0.14939315270905362,10,0,0.0
PDCL3,5.735685956529565e-06,8.065787417983576e-05,0.9166666666666666,0.16288622214000445,9,0,0.01
RAB11FIP5,2.693421184915557e-05,0.00012817087604617022,0.8,0.13963328570129005,5,0,0.01
RAB11FIP1,2.693421184915557e-05,0.00012817087604617022,0.8,0.13963328570129005,5,0,0.01
RAB11FIP2,0.00013256191820645245,0.0001806004390897251,0.42857142857142855,0.1396398963432927,7,0,0.0
RAB11A,0.004991545816947156,0.0003796552276596742,0.08823529411764706,0.1680843235987691,17,0,0.12
RAB11B,0.0001907169117647059,0.00014003970135345402,0.6,0.13962006629481907,5,0,0.02
MRPL53,8.197293284120888e-06,4.841243909040626e-05,0.9090909090909091,0.13279652922026025,12,0,0.0
KCNMB4,0.0,0.00011486130944619848,1.0,0.1365339865070222,9,0,0.0
KCNMB1,0.0,0.00011486130944619848,1.0,0.1365339865070222,9,0,0.0
KCNU1,0.0,0.00011486130944619848,1.0,0.1365339865070222,9,0,0.0
KCNMA1,0.0,0.00011486130944619848,1.0,0.1365339865070222,9,0,0.0
KCNMB3,0.0,0.00011486130944619848,1.0,0.1365339865070222,9,0,0.0
KCNN1,0.0,0.00011486130944619848,1.0,0.1365339865070222,9,0,0.0
KCNMB2,0.0,0.00011486130944619848,1.0,0.1365339865070222,9,0,0.0
KCNN2,0.0017339660051381926,0.0001722142647453319,0.5256410256410257,0.16332366402786347,13,0,0.17
KCNN3,0.0,0.00011486130944619848,1.0,0.1365339865070222,9,0,0.0
GNL3,0.0018576727729909997,7.985072007518012e-05,0.2,0.18564600393449146,6,0,0.0
FOXO3,0.0009877552048584257,0.00019785776339161353,0.24836601307189543,0.20214122677663027,18,0,0.1
TCHP,6.906084159652384e-05,5.943092648223649e-05,0.3333333333333333,0.17823093301777754,4,0,0.01
USP7,0.0005706459360189139,0.0001527396499013356,0.24358974358974358,0.19661003269638716,13,0,0.01
LATS2,0.0011606864853138089,0.0001984766635550888,0.21428571428571427,0.17185478707167748,8,0,0.0
TP73,0.00022737686580748715,7.97750486640675e-05,0.0,0.17981733283613976,5,0,0.0
MDM4,0.002834127345097134,9.320965478671807e-05,0.5,0.20467307685179378,9,0,0.03
CEP290,0.0028807444852941176,0.00013026493567416686,0.47619047619047616,0.1364329391050095,7,0,0.01
DYNLRB1,1.767363474331605e-05,0.0001293122212249024,0.6818181818181818,0.14701409113847383,12,0,0.01
DYNLL2,8.283825859951296e-05,0.00010395802177578146,0.7777777777777778,0.15044087067791495,9,0,0.0
DYNC2H1,2.7776157103906333e-06,0.00011950343365817909,0.8,0.14617621719254636,11,0,0.08
BICDL1,5.580357142857143e-08,7.050340729590559e-05,0.8666666666666667,0.14296658962295578,6,0,0.0
DYNLL1,0.0007449765520706458,0.00016348977356001043,0.4835164835164835,0.15704098128586946,14,0,0.05
DYNC1I1,5.651103494338595e-06,0.00012047725979914391,0.7454545454545455,0.14617621719254636,11,0,0.04
FHOD1,0.0,5.057396702552219e-05,1.0,0.12532051795169954,2,0,0.0
SYNE1,0.00010120507466216174,0.00013428771716440436,0.5714285714285714,0.1478171650050717,7,0,0.02
SYNE2,1.73562598123971e-05,0.00011912921155786699,0.6666666666666666,0.13680312193646718,6,0,0.02
EEA1,0.001579818293273298,0.00011104972617114833,0.42857142857142855,0.16475596763084488,7,0,0.0
VPS51,0.0020261948529411767,0.00012319301977573713,0.5,0.1259842692000342,5,0,0.0
RGS8,0.0,3.400271532178097e-05,0.0,0.13242389882646197,1,0,0.0
LAMB2,0.00015468477466855048,0.00011201572072380715,0.16666666666666666,0.1356392683778805,4,0,0.0
PRNP,0.0007600050152761548,0.00012600297598145923,0.047619047619047616,0.17309528817553993,7,0,0.0
CHRND,0.0,9.367082172871192e-05,0.0,0.00015316867700555236,1,0,0.0
CHRNA1,2.297794117647059e-07,0.00015724829451638727,0.0,0.00022975301550832856,2,0,0.0
HTR2B,1.1020984971636936e-05,9.282046954069273e-05,0.5,0.14766545898576688,4,0,0.0
HTR2C,1.2317439745363585e-06,7.495240457627077e-05,0.6666666666666666,0.13786779987431994,3,0,0.0
HTR2A,1.1313839587119859e-05,9.671346575173389e-05,0.3333333333333333,0.14515471016295278,4,0,0.0
EIF4G3,6.434531111012664e-06,9.823329859743484e-05,0.75,0.15761582336341146,8,0,0.0
GIGYF1,1.7462083546732986e-07,4.125604646917002e-05,0.0,0.1444332546831134,2,0,0.0
GIGYF2,1.2142132673930356e-05,4.2225557073416865e-05,0.0,0.1491363271652737,2,0,0.0
EIF4EBP1,0.0002619300409897202,7.379017182735175e-05,0.4,0.15537407277431456,5,0,0.0
EIF4G2,5.7930748692509745e-05,0.00012725557735431808,0.5111111111111111,0.1544789436463299,10,0,0.03
EIF4E1B,2.196261570747139e-05,8.042486891198838e-05,0.6,0.15144893381485458,6,0,0.0
TARS1,0.0001907169117647059,9.38017957098339e-05,0.3333333333333333,0.14372593852992888,3,0,0.0
STK24,1.4948715026702884e-05,0.00010656604887861135,0.6,0.13704784455492985,6,0,0.01
STK25,0.00025171807920925857,0.00011428577791242474,0.6190476190476191,0.14935154744600743,7,0,0.0
STK26,0.00010136459166461238,0.0001297410817167476,0.5238095238095238,0.13705102853013035,7,0,0.0
EDAR,0.0001907169117647059,9.74172426223953e-05,0.0,0.1450512041363791,2,0,0.0
EDA,9.535845588235295e-05,0.00011397308239684097,0.0,0.12332930717976252,2,0,0.0
EDARADD,0.00028607536764705885,6.831703393820154e-05,0.0,0.17605012000186226,2,0,0.0
ALDH1L2,0.0,0.00011486331265793706,0.0,0.00011487650775416428,1,0,0.0
ALDH1L1,0.0,0.00011486331265793706,0.0,0.00011487650775416428,1,0,0.0
USP44,0.0,2.3607247488947494e-05,0.0,0.14045111833104929,1,0,0.0
PLXNC1,0.0,4.632552296885806e-05,0.0,0.13363585214014456,1,0,0.0
SEMA7A,9.535845588235295e-05,6.79801634565312e-05,0.0,0.1595296506307102,2,0,0.0
COG3,0.0,0.00011922929273232625,1.0,0.09857112289914782,7,0,0.0
COG2,0.0,0.00011922929273232625,1.0,0.09857112289914782,7,0,0.0
COG8,0.0,0.00011922929273232625,1.0,0.09857112289914782,7,0,0.0
COG5,0.0,0.00011922929273232625,1.0,0.09857112289914782,7,0,0.0
COG1,0.0,0.00011922929273232625,1.0,0.09857112289914782,7,0,0.0
COG6,0.0,0.00011922929273232625,1.0,0.09857112289914782,7,0,0.0
COG4,0.0007628676470588236,0.0001324748664788023,0.75,0.11196263705250534,8,0,0.04
IGF2BP3,0.0,3.1271477483887586e-05,0.0,0.14788757354213947,1,0,0.0
KDELR2,0.0,0.00011486331265793706,1.0,0.00022975301550832856,2,0,0.0
KDELR1,0.0,0.00011486331265793706,1.0,0.00022975301550832856,2,0,0.0
KDELR3,0.0,0.00011486331265793706,1.0,0.00022975301550832856,2,0,0.0
NUP42,0.0005402441835821951,9.851378667802682e-05,0.25,0.1463248771182538,8,0,0.0
XPO1,0.0009040959623171719,0.00014007572139840548,0.16363636363636364,0.1685790707004944,11,0,0.0
GLE1,1.225838237486973e-06,5.1398673176882915e-05,0.6666666666666666,0.13670167592108085,3,0,0.0
RAE1,0.00026972183759447756,7.98445995114798e-05,0.2857142857142857,0.14808804872655706,7,0,0.0
DDX56,0.0,6.295749030904087e-05,1.0,0.09975796362536614,2,0,0.0
DHX36,4.754453760462101e-05,8.587861096079897e-05,0.6666666666666666,0.11349637180664925,3,0,0.0
RAD1,0.0,9.142339261362421e-05,0.6,0.13097731790275985,5,0,0.0
RAD9B,0.0,5.7272868348371645e-05,1.0,0.1309715019875758,3,0,0.0
TOPBP1,0.0007844315150038565,0.000176797338555747,0.09523809523809523,0.176423944164321,15,0,0.0
RHNO1,1.2798755121349186e-05,6.72994775853803e-05,0.8333333333333334,0.14559895895504,4,0,0.02
TTC5,3.883829467019479e-05,3.438638811180584e-05,0.0,0.1752811594420562,2,0,0.0
MTHFS,0.0,0.00011486331265793706,0.0,0.00011487650775416428,1,0,0.0
ST20-MTHFS,0.0,0.00011486331265793706,0.0,0.00011487650775416428,1,0,0.0
IREB2,0.0001907169117647059,8.541426316201706e-05,0.0,0.13746941230943327,2,0,0.0
CIB2,0.0,9.645663757716625e-05,1.0,0.0003063373540111047,2,0,0.0
TMC1,0.0,0.00013838351326401336,0.6666666666666666,0.0003676048248133257,3,0,0.0
LHFPL5,0.0,0.0001859275556847977,0.3333333333333333,0.0004595060310166571,4,0,0.0
SRSF2,6.565973027699255e-06,9.250382259537306e-05,0.3333333333333333,0.14786533202211807,7,0,0.0
TNPO3,1.42259502673396e-05,3.664217283225757e-05,0.0,0.15384642762941791,2,0,0.0
PSIP1,0.00011416877320746581,8.356660093570916e-05,0.25,0.1746170387775627,8,0,0.0
U2AF1,2.0820599259324367e-05,6.768695457797738e-05,0.6666666666666666,0.14564928697403587,4,0,0.0
BRPF3,0.0,5.448286511201512e-05,1.0,0.16214302185208074,7,0,0.0
BRD1,0.0,5.448286511201512e-05,1.0,0.16214302185208074,7,0,0.0
BRPF1,3.629298277992578e-05,0.00011208715158035917,0.6147186147186147,0.17527595142091754,22,0,0.0
TANK,0.00011941259534440846,0.0001307307800158185,0.5277777777777778,0.18082048249823446,9,0,0.04
TBK1,0.0018689002021301643,0.00026618643726359053,0.22380952380952382,0.19226541363087155,21,0,0.0
IKBKE,0.000301947728731892,0.00016597685724847793,0.38461538461538464,0.18655010502252864,13,0,0.29
TBKBP1,2.629560657406441e-06,7.868897125924172e-05,0.6,0.15847537666619388,5,0,0.0
ZC3H12A,0.0,2.9592979189534168e-05,0.0,0.1482592530855865,1,0,0.0
IL1RN,0.0,5.8412450572904286e-05,1.0,0.1557268134690848,3,0,0.0
IL1R2,3.8449485839417733e-07,8.934799211372437e-05,0.8,0.15623824512070347,5,0,0.01
IL36A,0.0,4.318772908001192e-05,0.0,0.12691941352056632,1,0,0.0
IL1RL2,0.00027231886930684034,0.00014829975407842545,0.1,0.15005055250095134,5,0,0.0
IL36RN,0.0,4.318772908001192e-05,0.0,0.12691941352056632,1,0,0.0
BOP1,0.00012200094309749089,7.122271109895082e-05,0.4,0.14519043615610142,6,0,0.0
WDR12,0.00018812920773043584,8.210035441780969e-05,0.4666666666666667,0.14233188778223232,6,0,0.0
UGGT1,0.0018366268382352944,0.00011849488047233064,0.0,0.15278651699099716,3,0,0.0
UGGT2,0.0,5.291630675805615e-05,0.0,0.12887138003325835,1,0,0.0
SELENOF,0.0,5.291630675805615e-05,0.0,0.12887138003325835,1,0,0.0
GYPC,5.665417161383967e-05,4.146907394764481e-05,0.0,0.15421644413422567,2,0,0.0
EPB41,0.00021097112709454556,0.00015229815098793422,0.4444444444444444,0.1643795084855909,9,0,0.0
LRRC8A,0.0,0.00024201825823328782,0.0,0.0004595060310166571,4,0,0.0
LRRC8C,0.0,8.307457626409937e-05,0.0,0.00026257487486666117,1,0,0.0
LRRC8D,0.0,8.307457626409937e-05,0.0,0.00026257487486666117,1,0,0.0
LRRC8E,0.0,8.307457626409937e-05,0.0,0.00026257487486666117,1,0,0.0
LRRC8B,0.0,8.307457626409937e-05,0.0,0.00026257487486666117,1,0,0.0
TMOD1,3.492288974773002e-05,4.432171742204066e-05,0.0,0.15438999767129213,2,0,0.0
ADD1,4.524502588627446e-05,0.00013956982782434911,0.5714285714285714,0.15057142837874318,8,0,0.01
DAB2IP,0.0,4.26219767344596e-05,0.0,0.1210466495880166,1,0,0.0
DAB2,9.753970487981725e-05,8.940756228160648e-05,0.0,0.14191073687176506,3,0,0.0
ORM1,0.0,3.2339407640682274e-05,0.0,0.15252578914630266,1,0,0.0
GABBR2,0.00012699660994416553,0.00012078817844934563,0.16666666666666666,0.14447570279989227,4,0,0.0
GPR156,0.0,6.480180368231676e-05,1.0,0.12744863287003416,2,0,0.0
KCTD16,0.0,4.288623611107131e-05,0.0,0.12290789692937747,1,0,0.0
GABBR1,7.445579677153742e-05,0.00010302084692173776,0.3333333333333333,0.14997806984014442,4,0,0.0
PDCL,0.0,3.437029741068302e-05,0.0,0.14853176102886495,1,0,0.0
SRP54,0.00326835281778711,0.00013756547508234602,0.31868131868131866,0.1653331676295516,14,0,0.03
RPL17-C18orf32,0.0,2.4852334380025152e-05,1.0,0.15629619852747267,3,0,0.0
GNL2,4.159149449257222e-05,6.734659054303769e-05,0.4666666666666667,0.16431998387249028,10,0,0.0
CTSV,0.0,4.881445776461549e-05,0.0,0.11815425363074891,1,0,0.0
VCP,0.0035257908274946184,0.0004707408088564367,0.10153846153846154,0.1681705747483437,26,1,0.58
RNF38,0.0,4.9474258848365696e-05,1.0,0.1809203036564559,5,0,0.0
CXCR5,5.9270445255794156e-05,9.114766459306317e-05,0.3333333333333333,0.14721220355915354,7,0,0.0
CCL28,5.000928190495384e-06,7.77628011985058e-05,0.3333333333333333,0.11836050202693421,3,0,0.0
CD72,1.1506564433700357e-05,6.353828717899528e-05,0.0,0.14780605399570046,3,0,0.0
SEMA4D,1.951302187765994e-05,8.463631693185292e-05,0.16666666666666666,0.14620520028309708,4,0,0.0
KLC4,0.0,9.301431945222513e-05,1.0,0.13740857238411408,6,0,0.0
KIF5C,0.0010109740467331354,0.0001262150866910246,0.5277777777777778,0.16206729363505595,9,0,0.01
KLC2,8.04133099860994e-05,0.00010737661212278472,0.7619047619047619,0.1429423397955463,7,0,0.0
KIF5A,0.0,9.301431945222513e-05,1.0,0.13740857238411408,6,0,0.0
KIF5B,0.001661015973731819,0.00014817389304951797,0.41818181818181815,0.16249586593456192,11,0,0.0
KLC3,0.0,9.301431945222513e-05,1.0,0.13740857238411408,6,0,0.0
GCM1,0.0,0.00011486331265793706,0.0,0.00011487650775416428,1,0,0.0
GCM2,0.0,0.00011486331265793706,0.0,0.00011487650775416428,1,0,0.0
IFNB1,0.0002660128829653811,9.161075564407878e-05,0.2,0.17351788160785955,6,0,0.0
PELI1,5.764357823906973e-07,7.110081636147411e-05,0.6,0.17729885251930755,5,0,0.0
CAMSAP3,0.0,4.216404998840405e-05,1.0,0.1435685322354499,2,0,0.0
DCX,0.0,4.197773542960878e-05,1.0,0.1435685322354499,2,0,0.0
STMN4,7.46941351395456e-08,6.364495767520029e-05,0.8333333333333334,0.14564928697403587,4,0,0.0
KIF11,0.0,4.197773542960878e-05,1.0,0.1435685322354499,2,0,0.0
PRC1,0.0,5.854019270742664e-05,1.0,0.14357202640728195,3,0,0.0
MAPT,0.000978378590135686,6.431098898877453e-05,0.16666666666666666,0.1735280900433123,4,0,0.0
KIF2A,0.0,4.197773542960878e-05,1.0,0.1435685322354499,2,0,0.0
CAMSAP1,5.33726514963125e-08,6.319410029255714e-05,0.8333333333333334,0.14595198725870656,4,0,0.0
MAP7,0.0,4.197773542960878e-05,1.0,0.1435685322354499,2,0,0.0
KIF2C,9.535845588235295e-05,7.506204148516924e-05,0.3333333333333333,0.1435755207492005,3,0,0.0
KIF1A,0.0,4.216404998840405e-05,1.0,0.1435685322354499,2,0,0.0
KIF14,0.0,5.854019270742664e-05,1.0,0.14357202640728195,3,0,0.0
NDC80,0.0004409395592807497,0.0001362439153679748,0.23809523809523808,0.14636844455803294,7,0,0.0
KIF18A,0.0001907169117647059,7.98301161642983e-05,0.3333333333333333,0.14358250994334676,3,0,0.0
GTF2H2C,0.0,3.5445733769899446e-05,1.0,0.14317478328776276,5,0,0.0
POU5F1B,0.0,3.090461175650816e-05,0.0,0.15133626015963061,1,0,0.0
SOX17,0.0,3.090461175650816e-05,0.0,0.15133626015963061,1,0,0.0
CLPS,0.0,3.297228213285593e-05,0.0,0.0006304198596265113,1,0,0.0
KIR3DL2,2.574202967479454e-05,0.00013766690958012454,0.6363636363636364,0.15561589693527492,12,0,0.03
B2M,0.0022183087781258333,0.00043084620422053016,0.1827956989247312,0.17936353860021287,31,1,0.96
LILRB1,0.0016006066864386092,0.00012897740074329096,0.34545454545454546,0.17995995793234904,11,0,0.01
LILRB2,0.00016027592101742894,0.00012049974440948865,0.25,0.16664088759950285,8,0,0.0
FAM8A1,2.0271743708286572e-06,8.500196964458549e-05,0.8333333333333334,0.13886086862723981,4,0,0.0
TIRAP,1.7632258794963375e-05,9.146158664008008e-05,0.6666666666666666,0.18375502043492511,6,0,0.0
LY96,5.058211439466848e-05,0.00011505218598455901,0.47619047619047616,0.17867359525752366,7,0,0.02
TLR10,0.0,5.870453456880232e-05,1.0,0.15535361374229434,3,0,0.0
HSPA2,0.0,3.0012717734839115e-05,0.0,0.15534543163802603,1,0,0.0
TLR6,6.4018314084776765e-06,0.00011510736426797812,0.5238095238095238,0.16672095133319395,7,0,0.0
HSPA6,0.0,3.0012717734839115e-05,0.0,0.15534543163802603,1,0,0.0
TLR5,0.0,5.448288850403457e-05,1.0,0.1694361046938879,3,0,0.0
SCARB2,0.0006991880274766546,0.00016870092484890512,0.1111111111111111,0.17580876858265485,10,0,0.01
TLR9,4.410307744393289e-05,0.0001087451825859067,0.5238095238095238,0.18422558386753696,7,0,0.0
TLR1,3.3088182870663324e-06,8.646962113670495e-05,0.7,0.16428795001037125,5,0,0.0
CD14,3.9757971677519817e-07,7.381942276371697e-05,0.8333333333333334,0.16428337476390778,4,0,0.0
TOLLIP,7.677033236840432e-06,8.681809673770199e-05,0.5333333333333333,0.17542710979339224,6,0,0.0
HSPA1L,4.4110121169845895e-06,4.76410613239621e-05,0.6666666666666666,0.18038919396435696,3,0,0.0
USP2,0.0,4.0776906306050204e-05,1.0,0.18078169290007665,4,0,0.0
HTR3B,0.0,0.00010764294546944699,1.0,0.0003676048248133257,3,0,0.0
HTR3D,0.0,0.00010764294546944699,1.0,0.0003676048248133257,3,0,0.0
HTR3C,0.0,0.00014093864723008936,0.6666666666666666,0.0004595060310166571,4,0,0.0
HTR3A,0.0,0.00014093864723008936,0.6666666666666666,0.0004595060310166571,4,0,0.0
MMP7,0.0,3.062025495691508e-05,0.0,0.1600273287855682,1,0,0.0
POU2F3,0.0,6.913125296774595e-05,1.0,0.13279353985598452,2,0,0.0
POU2F2,0.0,6.913125296774595e-05,1.0,0.13279353985598452,2,0,0.0
POU2F1,0.0002868533681240825,0.0001295512234514007,0.1,0.1583265095955984,5,0,0.0
FDX1,0.0001907169117647059,9.975779490113122e-05,0.3333333333333333,0.14516185395497813,3,0,0.0
FDXR,0.0,7.995085239227786e-05,1.0,0.12340670727213089,2,0,0.0
CYP11A1,0.0,7.995085239227786e-05,1.0,0.12340670727213089,2,0,0.0
ARHGAP20,0.0,3.4975169247808364e-05,0.0,0.1494499245293474,1,0,0.0
UNC13C,0.0,4.386245222404792e-05,1.0,0.13850874433018082,2,0,0.0
UNC13A,0.0004954978204071083,8.14621200032829e-05,0.5,0.16335079946341763,5,0,0.0
UNC13B,0.0014319439601501798,0.0001353886708509052,0.3333333333333333,0.16649978608587077,9,0,0.0
SDC1,0.0037817111588372932,0.00019177188445603551,0.16666666666666666,0.18886749763150418,13,0,0.0
CD47,0.0005002279268093994,0.00021114489863011503,0.07692307692307693,0.17388101812834997,13,0,0.0
ECSIT,0.0035704095701188745,8.615696180341963e-05,0.3,0.1777851005401405,5,0,0.02
TMEM126B,0.0,4.91411104113362e-05,1.0,0.1472232254616387,3,0,0.0
ACAD9,0.0,4.91411104113362e-05,1.0,0.1472232254616387,3,0,0.0
KIF23,0.00012997984121967352,9.453746464202733e-05,0.3333333333333333,0.13607730896686124,3,0,0.0
ECT2,0.0,6.729824624781458e-05,1.0,0.13502763736088633,2,0,0.0
ARF6,0.00372112185702531,0.00017661396299537617,0.0,0.13826850321166326,6,0,0.03
RACGAP1,0.00037530469103681476,0.00013484984028204353,0.1,0.16109362410285374,5,0,0.0
MZT2A,0.0,6.902220953167183e-05,0.9,0.14784309719110802,5,0,0.0
RMDN3,0.00038931080110263884,0.00015369774579593838,0.0,0.09145588386441351,3,0,0.0
VAPB,0.00020092664288886414,0.00015935514543782476,0.0,0.08237108217468724,3,0,0.0
OSBPL5,0.00048397991874969774,9.086866958084582e-05,0.0,0.10283246907614965,2,0,0.0
OSBPL8,0.0,6.091558227255665e-05,0.0,0.0823124648865224,1,0,0.0
ITPKA,8.511962614588478e-05,0.00010115439184993304,0.5333333333333333,0.1631384795636726,6,0,0.0
ITPKB,1.1002830256884198e-05,7.727322239219912e-05,0.8333333333333334,0.15339038486198972,4,0,0.01
MINPP1,0.0,6.441334375652621e-05,1.0,0.13616525681560376,3,0,0.0
ITPKC,1.1002830256884198e-05,7.727322239219912e-05,0.8333333333333334,0.15339038486198972,4,0,0.01
PLCB2,0.0,3.13056797827632e-05,0.0,0.14828906817381163,1,0,0.0
ADAM10,0.00029813974299101973,0.00018895963723198115,0.0,0.14266578202670924,5,0,0.0
TSPAN33,0.0,5.251314418251844e-05,0.0,0.12159556872289239,1,0,0.0
ADAM17,1.2508516427508112e-05,7.973911545903494e-05,0.0,0.14032749942962086,2,0,0.0
TSPAN5,0.0,5.251314418251844e-05,0.0,0.12159556872289239,1,0,0.0
TSPAN14,0.0,5.251314418251844e-05,0.0,0.12159556872289239,1,0,0.0
ZNF593,6.042056580718009e-11,2.912551296278894e-05,0.6666666666666666,0.13964650761125869,3,0,0.0
GCHFR,0.0,0.00011486331265793706,0.0,0.00011487650775416428,1,0,0.0
GCH1,0.0,0.00011486331265793706,0.0,0.00011487650775416428,1,0,0.0
BCAR3,0.0,2.8737896053468728e-05,0.0,0.15654505801083782,1,0,0.0
KYAT3,0.0,0.00016719771485144538,0.5,0.0005169442848937392,4,0,0.01
KYAT1,0.0,0.00021177009796332643,0.3,0.0005907934684499876,5,0,0.0
CBS,0.0,0.00013719006361542682,0.3333333333333333,0.00045950603101665706,3,0,0.04
CTH,0.0,8.934070032692056e-05,1.0,0.0003759594799227194,2,0,0.0
AADAT,0.0,8.934070032692056e-05,1.0,0.0003759594799227194,2,0,0.0
SELENOI,0.0,9.367082172871192e-05,0.0,0.00015316867700555236,1,0,0.0
PREB,0.0,9.367082172871192e-05,0.0,0.00015316867700555236,1,0,0.0
MIA2,0.0,0.00015724829451638727,0.0,0.00022975301550832856,2,0,0.0
LRPPRC,0.0,0.00011486331265793706,0.0,0.00011487650775416428,1,0,0.0
SLIRP,0.0,0.00011486331265793706,0.0,0.00011487650775416428,1,0,0.0
CYP2C9,0.0009654181985294118,0.00014456150298781728,0.5,0.09906274531935719,4,0,0.03
CYP2C8,0.0,0.00011269642420491972,0.6666666666666666,0.08842883257416281,3,0,0.0
CYP2C19,0.0,7.985951420580166e-05,1.0,0.08842485604038795,2,0,0.0
CYP2B6,0.0022159926470588236,0.0001430299515787139,0.3333333333333333,0.11259734345636467,4,0,0.01
CYP2J2,0.0010610064338235294,0.00018157199034125838,0.3,0.09906440889740044,5,0,0.0
UNC119B,0.00212109375,0.00010794364993617525,0.0,0.09820682261807287,2,0,0.01
FUT2,9.535845588235295e-05,7.452580657265961e-05,0.0,0.12877291903563418,2,0,0.0
TICRR,9.535845588235295e-05,6.607029010922062e-05,0.0,0.14529771972961578,2,0,0.0
MDC1,0.0021149015450625903,8.422944463528868e-05,0.3333333333333333,0.17737348671063807,9,0,0.0
CLSPN,1.5739167752832163e-05,8.152305336369772e-05,0.6071428571428571,0.15143727013971353,8,0,0.0
CHEK1,1.4357386505473328e-05,5.326185148025981e-05,0.3333333333333333,0.15583377152350816,4,0,0.0
UIMC1,0.000894550660995812,0.00010495612541840625,0.3626373626373626,0.19040984542211037,14,0,0.0
OLA1,0.0,2.133089310552705e-05,0.0,0.15959007198956826,1,0,0.0
ABRAXAS1,0.0,5.14876898692891e-05,1.0,0.1737734533544172,6,0,0.0
BABAM1,0.0004544190854313804,7.290881631000229e-05,0.7142857142857143,0.17390664841904427,8,0,0.01
METTL5,0.0,4.0877388427341935e-05,0.0,0.12174865170417522,1,0,0.0
TRMT112,0.0002877463960826347,0.00012955018921198511,0.0,0.14287656028440227,5,0,0.0
CHRNE,0.0,9.367082172871192e-05,0.0,0.00015316867700555236,1,0,0.0
RSL1D1,1.498769095729694e-05,5.4702712688861965e-05,0.0,0.12177127035386014,2,0,0.0
EBNA1BP2,0.004166314726299541,0.00017050516243090257,0.15555555555555556,0.15523914265848424,10,0,0.06
SPP1,0.0007422064840267158,0.0001483899489405801,0.19444444444444445,0.1770275011560304,9,0,0.01
MFGE8,0.0,2.7279465510243262e-05,0.0,0.14616897321528324,1,0,0.0
SLC40A1,9.535845588235295e-05,0.00010866560652802442,0.3333333333333333,0.11599133707622007,3,0,0.0
HAMP,0.0,4.846912774126655e-05,0.0,0.10166808715547973,1,0,0.0
HEPH,3.1135110294117648e-06,9.501710450803572e-05,0.6666666666666666,0.1165896677870704,3,0,0.0
COL8A1,0.0,3.527141091135881e-05,0.0,0.14180498608226924,1,0,0.0
COX17,0.0,6.605910742767014e-05,0.0,0.09401085947222108,1,0,0.0
PQBP1,1.5231981564250175e-07,2.527939997764805e-05,0.0,0.1432234490876566,2,0,0.0
GUCY2C,0.0,8.777294783640112e-05,0.0,0.09982379932350285,2,0,0.0
GUCA2A,4.7679227941176475e-05,8.550783896494678e-05,0.0,0.11359253294736195,2,0,0.0
GUCA2B,4.7679227941176475e-05,8.550783896494678e-05,0.0,0.11359253294736195,2,0,0.0
INTS13,0.0,9.537989287320472e-05,0.8444444444444444,0.1334695556591339,10,0,0.03
INTS7,1.0696013209476107e-07,0.00010342165908417944,0.8545454545454545,0.1349627632986891,11,0,0.0
INTS11,2.2465508075778785e-05,0.00010384786974106106,0.9090909090909091,0.13983850707650589,11,0,0.01
INTS10,5.025010826718392e-08,7.052989688245935e-05,0.9523809523809523,0.1349504134015602,7,0,0.01
INTS3,0.001931460815823839,0.00018127149821571927,0.4852941176470588,0.1349812923831865,17,0,0.08
INTS14,5.025010826718392e-08,8.663498102652358e-05,0.8888888888888888,0.13495658806758942,9,0,0.01
INTS2,2.3529530741102693e-05,0.00011212614171654085,0.8636363636363636,0.13984182204206336,12,0,0.0
INTS1,0.0006994905999818614,0.00016225339946677282,0.49122807017543857,0.1583265095955984,19,0,0.01
INTS4,2.2465508075778785e-05,0.00010384786974106106,0.9090909090909091,0.13983850707650589,11,0,0.01
GYG2,0.0,7.56621886786412e-05,1.0,0.1067263839672607,3,0,0.0
ABCC9,0.0,9.518574593329277e-05,1.0,0.00026257487486666117,2,0,0.0
KCNJ11,0.0,0.00013808321459358864,0.6666666666666666,0.0003676048248133257,3,0,0.01
KCNJ8,0.0,0.00013808321459358864,0.6666666666666666,0.0003676048248133257,3,0,0.01
FGF1,0.00043098792484896767,0.00012695328374911894,0.3333333333333333,0.16092223855699714,9,0,0.0
DNAJC5,0.00016960415874682968,4.0696376089372676e-05,0.0,0.16515727143239825,2,0,0.0
S100A13,0.00013823289098594514,7.339608088894685e-05,0.16666666666666666,0.14912878683981093,4,0,0.0
RAB21,0.0,2.8904386575368667e-05,0.0,0.15039101137087063,1,0,0.0
RABGEF1,0.002198788845587757,0.00010973610515384468,0.32142857142857145,0.18400147913357456,8,0,0.02
LYZ,0.0,0.00011486331265793706,0.0,0.00011487650775416428,1,0,0.0
LYZL1,0.0,0.00011486331265793706,0.0,0.00011487650775416428,1,0,0.0
GALC,0.0,0.00011486331265793706,0.0,0.00011487650775416428,1,0,0.0
UGT8,0.0,0.00011486331265793706,0.0,0.00011487650775416428,1,0,0.0
PPWD1,0.0,2.067606469897135e-05,0.0,0.14476998677290667,1,0,0.0
PEBP1,0.0,9.367082172871192e-05,0.0,0.00015316867700555236,1,0,0.0
ALOX15,0.0,0.00015724829451638727,0.0,0.00022975301550832856,2,0,0.0
WNT1,7.319547070436984e-05,8.353278307928486e-05,0.3333333333333333,0.14819965886251477,4,0,0.0
WNT2,0.0,4.714990654614986e-05,1.0,0.14817732337852355,2,0,0.0
PTH1R,0.0002988205260707362,0.00012882853259280397,0.26666666666666666,0.1566573035113236,6,0,0.0
RSPO1,0.0007628676470588236,0.0001506128734982029,0.4666666666666667,0.1481847677917657,6,0,0.0
SOST,0.0,4.714990654614986e-05,1.0,0.14817732337852355,2,0,0.0
FZD5,5.996225552431366e-06,0.00011772005803267736,0.2857142857142857,0.15069836303544262,7,0,0.0
FZD7,0.0014349082184774416,0.00017134656731538367,0.14545454545454545,0.17724025541635072,11,0,0.0
LMNB1,2.4042832977712303e-05,9.90268419249713e-05,0.5,0.14916649609382257,5,0,0.0
EMD,0.0006563236236248644,0.00015386517947192923,0.16666666666666666,0.17658237558063883,9,0,0.0
LMNB2,1.5863315334972574e-06,6.692813564515318e-05,0.6666666666666666,0.136297391950796,3,0,0.0
LBR,0.0001516868992677727,0.00010560535804687027,0.1,0.15335449660806408,5,0,0.0
SUN1,0.00036783081989216136,0.00019771645997386007,0.2909090909090909,0.15654505801083782,11,0,0.0
LMNA,0.00022290275702580982,0.00015496310612497492,0.3333333333333333,0.15743494585061119,9,0,0.0
SNCAIP,0.00011625888998277507,5.30626837195317e-05,0.3333333333333333,0.17026257456698707,3,0,0.0
PRKN,0.0016628657750168984,0.00017178864575976863,0.21978021978021978,0.1907731524811591,14,0,0.0
DNAH3,0.0,0.00011486331265793704,1.0,0.0006892590465249856,6,0,0.0
DNAH8,0.0,0.00011486331265793704,1.0,0.0006892590465249856,6,0,0.0
DNAH17,0.0,0.00011486331265793704,1.0,0.0006892590465249856,6,0,0.0
DNAH7,0.0,0.00011486331265793704,1.0,0.0006892590465249856,6,0,0.0
DNAH1,0.0,0.00011486331265793704,1.0,0.0006892590465249856,6,0,0.0
CFAP70,0.0,0.00011486331265793704,1.0,0.0006892590465249856,6,0,0.0
DNAH2,0.0,0.00011486331265793704,1.0,0.0006892590465249856,6,0,0.0
VWF,0.0003911147323938357,0.0001405490224138432,0.16666666666666666,0.1742611196095475,9,0,0.0
GP1BA,0.00028830281950586057,0.00015320852946672855,0.2,0.16670681684910418,10,0,0.01
GP1BB,6.522256426706055e-05,9.694290184326927e-05,0.4666666666666667,0.16981166472904807,6,0,0.0
LPCAT3,0.0,8.197411348742402e-05,0.6,0.11557320287258338,5,0,0.0
MBOAT1,0.000752542892156863,0.0001371860397015571,0.6944444444444444,0.11558452536439055,9,0,0.03
LPCAT1,0.0010056832107843143,0.00017562472701201963,0.509090909090909,0.13441230908271967,11,0,0.04
MBOAT2,0.000752542892156863,0.0001371860397015571,0.6944444444444444,0.11558452536439055,9,0,0.03
LPCAT4,0.002604442401960775,0.0001764356843037897,0.5,0.1344153717734728,12,0,0.11
LPCAT2,0.0009103247549019565,0.0001502507067850701,0.6222222222222222,0.13440924653153183,10,0,0.1
HEXB,0.0,0.0001590853187387633,0.5,0.0004595060310166571,4,0,0.0
HEXD,0.0,8.538197527071953e-05,1.0,0.0003063373540111047,2,0,0.0
HEXA,0.0,0.0001590853187387633,0.5,0.0004595060310166571,4,0,0.0
B3GALNT1,0.0,8.538197527071953e-05,1.0,0.0003063373540111047,2,0,0.0
B4GALNT1,0.0,8.538197527071953e-05,1.0,0.0003063373540111047,2,0,0.0
UBE2K,0.00027713758264249827,5.214933944192043e-05,0.6,0.18583314708361898,5,0,0.0
KLF3,0.0,4.0439221362927416e-05,1.0,0.14950295050490145,2,0,0.0
CTBP2,2.384778102314314e-05,9.476966731166616e-05,0.47619047619047616,0.16906704749003784,7,0,0.01
CTBP1,0.00047465345593075605,0.0001786786668962834,0.23076923076923078,0.18266821765722427,13,0,0.01
CASQ2,7.326942629331703e-07,9.830214196949822e-05,0.8,0.13780338770842837,6,0,0.0
RYR1,0.0003244431501675854,0.00021418977036926455,0.3416666666666667,0.16502328645823147,16,0,0.02
CASQ1,7.326942629331703e-07,9.830214196949822e-05,0.8,0.13780338770842837,6,0,0.0
ASPH,0.00023938854504438806,9.34970151142118e-05,0.6,0.13983519226810792,5,0,0.0
RYR2,0.0007129227294109568,0.0002279745331950108,0.325,0.1651110451472907,16,0,0.0
RYR3,2.461706668348715e-05,9.027411069045356e-05,0.7333333333333333,0.1632694201938059,6,0,0.0
PPP2R3C,0.0,3.146815164131271e-05,0.0,0.13655611058178202,1,0,0.0
MAN2A1,0.0,0.00011486331265793706,0.0,0.00011487650775416428,1,0,0.0
MAN2A2,0.0,0.00011486331265793706,0.0,0.00011487650775416428,1,0,0.0
ATXN7-2,0.0,3.473647466078885e-05,1.0,0.15299256758707405,4,0,0.0
RORA,0.0004698862834564571,9.073557201603967e-05,0.13333333333333333,0.17880357119975754,6,0,0.0
RORC,2.0750083113623693e-05,9.169134476116038e-05,0.2,0.15915519819296914,6,0,0.0
NRIP1,4.278824042567803e-05,6.323974601898378e-05,0.16666666666666666,0.1745602006575842,4,0,0.0
RORB,0.0,4.313630172490472e-05,1.0,0.14764328422030787,2,0,0.0
POMT2,0.0,0.00011486331265793706,0.0,0.00011487650775416428,1,0,0.0
POMT1,0.0,0.00011486331265793706,0.0,0.00011487650775416428,1,0,0.0
RAD51C,0.00019638120041649493,0.00013141066694709124,0.5555555555555556,0.156234107236146,9,0,0.01
DSC3,0.0,4.420178816819885e-05,0.0,0.11127834114959634,1,0,0.0
LPIN2,0.0,9.479418186672463e-05,1.0,0.12977006073787675,6,0,0.0
PLPP4,0.0,9.479418186672463e-05,1.0,0.12977006073787675,6,0,0.0
LPIN1,0.00012129525132413221,0.00010685429613099382,0.7142857142857143,0.14339404023001048,7,0,0.0
LPIN3,0.0,9.479418186672463e-05,1.0,0.12977006073787675,6,0,0.0
PLPP5,0.0,9.479418186672463e-05,1.0,0.12977006073787675,6,0,0.0
MIS12,0.00030876113379764306,0.00010991763726560418,0.47619047619047616,0.14453942177792373,7,0,0.0
NUF2,0.0,7.877998720375631e-05,1.0,0.12428027263772808,3,0,0.0
KNL1,0.0001732229968594597,0.0001237413791733451,0.32142857142857145,0.14285580038316464,8,0,0.0
SPC24,0.0,7.877998720375631e-05,1.0,0.12428027263772808,3,0,0.0
SPC25,0.0,7.877998720375631e-05,1.0,0.12428027263772808,3,0,0.0
TRIM14,0.0,2.1301552562957607e-05,0.0,0.15100697353186743,1,0,0.0
HERC2,0.0001907169117647059,0.00013359870192697218,0.0,0.1357453901793129,3,0,0.0
USP35,0.0,5.901348432168696e-05,0.0,0.11653208923042158,1,0,0.0
DOCK10,0.00028607536764705885,8.719463821354253e-05,0.3333333333333333,0.16252720467881862,3,0,0.0
MYT1,0.0,5.901348432168696e-05,0.0,0.11653208923042158,1,0,0.0
SLC7A5,0.0,4.935004599146097e-05,0.0,0.12782421280655257,1,0,0.0
POLDIP2,0.0,2.9100762473772646e-05,0.0,0.14027744562866862,1,0,0.0
ARL1,0.0001907169117647059,0.00014638189261469628,0.0,0.12011009938148798,3,0,0.0
GOLGA4,0.0,6.408820974517403e-05,0.0,0.10481862543795023,1,0,0.0
ARFGEF1,0.0,6.408820974517403e-05,0.0,0.10481862543795023,1,0,0.0
ARFIP2,0.00028607536764705885,7.810220058130758e-05,0.0,0.14061181372064932,2,0,0.0
TNFRSF13B,6.543265898071684e-05,9.672406641172714e-05,0.0,0.13328861270329434,3,0,0.0
CAMLG,0.00012530692198735584,0.00011778094171771507,0.16666666666666666,0.1364581869308906,4,0,0.0
KPNA3,0.0,4.304334556330027e-05,1.0,0.1515539877973076,2,0,0.0
KPNA1,0.000253557478867006,0.00010471118160288926,0.09523809523809523,0.17410168583131366,7,0,0.0
MPDZ,3.99517693634595e-06,7.322355405867246e-05,0.6666666666666666,0.15556665139827006,4,0,0.0
MPP4,0.0,3.278639343602126e-05,0.0,0.1293205765745002,1,0,0.0
CRB1,0.0,6.78928590550907e-05,1.0,0.1343694460621931,3,0,0.0
PATJ,0.001932429011381213,0.00020427151347984253,0.16363636363636364,0.15844983671830246,11,0,0.0
CRB2,0.0,6.78928590550907e-05,1.0,0.1343694460621931,3,0,0.0
LIN7A,7.605574781497786e-05,8.789787458650822e-05,0.3333333333333333,0.14371543403957418,4,0,0.0
AMOT,0.001220479337894882,0.0002063329197904197,0.19230769230769232,0.18087037930468805,13,0,0.0
CDK2AP1,0.0,2.517316263066141e-05,0.0,0.14086700148106124,1,0,0.0
THBS2,4.85931334146471e-07,5.809388320881435e-05,0.0,0.14972683116379606,3,0,0.0
TAOK1,0.0,0.00011486331265793706,1.0,0.00022975301550832856,2,0,0.0
TAOK3,0.0,0.00011486331265793706,1.0,0.00022975301550832856,2,0,0.0
TAOK2,0.0,0.00011486331265793706,1.0,0.00022975301550832856,2,0,0.0
ALDH2,0.0,0.00011486331265793706,1.0,0.00022975301550832856,2,0,0.0
ALDH1B1,0.0,0.00011486331265793706,1.0,0.00022975301550832856,2,0,0.0
ALDH3A2,0.0,0.00011486331265793706,1.0,0.00022975301550832856,2,0,0.0
NAA25,0.0,0.00011486331265793706,0.0,0.00011487650775416428,1,0,0.0
NAA20,0.0,0.00011486331265793706,0.0,0.00011487650775416428,1,0,0.0
CHRNB4,0.0,0.00014241442475333317,1.0,0.0008176504375443458,6,0,0.0
CHRNA7,2.297794117647059e-07,0.00017403524028567524,0.7142857142857143,0.0008687535898908674,7,0,0.02
CHRNA4,0.0,0.00014241442475333317,1.0,0.0008176504375443458,6,0,0.0
CHRNB2,0.0,0.00014241442475333317,1.0,0.0008176504375443458,6,0,0.0
CHRNA2,2.068014705882353e-06,0.00017712762528163884,0.7142857142857143,0.0009266704958835918,7,0,0.03
CHRNA3,2.297794117647059e-07,0.00017403524028567524,0.7142857142857143,0.0008687535898908674,7,0,0.02
FLOT1,1.1557782546802655e-05,7.310785984015663e-05,0.6666666666666666,0.16469617011062596,4,0,0.0
FLOT2,1.153466698170905e-05,7.310785984015663e-05,0.6666666666666666,0.16469617011062596,4,0,0.0
OCLN,0.00027391675422907055,0.000247044117430694,0.2647058823529412,0.17155990754754694,17,0,0.03
CDH3,0.00021429257981324254,0.00010447795720739884,0.23809523809523808,0.18358346313828156,7,0,0.0
AJAP1,0.0,2.943952450732951e-05,0.0,0.16039717823216054,1,0,0.01
ITGAE,3.7125842656247307e-06,3.874096873831519e-05,0.0,0.1637816486485202,2,0,0.0
SLCO6A1,2.238051236496504e-05,5.4088444159637524e-05,0.0,0.1611508337710321,2,0,0.0
CDH2,0.0008917737566490111,0.00016037502736687462,0.23636363636363636,0.18742136365440512,11,0,0.02
ARG2,0.0,0.00011486331265793706,0.0,0.00011487650775416428,1,0,0.0
ARG1,0.0,0.00011486331265793706,0.0,0.00011487650775416428,1,0,0.0
IL17B,0.0,4.4103539473142476e-05,0.0,0.10217700871275853,1,0,0.0
IL17RB,9.535845588235295e-05,0.00015641061132396517,0.3,0.11665422335862684,5,0,0.0
PFDN1,0.0,6.859070961452539e-05,0.7619047619047619,0.14751037536001604,7,0,0.0
VBP1,0.0,6.857750642271698e-05,0.8095238095238095,0.14751037536001604,7,0,0.0
PFDN5,0.0,7.565418965795279e-05,0.7857142857142857,0.14751406404157041,8,0,0.0
NEK2,0.0,6.384778566182371e-05,1.0,0.15688645038755356,11,0,0.0
RGS7,9.535845588235295e-05,7.557895828878663e-05,0.0,0.14123799700774298,2,0,0.0
RGS6,0.0,3.319630272283302e-05,0.0,0.14123123419335873,1,0,0.0
RGS9BP,0.0,5.794402526703789e-05,1.0,0.14123461551959396,2,0,0.0
RGS9,0.0,5.794402526703789e-05,1.0,0.14123461551959396,2,0,0.0
RGS11,0.0,3.319630272283302e-05,0.0,0.14123123419335873,1,0,0.0
MAPK6,1.022491018321973e-05,5.441814412329001e-05,0.0,0.14324083774912952,2,0,0.0
APH1B,0.0,9.541004168159246e-05,1.0,0.15248242099471143,5,0,0.0
PSEN2,0.00023935030326728768,0.00015026567922109065,0.39285714285714285,0.15513299902757063,8,0,0.0
NCSTN,0.0003151463341370326,0.00014568526062969087,0.5357142857142857,0.16796945959630982,8,0,0.26
PSEN1,0.0034131988846988603,0.00025878834800801507,0.175,0.18665044837912992,16,0,0.0
PSENEN,9.375894435749171e-07,0.00011570208419839492,0.8666666666666667,0.15249818837790247,6,0,0.04
APH1A,9.375894435749171e-07,0.00011570208419839492,0.8666666666666667,0.15249818837790247,6,0,0.04
TIPIN,6.263126696667175e-06,9.534947631231778e-05,0.7818181818181819,0.14768024586362252,11,0,0.0
TRIP4,0.0,9.416108205802443e-05,1.0,0.0002584721424468696,2,0,0.0
ASCC2,0.0,0.00013556554325784966,0.6666666666666666,0.0003446295232624928,3,0,0.0
ASCC3,0.0,0.00013556554325784966,0.6666666666666666,0.0003446295232624928,3,0,0.0
SNX1,1.462858439234153e-05,0.00014164949098024554,0.8055555555555556,0.12900383618400982,9,0,0.15
TBC1D5,0.0,0.00012644581618904797,0.9285714285714286,0.12900101513311907,8,0,0.0
SNX2,8.761621813024285e-05,0.00015844383693797105,0.6666666666666666,0.13434496517928493,10,0,0.2
VPS26B,0.0,9.87620260974505e-05,1.0,0.1289953734014651,6,0,0.01
SNX6,1.462858439234153e-05,0.00012746982122366723,0.8571428571428571,0.12900101513311907,8,0,0.03
SNX32,0.0,7.12257761226003e-05,1.0,0.11550531447803887,4,0,0.0
SNX5,1.462858439234153e-05,0.00012746982122366723,0.8571428571428571,0.12900101513311907,8,0,0.03
RAB8A,0.0029278924216120904,0.00029873560471745363,0.0641025641025641,0.1656023642979732,13,0,0.08
RAB3IP,0.0008697179689548106,9.419886424231417e-05,0.3333333333333333,0.14392932760021473,4,0,0.0
RAB11FIP3,0.0019350510559761698,0.00013322905599704376,0.1,0.15473016186288266,5,0,0.0
ZFYVE27,0.0,3.634834341783251e-05,0.0,0.13958702872677886,1,0,0.0
MYO5B,5.31602781035324e-05,9.054754409283672e-05,0.6666666666666666,0.1594132528313039,4,0,0.0
SH3BP5,0.0,3.634834341783251e-05,0.0,0.13958702872677886,1,0,0.0
DENND5A,6.815856830508037e-05,5.871364464449075e-05,0.0,0.14230785277356042,2,0,0.0
MYO5A,0.0007731580650746075,0.00017588404043662506,0.2,0.13973251109795584,5,0,0.0
HEXIM1,0.0001311291156428912,7.758794159360432e-05,0.5,0.14784309719110802,5,0,0.0
SCN2A,0.000734085536359437,0.00017955993080747242,0.2,0.16607323614263114,10,0,0.0
LOXL1,0.0,5.207066888800795e-05,0.0,0.12120333301190445,1,0,0.0
FBLN5,9.531931510078982e-05,8.020558681000389e-05,0.0,0.14212613648683084,2,0,0.0
FLT4,4.097575907779323e-05,0.00012043285957763185,0.42857142857142855,0.17511985456932855,8,0,0.03
VEGFC,2.5156893784890117e-06,9.703956989868578e-05,0.7333333333333333,0.16709402393559938,6,0,0.0
PGF,5.1634628135592724e-06,9.897981732405584e-05,0.7333333333333333,0.1675258404856843,6,0,0.0
VEGFB,2.7626631409526147e-06,0.00011277167473377919,0.7142857142857143,0.16751632602647737,7,0,0.0
VEGFD,3.829656862745098e-08,8.247080217315677e-05,0.9,0.1669710563550071,5,0,0.03
UBXN7,2.954743797886339e-05,0.00010043210610858031,0.8,0.1550066327094201,6,0,0.02
UBXN1,4.851008913413242e-05,0.00014797380945486745,0.5555555555555556,0.14585455361657562,9,0,0.0
UBAC2,0.0,3.338915282872406e-05,0.0,0.1287588654593998,1,0,0.0
SERPINA10,0.0,0.00011486331265793706,0.0,0.00011487650775416428,1,0,0.0
PROZ,0.0,0.00011486331265793706,0.0,0.00011487650775416428,1,0,0.0
SPAG9,0.00019063863020157964,9.152112944499717e-05,0.0,0.11839613489257202,2,0,0.01
PIP4P1,9.535845588235295e-05,0.00010945936076098594,0.0,0.10351455431007231,2,0,0.0
IARS2,0.0,9.592519511701342e-05,1.0,0.13913926506645283,8,0,0.0
MARS2,0.0,9.592519511701342e-05,1.0,0.13913926506645283,8,0,0.0
RAB5C,0.0,7.083107250802796e-05,1.0,0.15706606904048143,4,0,0.0
RAB5B,0.0,7.083107250802796e-05,1.0,0.15706606904048143,4,0,0.0
RUBCN,0.001983448680481088,8.010102250846499e-05,0.5,0.15970240459749854,4,0,0.0
ABL1,0.0017587709676441794,0.0002171946056555981,0.08974358974358974,0.19151015878396263,13,0,0.0
ATF1,0.0,2.8224911668517496e-05,0.0,0.15713719456121042,1,0,0.0
RAB27B,0.0,8.272623978695892e-05,1.0,0.10563511605584128,2,0,0.0
MLPH,4.1311619722608894e-05,0.00011505051939251129,0.6666666666666666,0.11980761649584468,3,0,0.19
DBF4,0.0,3.37827528246576e-05,1.0,0.12725892397847915,2,0,0.0
MYOM2,0.0013100297916869867,0.00011315268948774453,0.23809523809523808,0.18612044237332073,7,0,0.03
RBL2,4.894763659813536e-05,0.0001042394731623868,0.4444444444444444,0.1719650017788713,9,0,0.0
RBL1,1.3434967981930347e-06,7.71624496204331e-05,0.7333333333333333,0.15718743960730105,6,0,0.0
E2F5,1.602531827276797e-05,7.782939825430076e-05,0.6,0.1662979567846644,6,0,0.0
E2F4,0.0001113296797142655,0.00014629561247514624,0.2948717948717949,0.17669873958431634,13,0,0.05
PAFAH1B2,0.0,0.00010774374813311643,1.0,0.1343786286936468,7,0,0.0
LPGAT1,0.0,6.954860478263061e-05,1.0,0.11557546719347978,4,0,0.0
PAFAH2,0.0,0.00010774374813311643,1.0,0.1343786286936468,7,0,0.0
PAFAH1B3,0.0,0.00010774374813311643,1.0,0.1343786286936468,7,0,0.0
PAFAH1B1,0.0017175221591683902,0.00014410625779097484,0.4888888888888889,0.14792836704504742,10,0,0.01
WIPI1,1.1488970588235294e-07,9.205187242895562e-05,0.6666666666666666,0.12784360403576708,4,0,0.0
TECPR1,4.352380317516634e-05,7.581525810090891e-05,0.6666666666666666,0.15087180104916625,4,0,0.0
ATG2B,4.7564338235294116e-05,9.975791827827848e-05,0.6666666666666666,0.12784360403576708,4,0,0.0
ATG2A,4.765965755039491e-05,9.975791827827848e-05,0.6666666666666666,0.12784360403576708,4,0,0.0
WIPI2,0.0019829007258656954,0.00013097450206927408,0.42857142857142855,0.151328495742199,7,0,0.0
USP15,7.43915657312561e-05,5.808284925230733e-05,0.3333333333333333,0.1792218569352089,4,0,0.0
SMURF2,0.0005838201351159512,0.00012024598103508814,0.2727272727272727,0.1904774756545819,11,0,0.0
SMAD6,1.3502890048686098e-06,5.956269060698079e-05,0.5,0.16514802410477047,4,0,0.0
RNF111,1.400500232516093e-05,3.9648427002565736e-05,0.0,0.15914231739026655,2,0,0.0
SMURF1,2.4675616272726074e-05,7.271897118536146e-05,0.3,0.16236616263961248,5,0,0.0
SMAD5,1.2192297498168832e-06,7.291230415514813e-05,0.9,0.16807953446227317,5,0,0.0
SMAD9,1.2192297498168832e-06,7.291230415514813e-05,0.9,0.16807953446227317,5,0,0.0
FOXH1,4.4408182980388436e-05,6.38771735094399e-05,0.5,0.16818016367380548,4,0,0.0
SKIL,0.0,4.80786435026815e-05,1.0,0.16806516869009688,3,0,0.0
LEMD3,1.9675199843398442e-05,4.900336981789093e-05,0.3333333333333333,0.163111414616557,3,0,0.0
HMGA2,3.5680814132447185e-05,6.746263743800979e-05,0.5,0.16854053944237024,4,0,0.0
TGIF1,0.0017414981617647062,6.701868432575885e-05,0.0,0.16010550742359617,2,0,0.0
PMEPA1,1.0507931183195017e-05,4.1489356061503546e-05,0.0,0.16509256187793578,2,0,0.0
SKI,0.0,3.816049899418679e-05,1.0,0.16162768976443645,2,0,0.0
SMAD1,1.3524249269482308e-05,0.00010164370269703397,0.38095238095238093,0.16667855506957507,7,0,0.0
ZFYVE9,0.00013649123284677098,6.637429466325885e-05,0.3333333333333333,0.16826171371181153,4,0,0.0
LEF1,0.00021044028206230846,0.000122681984309243,0.43636363636363634,0.19269247471818127,11,0,0.0
SMAD4,0.00031159866410282943,0.00024204257306171753,0.21052631578947367,0.19165326254133858,20,0,0.02
VIPR2,3.986053109301364e-05,0.00011290344439626138,0.5,0.152853818594626,5,0,0.0
ADCYAP1,1.773218250638837e-06,7.418663396895365e-05,0.3333333333333333,0.13562991265513405,3,0,0.0
VIPR1,0.0020921575695460235,0.00012597059446612928,0.3333333333333333,0.16236616263961248,6,0,0.0
VIP,0.0,5.402519984630892e-05,1.0,0.13562367622361599,2,0,0.0
KCNH2,0.0,4.633810339900371e-05,0.0,0.11805730509570926,1,0,0.0
MLST8,4.2459157328244685e-05,0.00015271704241906543,0.6025641025641025,0.16747352433063822,13,0,0.08
PDE6D,0.000229232314036189,7.01494422920111e-05,0.0,0.14036088847964218,3,0,0.0
AKT1S1,0.00018995586992612756,0.00011285772196091581,0.6388888888888888,0.16229469079515793,9,0,0.0
NCOA6,0.0,5.9475577702418884e-05,1.0,0.1643474514131164,7,0,0.0
SETD1A,0.0001872585380217442,8.49150347957148e-05,0.7333333333333333,0.1824648135175503,10,0,0.0
SETD1B,1.433695233397239e-07,7.50820158726511e-05,0.9166666666666666,0.1682041407722164,9,0,0.0
KDM6A,0.0,7.268013816139736e-05,0.9444444444444444,0.16435660930074672,9,0,0.0
PAGR1,0.0,7.268013816139736e-05,0.9444444444444444,0.16435660930074672,9,0,0.0
PAXIP1,0.0001042249000543369,9.76908590846874e-05,0.6181818181818182,0.16953836531175173,11,0,0.0
KMT2D,1.7256065917055913e-06,8.494216279068759e-05,0.7272727272727273,0.1690961251224675,11,0,0.0
KMT2B,1.044451871657754e-08,3.176255568286179e-05,0.6666666666666666,0.16040153957697476,3,0,0.04
TRPA1,0.0,3.529146937674606e-05,0.0,0.1419517150184662,1,0,0.0
TRAM1,0.0,0.00011486331265793706,0.0,0.00011487650775416428,1,0,0.0
TRAM1L1,0.0,0.00011486331265793706,0.0,0.00011487650775416428,1,0,0.0
TMED2,0.0,6.570212808549772e-05,1.0,0.12845046099123356,2,0,0.0
TMED10,0.00028607536764705885,0.00016744976620815437,0.3333333333333333,0.15219131139605277,7,0,0.0
TMED9,0.0,6.570212808549772e-05,1.0,0.12845046099123356,2,0,0.0
NCL,0.0005629066899998857,8.42897489043504e-05,0.0,0.17417879476267864,6,0,0.0
ZNF217,3.2688565666286458e-06,8.357493065667784e-05,0.7857142857142857,0.17172471533018166,8,0,0.0
HMG20B,0.0,6.0671137134254435e-05,1.0,0.17036583552886272,6,0,0.0
MECP2,0.00038174609142116727,0.00013086044012260013,0.19230769230769232,0.18361203377186258,13,0,0.01
REST,9.652406186801176e-05,8.516500855510873e-05,0.5714285714285714,0.17062206921450804,7,0,0.0
VMP1,0.0,2.9617474735007e-05,0.0,0.1531434948344341,1,0,0.0
NUBP2,0.0,0.00011486331265793706,0.0,0.00011487650775416428,1,0,0.0
NUBP1,0.0,0.00011486331265793706,0.0,0.00011487650775416428,1,0,0.0
RAB11FIP4,0.0,3.9975273025274856e-05,0.0,0.13025143345158757,1,0,0.0
CBFB,0.0002149827464047199,0.0001034937059230456,0.2857142857142857,0.16950913539905177,8,0,0.0
SOCS6,0.0,2.8009848774601502e-05,1.0,0.15293307290131442,2,0,0.0
SOCS3,0.0003925307847550014,0.00012188327997497705,0.3611111111111111,0.16869959451562574,9,0,0.0
SOCS2,3.260266996661179e-05,7.179723621016501e-05,0.5333333333333333,0.157527435938432,6,0,0.0
SOCS4,0.0,2.8009848774601502e-05,1.0,0.15293307290131442,2,0,0.0
CISH,0.0001702392143428923,6.221399485300341e-05,0.6666666666666666,0.16600780697966513,6,0,0.01
SOCS1,0.0007699224748396135,0.0001320254888717645,0.36363636363636365,0.16856461941428738,12,0,0.06
ASB9,0.0001907169117647059,6.229076020285779e-05,0.3333333333333333,0.1529489336260313,3,0,0.0
TELO2,0.00039699756197339106,0.00011467866167876475,0.4909090909090909,0.1712113603547352,11,0,0.0
PRR5,7.50786224419505e-07,0.00010719044326384805,0.9444444444444444,0.1607118024579742,9,0,0.01
RICTOR,0.0007984804122570142,0.00014985639061665225,0.5,0.18209308004143723,13,0,0.19
PRR5L,7.50786224419505e-07,0.00010719044326384805,0.9444444444444444,0.1607118024579742,9,0,0.01
TTI1,0.000351132226657858,0.0001382505865214075,0.5769230769230769,0.17331396483304642,13,0,0.01
TTI2,0.0,4.490806171788819e-05,1.0,0.166947429489809,4,0,0.0
CHKA,0.0018363970588235294,9.79201845485843e-05,0.3333333333333333,0.16176065100971815,4,0,0.0
TNKS,0.0002505959483567092,7.479769142782409e-05,0.0,0.15595324435632635,4,0,0.0
CSNK1A1L,0.0003707318068344799,0.00011607441555218526,0.25,0.17897173693220475,8,0,0.0
TNKS2,0.00041267129979092834,0.00013622222106693998,0.0,0.16540734132521312,7,0,0.0
ADAR,0.0003082710943400474,6.398243017779094e-05,0.16666666666666666,0.16259888150557886,4,0,0.0
ANKRD6,0.0,2.931259012364505e-05,0.0,0.15492928409030363,1,0,0.0
IL12RB2,1.1330510042001206e-07,6.795113710587362e-05,0.8333333333333334,0.15495370162916736,4,0,0.0
NCOA3,0.0003896530456621737,0.000164130540467468,0.45,0.19930696063998923,16,0,0.24
FOXO4,4.6278129963153276e-05,7.051499929948444e-05,0.6,0.18990108875297454,6,0,0.01
STAT2,0.000667637588046726,0.00012494785002512422,0.4,0.1842198307732934,10,0,0.0
MYB,2.084958898147067e-06,4.39230004100843e-05,0.6666666666666666,0.17743217195603816,3,0,0.0
CITED2,0.0018363970588235285,6.720176442873686e-05,0.3333333333333333,0.1774108273742865,3,0,0.0
TCF7L1,4.8157223177204026e-05,8.69587698308963e-05,0.7142857142857143,0.18828877820052348,8,0,0.0
TCF7,4.8157223177204026e-05,8.69587698308963e-05,0.7142857142857143,0.18828877820052348,8,0,0.0
N4BP1,0.0,2.8263609426362904e-05,0.0,0.1591981492652112,1,0,0.0
WSB1,0.0,2.5732839489821547e-05,0.0,0.1409713573823639,1,0,0.0
TRAF4,0.0,2.913411768291571e-05,0.0,0.14046449558355123,1,0,0.0
FGG,0.00017245800276573318,0.00010087321795674467,0.6666666666666666,0.1710723377032857,6,0,0.0
CIB1,0.00012506886612920044,8.859613249780287e-05,0.1,0.15417210937517709,5,0,0.0
FGA,4.069030220145754e-05,8.722218878307217e-05,0.8,0.1601924622137787,5,0,0.0
FGB,4.069030220145754e-05,8.722218878307217e-05,0.8,0.1601924622137787,5,0,0.0
NKAP,0.0,2.0938705098768257e-05,0.0,0.13656559452315958,1,0,0.0
CACTIN,3.1577014093506916e-07,4.3304992340045345e-05,0.6,0.15029139183772136,6,0,0.0
SLC4A1,2.1341256221509396e-06,9.080857851227529e-05,0.5,0.14134629018862827,4,0,0.0
GYPB,1.3766032937788356e-05,0.00010605451879398269,0.5,0.14411568712340656,5,0,0.0
EPB42,0.0,5.17684778498023e-05,1.0,0.14092084329142643,2,0,0.0
GYPA,1.9364350287764935e-06,0.00010721193540852255,0.7,0.14135306402660727,5,0,0.0
MLYCD,0.0,7.393145648730777e-05,1.0,0.13968949611703532,2,0,0.0
ACACA,0.0001907169117647059,8.74792622417788e-05,0.3333333333333333,0.1682281247083329,3,0,0.0
ACACB,0.0,7.393145648730777e-05,1.0,0.13968949611703532,2,0,0.0
GLP2R,1.3906431140245483e-06,6.9959784744389e-05,0.6666666666666666,0.15284193753296718,3,0,0.0
GCG,0.0003379501831397019,0.00011894318363033933,0.26666666666666666,0.1652127771529267,6,0,0.0
GLP1R,2.05937473246624e-05,0.00011033083469385078,0.4,0.1542003194537432,5,0,0.0
CHD5,0.0,5.378201015103497e-05,1.0,0.1674925446059739,5,0,0.0
MTA2,4.798647010360056e-07,0.00010108124266960436,0.8787878787878788,0.1699339580867201,12,0,0.01
ERP44,0.0004767922794117647,0.00012552012840538567,0.0,0.1548642082595401,3,0,0.0
PRDX4,0.0001907169117647059,0.00015178135717762022,0.0,0.13035793032555634,3,0,0.0
ERO1A,9.535845588235295e-05,0.00010130178376020786,0.0,0.13035216928565685,2,0,0.0
PITPNM3,0.0,3.8362389570100296e-05,0.0,0.115414920586602,1,0,0.0
CCL18,9.581944588932168e-05,7.450537293861362e-05,0.0,0.13423185703284413,3,0,0.0
GNAO1,2.2245306896191387e-05,0.00011496015815665815,0.3,0.1499742569029949,5,0,0.0
RGS16,5.269509907262341e-07,5.411932190914229e-05,0.0,0.14447216450387934,2,0,0.0
ADRA2A,0.0,6.929663625583562e-05,1.0,0.14996663161029086,3,0,0.0
RGS4,5.904542057741514e-07,5.433620319315596e-05,0.0,0.13769402504603898,2,0,0.0
PLEKHO1,0.0,3.1327229039075554e-05,0.0,0.13107044284272226,1,0,0.0
COQ7,0.0,0.0001266515019059775,0.3333333333333333,0.0004102732419791581,3,0,0.0
NLRC5,4.0841982783371113e-05,7.365829722944508e-05,0.1,0.1699241681363752,5,0,0.0
CXXC1,9.535845588235295e-05,8.996215981419266e-05,0.7777777777777778,0.1682041407722164,9,0,0.0
WDR82,0.0021087796662401007,0.00018102923870747176,0.3088235294117647,0.17751760166779215,17,0,0.04
RIOX1,0.0,1.9624967009846645e-05,0.0,0.15473016186288266,1,0,0.0
SLC9A3,4.28422588032271e-06,7.204797971874362e-05,0.0,0.13990483626283412,3,0,0.0
SLC34A2,0.0,7.704954635829675e-05,1.0,0.13809371742643387,3,0,0.0
SLC34A1,0.0,7.704954635829675e-05,1.0,0.13809371742643387,3,0,0.0
SLC34A3,0.0,7.704954635829675e-05,1.0,0.13809371742643387,3,0,0.0
MSN,0.000872289480865986,0.00014631037734168215,0.35555555555555557,0.18133184006585518,10,0,0.07
ADRB2,0.0012211779142686074,0.00015159455655082383,0.07142857142857142,0.17081475086209355,8,0,0.0
CHST8,0.0,0.00011486331265793706,0.0,0.00011487650775416428,1,0,0.0
CHST9,0.0,0.00011486331265793706,0.0,0.00011487650775416428,1,0,0.0
HPN,0.0,2.9723367092732344e-05,0.0,0.15510036864443397,1,0,0.0
SIGLEC14,0.0,3.372968496327313e-05,0.0,0.13969611208256136,1,0,0.0
SIRPB1,5.341969363495484e-06,6.0993751442710414e-05,0.3333333333333333,0.15136344189624612,3,0,0.0
OSCAR,1.2955802623953413e-06,5.9959903913022e-05,0.6666666666666666,0.16007943939166916,3,0,0.0
KLRC3-2,8.856941229049971e-06,0.00012496096151949689,0.8444444444444444,0.14940450362228752,10,0,0.1
CLEC5A,0.0,3.372968496327313e-05,0.0,0.13969611208256136,1,0,0.0
NCR2,0.00019701860992719293,7.461765999035673e-05,0.0,0.1605455971321141,4,0,0.0
CD300LB,0.0,3.372968496327313e-05,0.0,0.13969611208256136,1,0,0.0
SIGLEC15,0.0,3.372968496327313e-05,0.0,0.13969611208256136,1,0,0.0
KLRC2,1.1760458906504401e-05,0.00013463946625960795,0.7272727272727273,0.15196000569351883,11,0,0.03
KLRD1,0.001128875785768187,0.00020237569224202116,0.4166666666666667,0.17524470979212173,16,0,0.1
SYT7,0.0,2.906157528693934e-05,0.0,0.12296682344281994,1,0,0.0
STX8,4.29110930691397e-06,8.419646600202628e-05,0.8,0.12708346627506842,6,0,0.0
ANKRD27,9.535845588235295e-05,6.871687884927532e-05,0.0,0.12297195015785373,2,0,0.0
AGFG1,0.0,2.906157528693934e-05,0.0,0.12296682344281994,1,0,0.0
IMPAD1,4.595588235294118e-07,0.0001644519017411289,0.4,0.0006393127388057838,5,0,0.0
IMPA2,0.0,7.871386721387302e-05,1.0,0.0004901397664177676,2,0,0.0
BPNT1,0.0,9.772994003394272e-05,1.0,0.0006126747080222094,3,0,0.0
PAPSS2,1.2637867647058825e-06,0.00012340847431391774,0.6666666666666666,0.0007948212428396231,4,0,0.01
PAPSS1,1.2637867647058825e-06,0.00012340847431391774,0.6666666666666666,0.0007948212428396231,4,0,0.01
IMPA1,0.0,7.871386721387302e-05,1.0,0.0004901397664177676,2,0,0.0
RAB2A,0.0,9.367082172871192e-05,0.0,0.00015316867700555236,1,0,0.0
ANOS1,0.0,2.8897636630134492e-05,0.0,0.13901794365420184,1,0,0.0
ACIN1,0.0,3.380091198643244e-05,1.0,0.14495853104859074,2,0,0.0
AJUBA,0.0,4.753802545894732e-05,1.0,0.14355805074034853,2,0,0.0
WTIP,0.0,4.753802545894732e-05,1.0,0.14355805074034853,2,0,0.0
MVP,0.0,4.8393624250485745e-05,1.0,0.13518544861063778,2,0,0.0
PARP4,0.0,4.8393624250485745e-05,1.0,0.13518544861063778,2,0,0.0
PHLPP2,0.0,3.430705472724481e-05,0.0,0.13934961899752912,1,0,0.0
IRS1,0.002013309181882672,0.0001886406240635517,0.2857142857142857,0.18791091711599406,15,0,0.01
PRDX1,9.535845588235295e-05,7.262643156004858e-05,0.0,0.15537816522737188,2,0,0.0
SRXN1,0.0,4.835002972681947e-05,0.0,0.13071031931537969,1,0,0.0
MOV10L1,0.0,6.011229540252568e-05,0.0,0.11181196423401507,1,0,0.0
MAU2,0.0,3.8980891498981106e-05,1.0,0.10883322733100384,2,0,0.0
NIPBL,4.492108954987398e-05,0.00011631875187645908,0.7222222222222222,0.1254057700047279,9,0,0.01
TRPC5,0.0,7.692662237017866e-05,1.0,0.135006005744877,3,0,0.0
TRPC4,0.0,7.692662237017866e-05,1.0,0.135006005744877,3,0,0.0
TRPC3,4.542829989286603e-06,9.543441070151516e-05,0.6666666666666666,0.1382490607223436,4,0,0.0
RRAGB,5.365432003713037e-07,7.450475979166355e-05,0.9,0.14358600479559927,5,0,0.0
RRAGD,0.0,6.276467937216007e-05,1.0,0.1417436546932193,4,0,0.0
OGG1,0.0,3.414521269108681e-05,0.0,0.12900101513311907,1,0,0.0
NEIL1,4.413327670605299e-05,5.245617395352606e-05,0.0,0.14127858749903965,2,0,0.0
APTX,1.9869949736618833e-05,4.137399486775224e-05,0.0,0.14482685409561036,2,0,0.0
NEIL2,0.0003729221289608588,4.139882644367802e-05,0.0,0.16105404119860217,2,0,0.0
TDP1,0.0,3.414521269108681e-05,0.0,0.12900101513311907,1,0,0.0
PNKP,2.348584204639085e-05,7.090879372258762e-05,0.5,0.14484107790764097,4,0,0.0
APLF,6.851065718020813e-05,5.523319192675992e-05,0.5,0.1470800693383465,4,0,0.0
E2F3,6.916629738500144e-07,6.787629884373223e-05,0.9,0.15783933806984538,5,0,0.0
TFDP1,1.1806449950937866e-05,0.0001055662514953075,0.5,0.16298523017689123,9,0,0.0
E2F2,6.916629738500144e-07,6.787629884373223e-05,0.9,0.15783933806984538,5,0,0.0
TFDP2,9.347659047325894e-06,9.616267917199128e-05,0.4642857142857143,0.15951670914854657,8,0,0.0
KSR1,0.0001826495108321318,0.00015018769122651635,0.25,0.1655744757219715,8,0,0.0
GNA15,0.0,3.3903429717384415e-05,0.0,0.12582035663906155,1,0,0.0
RXFP4,0.00025844639398401296,0.00015722931661013616,0.5,0.1485168031475932,8,0,0.01
DPP9,0.0,4.000016157354825e-05,1.0,0.14073593427384296,2,0,0.0
PIAS4,2.657782912873474e-05,3.686248644274385e-05,0.0,0.1625899184450251,2,0,0.0
SHC2,0.0,3.905958064305482e-05,1.0,0.16563491284634005,2,0,0.0
SHC3,0.0,3.905958064305482e-05,1.0,0.16563491284634005,2,0,0.0
FRS2,0.00036832148913737314,0.0001305135749753933,0.24444444444444444,0.17551584114913424,10,0,0.0
SHC4,0.0,3.905958064305482e-05,1.0,0.16563491284634005,2,0,0.0
EEF2K,0.0,5.0001843810635715e-05,1.0,0.1631204352677359,3,0,0.0
SMG6,6.554254599880599e-05,6.854352093462665e-05,0.5,0.16149494691804647,4,0,0.0
SMG7,0.0,5.75763844320426e-05,1.0,0.1455127632220622,3,0,0.0
SMG5,0.0,5.75763844320426e-05,1.0,0.1455127632220622,3,0,0.0
ASPA,0.0,0.00011486331265793706,0.0,0.00011487650775416428,1,0,0.0
NAT8L,0.0,0.00011486331265793706,0.0,0.00011487650775416428,1,0,0.0
PLD2,0.0,0.00011486331265793704,1.0,0.0003446295232624928,3,0,0.0
PLD4,0.0,0.00011486331265793704,1.0,0.0003446295232624928,3,0,0.0
PLD3,0.0,0.00011486331265793704,1.0,0.0003446295232624928,3,0,0.0
PLD1,0.0,0.00011486331265793704,1.0,0.0003446295232624928,3,0,0.0
A1BG,9.535845588235295e-05,6.743596833138373e-05,0.0,0.16556518161724393,2,0,0.0
CRISP3,0.0,4.60725132246596e-05,0.0,0.1378452487679028,1,0,0.0
CCDC6,0.0,5.3275305278027935e-05,1.0,0.14408048802047727,2,0,0.0
NCOA4,0.00031345669236617897,0.00011328411280713109,0.2,0.16742124084070956,5,0,0.0
PRKCQ,0.0001496162578952346,8.768379928548417e-05,0.3333333333333333,0.14431312036163127,4,0,0.0
PRKCB,3.826948449092941e-05,9.150726317646871e-05,0.5,0.14782086904609218,5,0,0.0
PRKCE,0.00015005339837055593,6.801479206135714e-05,0.3333333333333333,0.16039717823216054,3,0,0.02
PRKCD,0.00014597176279030697,0.00011631045052438547,0.3,0.15096446465918725,5,0,0.0
CARD11,0.00015359776845960696,0.00010917848608770167,0.4666666666666667,0.16030128861473916,6,0,0.0
TWF1,0.0,4.857478139926109e-05,1.0,0.1542446704411662,3,0,0.0
S100B,0.001488427397884212,0.00012571212186414306,0.047619047619047616,0.18573368033192914,7,0,0.0
CAPZA3,0.0,4.8292424055353526e-05,1.0,0.14389772950414445,3,0,0.0
KIFBP,9.535845588235295e-05,8.478346597894243e-05,0.0,0.12226594721071134,2,0,0.0
MSH4,0.0,0.00011486331265793706,0.0,0.00011487650775416428,1,0,0.0
MSH5,0.0,0.00011486331265793706,0.0,0.00011487650775416428,1,0,0.0
FAF1,0.0006419955613879281,0.00017608585134780367,0.3076923076923077,0.17257876721731907,13,0,0.0
USP13,4.6789740619454305e-06,5.9087566755341644e-05,0.0,0.13577975926488975,2,0,0.0
ARPIN,3.456715934859906e-05,4.3354838848431125e-05,0.0,0.14927596085384892,2,0,0.0
NR4A1,7.164479566668241e-05,3.675885092934934e-05,0.0,0.18022936729774225,2,0,0.0
CITED1,0.0,2.538399753240289e-05,0.0,0.17431261216897348,1,0,0.0
CITED4,0.0,2.538399753240289e-05,0.0,0.17431261216897348,1,0,0.0
HDAC6,0.003466192346274515,0.00011694557680917146,0.12727272727272726,0.20383854253705602,11,0,0.03
IRF7,0.0005048276506065304,0.00013686020440107217,0.38181818181818183,0.19167817198539125,11,0,0.03
MAML2,2.5904982803669662e-05,7.230846080626588e-05,0.8,0.17615526221399908,5,0,0.0
MEF2A,0.00015337021359161334,0.00010897601514816062,0.6666666666666666,0.17499517712911306,7,0,0.0
JMY,0.0,3.515535313797471e-05,1.0,0.18543591792475797,2,0,0.08
CEBPB,0.0015980964775476774,0.00018096710313104115,0.15384615384615385,0.18650292194190327,13,0,0.0
MAML3,2.5904982803669662e-05,7.230846080626588e-05,0.8,0.17615526221399908,5,0,0.0
ETS1,0.00012952829824770532,0.00011117409029091262,0.19047619047619047,0.18622032391635837,7,0,0.0
EHBP1,4.3257176884940576e-05,4.6960582426892425e-05,0.0,0.1412718207970496,2,0,0.0
TYR,0.0,0.00011486331265793706,0.0,0.00011487650775416428,1,0,0.0
TH,0.0,0.00011486331265793706,0.0,0.00011487650775416428,1,0,0.0
IL37,0.0002038537712998231,9.35138532607138e-05,0.3333333333333333,0.16599846416474098,4,0,0.0
IL18,1.3700107360897005e-05,0.00010007334986069494,0.5,0.1453872438945755,4,0,0.0
IL18R1,9.758683232451513e-06,9.334851966932164e-05,0.3333333333333333,0.14666685117283013,4,0,0.0
IL18BP,0.0,5.852848229513592e-05,1.0,0.13998451439269122,2,0,0.0
PAX8,0.0,6.179016514120497e-05,1.0,0.15914231739026655,4,0,0.0
IL6R,0.0006225911914273505,0.00012988692752590036,0.3611111111111111,0.17616052262138743,9,0,0.0
NSF,0.0001829399821065034,0.0002541271740619061,0.075,0.1249621331798759,16,0,0.0
BLVRB,0.0,0.00011486331265793706,0.0,0.00011487650775416428,1,0,0.0
BLVRA,0.0,0.00011486331265793706,0.0,0.00011487650775416428,1,0,0.0
JMJD6,0.0,2.362120670748922e-05,0.0,0.15985387152866706,1,0,0.0
DEFB1,0.0003827097468554898,7.56717150835376e-05,0.4,0.16582581157649973,5,0,0.0
CNTFR,5.065004288196427e-05,0.00010026998253759774,0.4,0.13890664549831405,5,0,0.0
FAM32A,0.0,2.8183283883078948e-05,1.0,0.1447806459939232,3,0,0.0
CD59,6.895358802438464e-06,4.2197412956762714e-05,0.0,0.1524430167977466,2,0,0.0
PRKCG,0.0,5.323406074545612e-05,1.0,0.14680920364895728,3,0,0.0
PRKCA,0.005987779974326,0.00014639897947160317,0.1111111111111111,0.17810716527346399,9,0,0.04
PPP1R12C,0.00019440015168054818,7.727218185563197e-05,0.6,0.15200699394512474,5,0,0.0
PPP1R12A,6.489777784988313e-06,8.944151076410449e-05,0.8666666666666667,0.15185438826736686,6,0,0.0
DIABLO,0.0,6.124368880616647e-05,0.8333333333333334,0.1595037697659096,4,0,0.0
P4HA1,0.0,9.290459938095707e-05,1.0,0.1016926239208123,2,0,0.01
P4HA2,0.0,9.290459938095707e-05,1.0,0.1016926239208123,2,0,0.01
P4HB,0.0001907169117647059,0.00012619846902547273,0.3333333333333333,0.11602099362813258,3,0,0.0
SNX27,0.0013312593169409058,9.89205438074798e-05,0.1,0.15806348760811342,5,0,0.0
FOXRED1,0.0,2.008062266956074e-05,0.0,0.11474144987595117,1,0,0.0
CLDN7,0.00018988799820404337,0.00015218757864538153,0.3055555555555556,0.16721243292106922,9,0,0.0
PTGFRN,0.0,4.343515720274653e-05,1.0,0.150929702469551,2,0,0.0
CLDN1,6.726966767101313e-05,0.00010627506659947974,0.5238095238095238,0.16681524251399488,7,0,0.0
IGSF8,0.0,4.343515720274653e-05,1.0,0.150929702469551,2,0,0.0
CD19,0.00016628121274429245,0.00014137673234461846,0.17857142857142858,0.16656560371082,8,0,0.01
IFITM1,0.0,6.121631669960277e-05,1.0,0.1528023473300109,3,0,0.0
CNTN3,0.0,0.00011486331265793706,0.0,0.00011487650775416428,1,0,0.0
PTPRG,0.0,0.00011486331265793706,0.0,0.00011487650775416428,1,0,0.0
POLD4,0.0,4.685538992139868e-05,1.0,0.1583265095955984,4,0,0.0
CD24,0.0001379673003075784,9.490662754404562e-05,0.0,0.16551872674024695,4,0,0.0
FASN,0.0022588495392761093,0.000163887553323206,0.047619047619047616,0.10741041534244461,7,0,0.01
PTPN4,0.0,2.9049339337543256e-05,0.0,0.14075608258225725,1,0,0.0
HIF3A,0.0,6.489049433125225e-05,1.0,0.16716504919443456,4,0,0.0
ARNT2,0.00010330965255195049,0.00010743163989116544,0.4666666666666667,0.16717452379126593,6,0,0.0
EPCAM,9.75426641284799e-06,4.487337346042637e-05,0.0,0.1542003194537432,2,0,0.0
CDCA8,3.162482058443809e-05,9.787034466655865e-05,0.5,0.1385315130691215,4,0,0.0
MYSM1,0.0,2.206005265244223e-05,0.0,0.16001864698284013,1,0,0.0
TYRO3,0.0,0.00010073498537178696,0.0,0.0003063373540111047,2,0,0.0
GAS6,0.0,0.00013605580358716217,0.0,0.0003676048248133257,3,0,0.0
PROS1,0.0,0.00013605580358716217,0.0,0.0003676048248133257,3,0,0.0
LTK,0.0,0.00011486331265793706,0.0,0.00011487650775416428,1,0,0.0
ALKAL1,0.0,0.00011486331265793706,0.0,0.00011487650775416428,1,0,0.0
OSBP,0.0,6.50517300276727e-05,0.0,0.0745455483233806,1,0,0.0
VAPA,0.00023747365720297938,0.00021110753732897974,0.0,0.08196706110995569,4,0,0.0
IL7R,4.678598391357954e-05,0.0001064258158536144,0.4,0.15115400673949833,6,0,0.0
STAMBP,1.1040339199250405e-07,3.713125274716386e-05,0.6666666666666666,0.15019572820609026,3,0,0.0
USP8,0.00026545270782053803,7.65688515077491e-05,0.47619047619047616,0.1858975647125201,7,0,0.0
GRB14,5.433255463039548e-05,5.5448137529708056e-05,0.0,0.16267510743795055,3,0,0.0
INSR,0.0001398043713474314,0.00019244511203074516,0.24242424242424243,0.16767345293111252,12,0,0.0
STRN3,0.00018753882603498844,0.00013750147260553307,0.42857142857142855,0.14834500379777704,8,0,0.0
STRN4,0.0,5.360083202597939e-05,1.0,0.14796918305923196,3,0,0.0
TIMP3,9.58025969659002e-05,6.039815842612416e-05,0.0,0.16706089946539043,2,0,0.0
FLT1,1.7541237936745353e-05,0.00012663709613062785,0.5357142857142857,0.16947991556360506,8,0,0.06
PTPN1,7.594937790078305e-05,0.00012852075527928263,0.25,0.18058799427607913,8,0,0.01
ANGPT1,0.00016978852106787104,0.00012279564200372298,0.3333333333333333,0.17035107629508217,6,0,0.0
MAGEB18,0.0,2.8487795165694415e-05,0.0,0.14852802127608836,1,0,0.0
FCGR3B,9.989170976291334e-05,0.00011713095152943249,0.5238095238095238,0.16490334668667433,7,0,0.0
FCGR3A,0.00010819892658271649,0.0001475571521340371,0.4444444444444444,0.16515264763913887,9,0,0.0
PKP1,0.0,4.054968110466921e-05,0.0,0.12450848310480173,1,0,0.0
GTF3C3,0.0,0.00011051176589036083,1.0,0.11809984826871675,5,0,0.0
GTF3C6,0.0,0.00011051176589036083,1.0,0.11809984826871675,5,0,0.0
GTF3C1,0.0004817328786393562,0.00014717483953442952,0.47619047619047616,0.1378645778359485,7,0,0.01
GTF3C2,0.0,0.00011051176589036083,1.0,0.11809984826871675,5,0,0.0
GTF3C4,0.0,0.00011051176589036083,1.0,0.11809984826871675,5,0,0.0
GTF3C5,0.0,0.00011051176589036083,1.0,0.11809984826871675,5,0,0.0
SIAH2,1.2281764274561413e-05,6.348353929669118e-05,0.0,0.14260025674488497,2,0,0.0
SLC9A4,0.0,3.19772688988711e-05,0.0,0.14001441709442705,1,0,0.0
CHP1,8.265155168943375e-06,5.248157906443239e-05,0.0,0.1405247247676791,2,0,0.0
CHP2,0.0,3.19772688988711e-05,0.0,0.14001441709442705,1,0,0.0
GATB,0.0,0.00011486331265793706,1.0,0.00022975301550832856,2,0,0.0
QRSL1,0.0,0.00011486331265793706,1.0,0.00022975301550832856,2,0,0.0
GATC,0.0,0.00011486331265793706,1.0,0.00022975301550832856,2,0,0.0
IGKV1D-33,0.001403979568629237,0.0003899643660847122,0.16307692307692306,0.19001731103309394,26,1,0.95
IGKV1-33,0.001403979568629237,0.0003899643660847122,0.16307692307692306,0.19001731103309394,26,1,0.95
NPHS2,4.789644951932213e-05,9.665444136799668e-05,0.5333333333333333,0.17238208763690135,6,0,0.0
TTC30A,0.0,4.138938320247579e-05,1.0,0.11469460115144753,3,0,0.0
DAW1,0.0,2.5681338535142333e-05,0.0,0.1146901413633207,1,0,0.0
CADM3,7.588443552234577e-07,7.111829251067061e-05,0.6666666666666666,0.1361087058679403,3,0,0.0
CBLB,0.0002270889780701067,0.00010038759809936452,0.5111111111111111,0.1893524883168261,10,0,0.0
UBE2L5,2.006334070742e-05,9.143087810350275e-05,0.5833333333333334,0.19069914724970585,9,0,0.0
SH3GL2,0.00017518380550572783,6.648475306275612e-05,0.16666666666666666,0.1812872594044991,4,0,0.0
RAPGEF1,4.0272441553162765e-06,8.02123514004285e-05,0.6,0.17696377444194994,6,0,0.0
UBE2L3,5.907123942494784e-06,4.861153323561761e-05,0.0,0.1751926651527204,3,0,0.0
CBLC,8.80813212572796e-06,8.050239430508061e-05,0.5333333333333333,0.19044672868514612,6,0,0.0
SPRY2,8.499429825849161e-06,4.919968087308659e-05,0.3333333333333333,0.17787623389887833,3,0,0.01
GPC1,0.00010834643488263566,8.394210416901509e-05,0.5,0.1561389963479633,4,0,0.0
SLIT2,7.310418427303105e-05,0.00010772882525804465,0.0,0.13906054598011364,4,0,0.0
SDC4,0.0024196134170118657,0.00016472315960194923,0.13333333333333333,0.17951090685358168,10,0,0.0
SDC2,0.00010996669449788394,8.270629634026906e-05,0.5,0.15708698162656515,4,0,0.0
FARP2,0.0,3.1449580882831165e-05,0.0,0.13213913538566854,1,0,0.0
PIP5K1C,0.0004750853894406462,0.00016732164409210052,0.6222222222222222,0.15740134001340522,10,0,0.05
HSPA5,0.0036798490875123253,0.0003222869305210488,0.009523809523809525,0.1735229856754442,15,0,0.07
MCOLN1,0.0,0.00011486331265793706,1.0,0.00022975301550832856,2,0,0.0
MCOLN2,0.0,0.00011486331265793706,1.0,0.00022975301550832856,2,0,0.0
MCOLN3,0.0,0.00011486331265793706,1.0,0.00022975301550832856,2,0,0.0
LAMA3,0.0,6.956105498267455e-05,1.0,0.10203738641866711,2,0,0.0
ZRANB3,0.0,2.803402649746326e-05,0.0,0.15548464472910917,1,0,0.0
DARS2,0.0,2.7963660449739785e-05,0.0,0.11903400906054322,1,0,0.0
LCT,0.0,5.388712326641183e-05,0.0,0.12122325834869205,1,0,0.0
GLB1,0.0004767922794117647,0.00024841933402586897,0.06666666666666667,0.1421535356167141,6,0,0.02
ARID4B,1.6409694442706076e-05,8.89616236960764e-05,0.7777777777777778,0.17047414810491274,10,0,0.01
SUDS3,5.053035167524561e-06,0.00010102085974310935,0.7272727272727273,0.17018398352775008,12,0,0.0
SAP130,4.425437099497497e-06,3.595352185188466e-05,0.3333333333333333,0.1527232284218506,3,0,0.0
AGRN,0.0023990533801870376,0.0001680051645234144,0.17857142857142858,0.17012508784491423,8,0,0.0
MUL1,0.0,2.5926849441006055e-05,0.0,0.16079065146703012,1,0,0.0
SRD5A3,0.0,0.00011486331265793706,1.0,0.00022975301550832856,2,0,0.0
SRD5A2,0.0,0.00011486331265793706,1.0,0.00022975301550832856,2,0,0.0
SRD5A1,0.0,0.00011486331265793706,1.0,0.00022975301550832856,2,0,0.0
PDCD1LG2,2.052267718950567e-05,7.860359185440708e-05,0.5,0.15323100994915062,5,0,0.0
ICOS,1.250560449950728e-05,0.000126662300081437,0.5833333333333334,0.16861280000635684,9,0,0.14
CD58,2.8958683561648763e-06,6.536264390447896e-05,0.6666666666666666,0.15962029983554946,4,0,0.0
CD274,1.9337426160798133e-05,0.00012988758960995233,0.5,0.16502328645823147,9,0,0.08
CD276,0.0,5.260901798109308e-05,1.0,0.14707640232921293,3,0,0.0
CTLA4,0.0007543189791570736,0.00022590871034718348,0.15833333333333333,0.1800698235965324,16,0,0.0
PDCD1,0.0005510425768736213,0.0001954501174253745,0.25274725274725274,0.17991604919551057,14,0,0.0
TXNDC9,0.0,3.086618023148649e-05,0.0,0.1393035497443125,1,0,0.0
IL1F10,4.69307779341152e-06,6.714908194903419e-05,0.0,0.12857364532208107,2,0,0.0
IL18RAP,7.044307851682538e-05,8.431023469550813e-05,0.3333333333333333,0.15483575477105438,4,0,0.0
NUFIP1,0.0001907169117647059,9.612859838743418e-05,0.0,0.1439047501042227,3,0,0.0
TXK,0.0,2.982087832158472e-05,0.0,0.1410185365515013,1,0,0.0
GABRA4,0.0001349569078885573,0.0001148823694105755,0.47619047619047616,0.13944184897819173,7,0,0.02
GABRG2,0.0,7.046982791266477e-05,0.6666666666666666,0.1192602179569465,4,0,0.0
HAP1,0.0030497527460222372,0.00023635913650002602,0.075,0.16658912261789843,16,0,0.01
TRAK2,0.00012115107852453646,0.0002790955698306573,0.08088235294117647,0.1243012225762232,17,0,0.0
PLCL1,0.0,0.00021564401896754644,0.0989010989010989,0.11930363267043645,14,0,0.01
GABRD,0.00011111729391796902,9.943204651360214e-05,0.6,0.13943855294810195,6,0,0.0
GABRB3,0.0001349569078885573,0.00015533688642741677,0.6,0.13945173800346086,10,0,0.05
TOP2B,0.0,0.00011486331265793706,0.0,0.00011487650775416428,1,0,0.0
TOP2A,0.0,0.00011486331265793706,0.0,0.00011487650775416428,1,0,0.0
BEX3,0.0,3.223828047584347e-05,0.0,0.1403108108608425,1,0,0.0
MLF1,0.0,3.223828047584347e-05,0.0,0.1403108108608425,1,0,0.0
DISC1,0.0009951605947747194,0.00021754495522148586,0.022222222222222223,0.17070106548476188,10,0,0.01
PCDH10,0.0,3.943238839501375e-05,1.0,0.13609614536907144,2,0,0.0
ABI2,8.427011465655693e-05,0.0001587660524063582,0.6818181818181818,0.15239182177789723,12,0,0.05
ADAM23,0.0,6.202652905155004e-05,1.0,0.1322191012422091,2,0,0.0
LGI1,0.00020627272199461464,0.0001556240665901209,0.2,0.15751061147662077,6,0,0.0
ADAM22,4.6954450099585774e-05,7.963597272205916e-05,0.6666666666666666,0.15717068768876458,3,0,0.0
SI,0.0,0.00011486331265793706,1.0,0.00022975301550832856,2,0,0.0
MGAM2,0.0,0.00011486331265793706,1.0,0.00022975301550832856,2,0,0.0
MGAM,0.0,0.00011486331265793706,1.0,0.00022975301550832856,2,0,0.0
PRKG2,9.535845588235295e-05,8.73536936564298e-05,0.0,0.11938089248031733,2,0,0.0
PRKG1,0.0,5.505944811881517e-05,0.0,0.10426284347589036,1,0,0.0
GPAT3,0.0,0.00011486331265793704,1.0,0.0003446295232624928,3,0,0.0
GPAT2,0.0,0.00011486331265793704,1.0,0.0003446295232624928,3,0,0.0
GPAT4,0.0,0.00011486331265793704,1.0,0.0003446295232624928,3,0,0.0
GPAM,0.0,0.00011486331265793704,1.0,0.0003446295232624928,3,0,0.0
KLHL24,0.0,2.4140458924182357e-05,0.0,0.14456421656183896,1,0,0.0
KCTD6,0.0,2.4140458924182357e-05,0.0,0.14456421656183896,1,0,0.0
KLHL11,0.0,2.4140458924182357e-05,0.0,0.14456421656183896,1,0,0.0
PEF1,8.912570890030162e-05,0.00010787678115600581,0.8484848484848485,0.1534701967069671,12,0,0.0
KCTD11,0.0,2.4140458924182357e-05,0.0,0.14456421656183896,1,0,0.0
KCTD5,0.0,2.4140458924182357e-05,0.0,0.14456421656183896,1,0,0.0
GLRB,0.0,0.00013605580358716214,0.0,0.00026257487486666117,2,0,0.0
GLRA3,0.0,7.985861325351287e-05,0.0,0.00018380241240666286,1,0,0.0
GPHN,0.0,0.00014248772960833515,0.0,0.0003063373540111047,2,0,0.0
RAPGEF2,2.837996717380222e-05,6.146847683423269e-05,0.3333333333333333,0.15938740971663562,3,0,0.0
RAPGEF6,3.7357823183901846e-07,4.647428337305293e-05,0.0,0.14023409454244284,2,0,0.0
TJP2,0.0003587047208928452,0.00023593786613656736,0.25,0.17396819195559884,16,0,0.0
FNIP2,4.7679227941176475e-05,7.73726313030903e-05,0.6666666666666666,0.12529656169202866,4,0,0.0
FLCN,4.7679227941176475e-05,7.73726313030903e-05,0.6666666666666666,0.12529656169202866,4,0,0.0
FNIP1,0.0,5.014791366952909e-05,1.0,0.10874896158212555,2,0,0.0
ADD2,6.182402760895549e-06,9.18903835033822e-05,0.8,0.14880902631104387,5,0,0.0
DMTN,0.0,7.704961829348342e-05,0.8333333333333334,0.13753351256696822,4,0,0.0
ANK2,0.001898593317824042,0.00025927056774966876,0.225,0.1756935734162021,16,0,0.0
MXD1,5.064228691441822e-07,3.101530964418201e-05,0.0,0.15681138310487788,2,0,0.0
API5,0.0,2.93777348564113e-05,0.0,0.15012310525569159,1,0,0.0
WDR5B,0.0,4.321390176307691e-05,1.0,0.16564886614125576,5,0,0.0
HIP1,8.361257568936364e-05,4.3274860334915715e-05,0.3333333333333333,0.14216038704989398,3,0,0.0
IL11,9.535845588235295e-05,7.25329468996863e-05,0.0,0.13613697546899292,2,0,0.0
IL11RA,0.0,4.836250759940799e-05,0.0,0.11682055213225342,1,0,0.0
RUNX2,0.0004208543678610055,0.00012610346813673158,0.044444444444444446,0.1819302211572059,10,0,0.0
ANKRA2,0.00029022939761710263,8.67875820361772e-05,0.0,0.16094419068077376,4,0,0.0
BCL6,1.261172102144826e-05,5.258754785327562e-05,0.5,0.16789297077135704,4,0,0.0
FXN,0.00012090378010578716,0.00013429342812020905,0.4,0.1187608193956837,5,0,0.01
ROR1,0.0,4.753145017438684e-05,1.0,0.14406641319321076,2,0,0.0
WNT5B,0.0,3.218142445444546e-05,0.0,0.13381166884478624,1,0,0.0
ROR2,0.00014344816226278506,9.059002793490524e-05,0.4,0.167459261958793,5,0,0.0
FZD9,3.143666786727671e-06,0.00010223961958389205,0.2,0.13758804480518722,6,0,0.0
FZD1,4.548465597808957e-06,0.000122983386790671,0.2857142857142857,0.1411332461127901,7,0,0.0
FZD6,2.7824946992477362e-05,0.00010948191147439192,0.13333333333333333,0.1375944632058032,6,0,0.0
PTK7,0.0,3.218142445444546e-05,0.0,0.13381166884478624,1,0,0.0
FZD2,3.2391940807492637e-06,8.938298083694186e-05,0.2,0.1375944632058032,5,0,0.0
THRA,0.0,4.5920033340647294e-05,1.0,0.1487714975542823,2,0,0.0
THRB,3.0321998420969552e-06,5.846283747305054e-05,0.6666666666666666,0.15585435722648353,3,0,0.0
CNTNAP1,0.0,5.5369685563295035e-05,1.0,0.1316173007814012,2,0,0.0
NFASC,0.000300092950291092,0.00016470533353097453,0.17857142857142858,0.15153841504886975,8,0,0.0
CNTN1,7.999713795327134e-05,9.63285518161027e-05,0.16666666666666666,0.14714610678529313,4,0,0.0
UPF3A,7.281077710251645e-05,0.00011816538751197291,0.46153846153846156,0.15186611628623214,13,0,0.0
AMOTL1,0.0011528673744524225,0.00013461766556385998,0.2777777777777778,0.18408760870720553,9,0,0.0
STAP2,4.644908382969393e-06,4.336135645375016e-05,0.0,0.1669285328114095,2,0,0.0
STAT4,1.1480696574958217e-05,7.487189365840721e-05,0.7,0.1712560942060733,5,0,0.0
STMN1,0.0,2.825845442385865e-05,0.0,0.16570470283770788,1,0,0.0
PIAS3,0.0,2.825845442385865e-05,0.0,0.16570470283770788,1,0,0.0
STAT5B,0.00010469294991199864,0.00010869389631489647,0.4642857142857143,0.1819302211572059,8,0,0.0
IRF9,1.5871714198386583e-05,9.795839701003997e-05,0.5238095238095238,0.1714551944725455,7,0,0.0
NNT,0.0,0.00011486331265793706,0.0,0.00011487650775416428,1,0,0.0
NADK2,0.0,0.00011486331265793706,0.0,0.00011487650775416428,1,0,0.0
FGF10,1.0729035712878344e-05,8.61418676653331e-05,0.2,0.1543132630800042,6,0,0.0
MECOM,0.0,2.7520802356229777e-05,0.0,0.1599969465967562,1,0,0.0
KLKB1,0.0006254866112797822,6.903395171111957e-05,0.0,0.1662089321825313,3,0,0.0
SERPING1,0.000568890477631167,0.00013816570117682595,0.13333333333333333,0.13938583764997878,6,0,0.0
DNMT3B,0.0003700092874498883,0.00014802890044757417,0.5366666666666666,0.18329254974591105,25,0,0.19
RAB10,0.00010444857034850596,0.00013086401721506096,0.0,0.12169841810951253,3,0,0.0
MICAL1,7.010479227639653e-05,8.882251359877444e-05,0.0,0.13122205363190748,2,0,0.0
RILPL1,0.0,5.686121666002362e-05,0.0,0.10602623065211547,1,0,0.0
RILPL2,0.0001356126952762289,7.679643990121798e-05,0.0,0.13795807813429375,2,0,0.0
KIF3C,0.0,7.655499471735587e-05,1.0,0.12023005036222158,2,0,0.0
KIFAP3,0.0,0.00011027347409927783,0.6666666666666666,0.12023250083609979,3,0,0.0
CLDN16,0.0,0.00011486331265793706,0.0,0.00011487650775416428,1,0,0.0
CLDN19,0.0,0.00011486331265793706,0.0,0.00011487650775416428,1,0,0.0
ITGA9,0.0,4.03823898679879e-05,1.0,0.161663124719715,2,0,0.0
ADD3,9.75330549055696e-06,0.0001050759227642493,0.8,0.1490534255002249,6,0,0.01
ANK3,0.0013874020174546805,0.000247842854938789,0.2,0.17252829378282641,16,0,0.0
KCND2,0.0004900319361571401,0.00020172242806569,0.14285714285714285,0.14023409454244284,7,0,0.0
COL5A3,0.0,9.819698777198211e-05,1.0,0.0006619074970597085,4,0,0.0
COL11A2,1.1488970588235294e-07,0.00012275489262555603,0.7,0.000695002871912694,5,0,0.01
LUM,0.0,9.819698777198211e-05,1.0,0.0006619074970597085,4,0,0.0
ITGAX,1.3456859309633938e-07,6.089294926298721e-05,0.8333333333333334,0.16321972832224008,4,0,0.0
AREG,1.0559007520863721e-05,7.359955071274705e-05,0.6,0.1759870948992363,5,0,0.0
SPN,2.511664029192236e-05,0.00010756767527959672,0.13333333333333333,0.16252272697529824,6,0,0.0
KLF1,0.0,4.0776906306050204e-05,1.0,0.18078169290007665,4,0,0.0
ESRRA,3.4095875011919625e-06,3.3123961326238334e-05,0.0,0.15206969016865335,2,0,0.0
NRF1,3.4095875011919625e-06,3.3123961326238334e-05,0.0,0.15206969016865335,2,0,0.0
NR1H4,2.9284604233642514e-06,7.012483708742921e-05,0.3,0.16448034075065945,5,0,0.0
MEF2C,0.0,2.8552290453045862e-05,0.0,0.1487564913511802,1,0,0.0
PRDM16,9.508401573375188e-05,8.70974693297671e-05,0.14285714285714285,0.17025274671772347,7,0,0.0
F13A1,0.0,0.00011486331265793706,0.0,0.00011487650775416428,1,0,0.0
F13B,0.0,0.00011486331265793706,0.0,0.00011487650775416428,1,0,0.0
NUP62CL,0.0,2.3892640086975327e-05,0.0,0.1331562326988037,1,0,0.0
GBA,0.0004767922794117647,0.00014980817982880213,0.16666666666666666,0.14490867918697095,4,0,0.0
USO1,0.002310891544117647,9.52223731015471e-05,0.0,0.11002681005357458,2,0,0.0
RAB1A,0.0005719158906047389,0.00019705656566569598,0.0,0.09707555655974198,4,0,0.0
GOLGA2,0.002500919117647059,0.00011802439275194066,0.0,0.1269603869882576,3,0,0.02
PDE8B,0.0,0.00011486331265793706,0.0,0.00011487650775416428,1,0,0.0
PDE8A,0.0,0.00011486331265793706,0.0,0.00011487650775416428,1,0,0.0
RAD18,0.0004329186255811958,9.4586616867191e-05,0.25,0.18102023508722234,8,0,0.0
UBE2A,2.7718535836664763e-08,8.25477301060446e-05,0.7333333333333333,0.15717906320168396,6,0,0.0
HLTF,1.304839257113803e-05,6.24785387483573e-05,0.16666666666666666,0.15975430377030822,4,0,0.0
SHPRH,0.0,3.671708428284396e-05,0.0,0.14853924109942088,2,0,0.0
UBE2B,9.53861744181896e-05,0.00010703247173794675,0.5238095238095238,0.15718325129289637,7,0,0.0
SDHA,0.0,0.00015581281646789968,0.6666666666666666,0.0007036186099942562,6,0,0.0
SDHC,0.0,0.0001294549102047956,0.9,0.0006254387644393388,5,0,0.0
SDHAF2,0.0,0.00010631093687696791,1.0,0.0005628948879954049,4,0,0.0
SDHAF1,0.0,6.230112989759379e-05,1.0,0.00046907907332950416,2,0,0.0
SDHD,0.0,0.0001294549102047956,0.9,0.0006254387644393388,5,0,0.0
F5H5T6_HUMAN,0.0,0.00010631093687696791,1.0,0.0005628948879954049,4,0,0.0
SEC23A,0.0008660971549058181,0.00012199716801081056,0.8076923076923077,0.1531434948344341,13,0,0.01
SEC24D,0.00010927546109256024,0.00011760727010505612,0.8846153846153846,0.1525494549010189,13,0,0.01
TMED7,0.0010489430147058824,0.00016978280817742838,0.49673202614379086,0.15258496730613283,18,0,0.02
HEBP2,0.0,2.5582367084631375e-05,0.0,0.1358047658967356,1,0,0.0
SAR1A,0.00012316373438234858,0.0001277303344378739,0.7912087912087912,0.15255339990748149,14,0,0.0
SEC31A,0.00012291740691358389,0.0001277303344378739,0.7912087912087912,0.15255339990748149,14,0,0.0
SEC24A,0.0008887296654602935,0.00014101413004186645,0.6952380952380952,0.15315144662293995,15,0,0.02
SEC24C,0.000119797215049694,0.00012813825976588716,0.7912087912087912,0.15255339990748149,14,0,0.0
SEC24B,0.00011955762061959461,0.00012813825976588716,0.7912087912087912,0.15255339990748149,14,0,0.0
SLC9A3R2,7.975800836986211e-05,7.798944469002119e-05,0.16666666666666666,0.15981056595298135,4,0,0.0
XRN2,9.535845588235295e-05,7.066240571440906e-05,0.0,0.12637020245972452,2,0,0.0
DCP1A,9.535845588235295e-05,0.00011159847714293794,0.6190476190476191,0.14386965395269616,7,0,0.0
DCP1B,0.0,8.657660784897654e-05,0.8666666666666667,0.14386614527905572,6,0,0.0
EDC3,7.165685370315063e-06,0.00010841971816490034,0.5357142857142857,0.14476288149748223,8,0,0.0
GRK7,0.0,5.061105799916163e-05,0.0,0.11540588897844903,1,0,0.0
GRPEL1,0.0,4.977689907148338e-05,1.0,0.15405937220293023,2,0,0.0
TIMM44,0.000254113020041805,0.00012151182124235996,0.4,0.16890246295087902,6,0,0.0
MGAT4A,0.0,0.00011486331265793706,1.0,0.00022975301550832856,2,0,0.0
MGAT4D,0.0,0.00011486331265793706,1.0,0.00022975301550832856,2,0,0.0
MGAT4B,0.0,0.00011486331265793706,1.0,0.00022975301550832856,2,0,0.0
PPP2R3A,0.0,3.793776184466021e-05,1.0,0.13036945393317867,2,0,0.0
CEP70,0.0,3.2302213063908595e-05,0.0,0.13853801979808836,1,0,0.0
MRM3,9.01196446699159e-06,5.406882985933583e-05,0.8076923076923077,0.13079146444853781,13,0,0.0
MTG1,0.0,4.035323806656854e-05,1.0,0.12943123551401806,9,0,0.0
UVSSA,1.8479561044741734e-06,3.613121345363328e-05,0.3333333333333333,0.16702305900570233,3,0,0.0
RAB7A,0.002494397491548575,0.00019458185368092563,0.13333333333333333,0.13548661968356457,6,0,0.0
PDZD8,0.0,4.536278169126927e-05,0.0,0.11634133558864808,1,0,0.0
RILP,0.0,7.441852730340911e-05,1.0,0.11634363010852006,2,0,0.0
RAB7B,1.4002589159111357e-05,0.00010184945897741321,0.6666666666666666,0.12723147678253857,3,0,0.02
OSBPL1A,0.002206277434191477,8.900677257550606e-05,0.0,0.11639642905669582,2,0,0.0
FYCO1,0.0006990485975447142,8.889772253693038e-05,0.3333333333333333,0.1488540858193894,3,0,0.0
GOLPH3,0.0,0.00011486331265793706,0.0,0.00011487650775416428,1,0,0.0
MYO18A,0.0,0.00011486331265793706,0.0,0.00011487650775416428,1,0,0.0
CDH6,0.0,4.2771883873133214e-05,1.0,0.16891697222524985,2,0,0.0
NPR3,0.00034964767156862885,0.00016690900596558263,0.0,0.1317672367268065,5,0,0.01
NPPB,0.000270182291666667,8.511279330997978e-05,0.0,0.15682805851448625,3,0,0.0
NPPC,0.0,7.520594372120961e-05,0.0,0.1135947203216268,2,0,0.0
NPPA,0.00039732689950980603,0.0001136986563808847,0.16666666666666666,0.1568322279210507,4,0,0.0
BCAN,1.910804357712451e-06,7.623315785389647e-05,0.6666666666666666,0.14438729736201295,3,0,0.0
RASGRF2,0.0,3.874951528078797e-05,0.0,0.13524433538957314,1,0,0.0
RASGRF1,0.0001263207343810501,7.577817173004553e-05,0.0,0.16182721370044717,3,0,0.0
STC2,0.0,5.5575881036184135e-05,0.0,0.11425697116061208,1,0,0.0
DNAH5,0.0,0.00011486331265793706,0.0,0.00011487650775416428,1,0,0.0
DNAI2,0.0,0.00011486331265793706,0.0,0.00011487650775416428,1,0,0.0
WDR70,0.0,2.4112567102973517e-05,1.0,0.14981428842498987,2,0,0.0
SLC1A3,0.0,0.00011486331265793706,0.0,0.00011487650775416428,1,0,0.0
SLC1A2,0.0,0.00011486331265793706,0.0,0.00011487650775416428,1,0,0.0
TNC,0.0,3.040590385158272e-05,0.0,0.13773581967877843,1,0,0.0
ARRDC3,0.0,3.0874951283498205e-05,0.0,0.1501269257653179,1,0,0.0
SLF1,0.0,0.00011486331265793706,0.0,0.00011487650775416428,1,0,0.0
SLF2,0.0,0.00011486331265793706,0.0,0.00011487650775416428,1,0,0.0
CENPE,0.0,2.5307602812515423e-05,0.0,0.13876940534044696,1,0,0.0
CASP6,0.0,4.2304034877249675e-05,1.0,0.15363006982192826,2,0,0.0
CASP3,1.9629039491150426e-05,9.825596492859456e-05,0.4,0.16191604921423985,6,0,0.0
FHL2,0.0007545599938116298,7.061540733002011e-05,0.16666666666666666,0.17645032965489355,4,0,0.0
FGF8,1.9717141235751062e-05,9.656806566679431e-05,0.19047619047619047,0.1594606536471428,7,0,0.0
FGF16,1.620342936513474e-05,8.500784276074798e-05,0.2,0.15821610355430873,6,0,0.0
FGF17,0.00017397274961999303,0.00010861091387098933,0.14285714285714285,0.16244217048113455,8,0,0.0
FGF9,1.9756654544840744e-05,9.656806566679431e-05,0.19047619047619047,0.1594606536471428,7,0,0.0
FGF3,1.620342936513474e-05,8.500784276074798e-05,0.2,0.15821610355430873,6,0,0.0
FGF5,1.620342936513474e-05,8.500784276074798e-05,0.2,0.15821610355430873,6,0,0.0
FGF18,1.9717141235751062e-05,9.656806566679431e-05,0.19047619047619047,0.1594606536471428,7,0,0.0
TGFA,0.0002102499506114365,0.00015287897314701047,0.48484848484848486,0.18309911915768828,12,0,0.11
IGF1R,0.0013617790515564772,0.0002509240668424985,0.22807017543859648,0.19749865817477655,19,0,0.0
FLAD1,2.297794117647059e-06,0.00011421935721498918,0.3333333333333333,0.0009486576124214856,4,0,0.0
SIL1,0.0,3.994873288756818e-05,0.0,0.13080016454595125,1,0,0.0
HYOU1,9.610275762739047e-05,0.00010646534111062123,0.3333333333333333,0.15550513828976936,4,0,0.0
IQCG,0.0,5.0001843810635715e-05,1.0,0.1631204352677359,3,0,0.0
LSG1,0.0,3.082050798031819e-05,1.0,0.1390834965111143,2,0,0.0
NMD3,0.0004160902836417348,7.052042619270813e-05,0.26666666666666666,0.16438866994628398,6,0,0.0
SPDL1,0.0,8.778721275998764e-05,1.0,0.13878572923238208,6,0,0.0
SKA3,0.0,8.778721275998764e-05,1.0,0.13878572923238208,6,0,0.0
BOD1,0.0,8.778721275998764e-05,1.0,0.13878572923238208,6,0,0.0
SKA1,0.0,8.778721275998764e-05,1.0,0.13878572923238208,6,0,0.0
CENPF,0.0,8.778721275998764e-05,1.0,0.13878572923238208,6,0,0.0
SKA2,0.0,8.778721275998764e-05,1.0,0.13878572923238208,6,0,0.0
ABCB6,0.0,0.0001217215588615507,1.0,0.00047865211564235115,4,0,0.0
ABCG8,0.0,0.0001217215588615507,1.0,0.00047865211564235115,4,0,0.0
ABCD4,0.0,0.00015815887660816227,0.6,0.0005743825387708214,5,0,0.03
ABCA2,0.0,0.0001217215588615507,1.0,0.00047865211564235115,4,0,0.0
ABCG5,0.0,0.0001217215588615507,1.0,0.00047865211564235115,4,0,0.0
RNF40,0.0,7.195887633468555e-05,1.0,0.15717068768876458,5,0,0.0
UBR1,0.0,3.0285611519488543e-05,0.0,0.13198539928453742,1,0,0.0
SRF,0.002045345587664768,0.00023612133800767594,0.2,0.1513984041941895,10,0,0.0
MRTFA,0.0002770641879761392,5.0057157724756e-05,0.0,0.15338240824291213,2,0,0.0
ELK4,0.0,3.782600148511646e-05,0.0,0.12788240414971927,1,0,0.0
FOXG1,0.0,3.782600148511646e-05,0.0,0.12788240414971927,1,0,0.0
NFATC4,1.688405600810844e-06,0.00012187085659652564,0.7142857142857143,0.14773202326569335,7,0,0.01
NFATC2,0.0007869896243998182,0.00020532960412216378,0.3076923076923077,0.16871889432051254,13,0,0.0
NFATC3,7.453746354875602e-05,0.00014848300201817082,0.5833333333333334,0.15452345507707463,9,0,0.01
MYOCD,0.0,3.782600148511646e-05,0.0,0.12788240414971927,1,0,0.0
ELK1,0.0,3.782600148511646e-05,0.0,0.12788240414971927,1,0,0.0
SEMA3C,6.701899509803921e-08,6.49290183667802e-05,0.6666666666666666,0.14902330228678543,3,0,0.0
SEMA3A,6.701899509803921e-08,0.0001146411448306804,0.6,0.14903836237140045,6,0,0.0
SEMA3B,0.0,3.318093004623061e-05,0.0,0.14894052619543013,1,0,0.0
GIPC1,0.0002854300032167214,0.00010410693405929124,0.0,0.17252324806312405,5,0,0.0
SEMA3E,0.0,6.112518838794253e-05,1.0,0.14894804749456889,2,0,0.0
ROBO1,0.00027334969790204674,0.0001349426245884938,0.0,0.14934398534233925,5,0,0.0
PLXND1,9.535845588235295e-05,9.727459009252534e-05,0.3333333333333333,0.14895180842900718,3,0,0.0
SEMA3D,0.0,3.318093004623061e-05,0.0,0.14894052619543013,1,0,0.0
CREM,0.0,2.8224911668517496e-05,0.0,0.15713719456121042,1,0,0.0
APBA1,0.0004885922027681675,8.775215594375748e-05,0.16666666666666666,0.16389996168655258,4,0,0.0
PIP5K1B,0.0,0.00012989710114721449,1.0,0.14384860447761227,8,0,0.0
INPP5B,0.0,0.00012989710114721449,1.0,0.14384860447761227,8,0,0.0
SYNJ2,0.0,0.00012989710114721449,1.0,0.14384860447761227,8,0,0.0
INPP5E,0.0017836283253937098,0.0001758312838962294,0.6222222222222222,0.14540516196752282,10,0,0.03
PIP5KL1,0.0,0.00012989710114721449,1.0,0.14384860447761227,8,0,0.0
PIP5K1A,0.0,0.00012989710114721449,1.0,0.14384860447761227,8,0,0.0
OCRL,0.0004375254959583422,0.00019296656195002572,0.509090909090909,0.15697411977175096,11,0,0.03
SYNJ1,0.0016017121725902565,0.00018894250575170188,0.4393939393939394,0.16950426472680882,12,0,0.06
USP47,0.0,3.2670830931768606e-05,0.0,0.12708894200448975,1,0,0.0
MRE11,7.161515852459477e-06,6.426135099486609e-05,0.8333333333333334,0.16858870626796607,4,0,0.0
RAD50,0.00010251997173481242,9.038780800341404e-05,0.5,0.16859352446477283,5,0,0.0
KPNA2,0.0006615948176487579,8.743754579497437e-05,0.03571428571428571,0.17010056000641294,8,0,0.0
LRRTM2,0.0,5.088647625180984e-05,1.0,0.13291621425403094,2,0,0.0
NLGN4X,1.4340311445090857e-06,8.072771245229096e-05,0.6666666666666666,0.1573971402924945,4,0,0.0
NLGN4Y,0.0,6.466030525396201e-05,1.0,0.15730899789393069,3,0,0.0
NLGN2,9.535845588235295e-05,9.701075281731911e-05,0.5,0.15731738815463228,4,0,0.0
NLGN1,1.4340311445090857e-06,8.072771245229096e-05,0.6666666666666666,0.1573971402924945,4,0,0.0
NLGN3,1.4340311445090857e-06,8.072771245229096e-05,0.6666666666666666,0.1573971402924945,4,0,0.0
USP4,4.112364376207494e-06,4.369032941853795e-05,0.0,0.1464811139506953,2,0,0.0
SART3,1.573732653743619e-05,5.104810047443429e-05,0.0,0.15326285843134324,3,0,0.0
ZFYVE16,0.0,4.20662148441861e-05,1.0,0.14245562475301618,2,0,0.0
PRKAR1A,0.0,0.00010070615693910517,1.0,0.14665591241603027,6,0,0.0
AKAP14,0.0,4.649334756798799e-05,1.0,0.14664132994487425,2,0,0.0
RUNX1T1,0.00011805474407164614,6.805704203856965e-05,0.0,0.1647375637695105,4,0,0.0
AKAP4,0.0,5.944435061478614e-05,1.0,0.14664497529078482,3,0,0.0
PRKAR1B,0.0,0.00010070615693910517,1.0,0.14665591241603027,6,0,0.0
AKAP7,0.0,3.327007642290651e-05,0.0,0.12749545961707406,1,0,0.0
NBEA,5.6532863443436684e-05,6.083707950233454e-05,0.0,0.1541358544372492,3,0,0.0
PRKAR2B,6.392541730775696e-06,0.00011614928013091939,0.8571428571428571,0.15073687034680977,7,0,0.0
SREBF1,0.0,6.29554255710488e-05,1.0,0.14683843831887292,2,0,0.0
MCCC1,1.1488970588235294e-07,0.0001018193279099299,0.0,0.00035898908673176336,2,0,0.0
PCCB,6.893382352941177e-07,0.0001853592036967125,0.16666666666666666,0.00047865211564235115,4,0,0.0
MCCC2,0.0,0.00010148585226551392,0.0,0.0002871912693854107,2,0,0.0
CPT1A,0.0,0.00011486331265793706,1.0,0.00022975301550832856,2,0,0.0
CPT1B,0.0,0.00011486331265793706,1.0,0.00022975301550832856,2,0,0.0
CPT1C,0.0,0.00011486331265793706,1.0,0.00022975301550832856,2,0,0.0
CHKB,0.0,6.665818302336584e-05,1.0,0.1352009401591126,2,0,0.0
PHOSPHO1,0.0,6.665818302336584e-05,1.0,0.1352009401591126,2,0,0.0
RHAG,0.00012194485983950293,0.0001318076607620075,0.4,0.14912878683981093,6,0,0.02
SPTBN1,1.6212709207641185e-05,9.204838747227273e-05,0.6,0.1504754080305691,5,0,0.0
NRCAM,0.00011876281157163392,8.15269049038749e-05,0.16666666666666666,0.15000095153513873,4,0,0.0
TIAM1,0.00018529933871185334,0.00010650106011072876,0.14285714285714285,0.16090907015690792,7,0,0.0
RHCE,1.9364350287764935e-06,8.748462559405111e-05,0.8333333333333334,0.14134967702646287,4,0,0.0
OBSCN,2.721827852094908e-05,6.851729494697678e-05,0.6666666666666666,0.1531673526775303,3,0,0.0
TTN,0.004662083086663416,0.0003581927415471849,0.02197802197802198,0.16988991219141206,14,0,0.14
SPTB,6.326024025896656e-06,6.503731796315259e-05,0.3333333333333333,0.14705807002598598,3,0,0.0
AKAP5,0.0014043325445205284,0.00018235842627484488,0.17777777777777778,0.17298362034550469,10,0,0.0
ABCB4,0.0,2.974347769803348e-05,0.0,0.1659050938218185,1,0,0.0
SRI,4.1153641414230496e-05,4.53708424804213e-05,0.0,0.14148189041905268,2,0,0.0
ANLN,2.1055628181129812e-05,8.323630394443275e-05,0.3333333333333333,0.14983712016820933,3,0,0.0
DIAPH3,0.0,5.8559678349282365e-05,1.0,0.14958635310433108,2,0,0.0
EIF4H,0.0,6.299950356521917e-05,1.0,0.1531951962246449,5,0,0.0
EIF4A2,2.6869380372772298e-05,0.00013145895375956643,0.6,0.1596030253787073,10,0,0.0
ADAM28,0.0,3.9394211772889985e-05,0.0,0.13221613781792593,1,0,0.0
ACAT1,0.0,0.00011486331265793706,0.0,0.00011487650775416428,1,0,0.0
ACAT2,0.0,0.00011486331265793706,0.0,0.00011487650775416428,1,0,0.0
GET3,1.6927833302534742e-05,0.0001131669047899795,0.3333333333333333,0.12473489567213754,4,0,0.01
DEPTOR,4.129272006498168e-06,0.00011999471396490069,0.8,0.16342773218701245,10,0,0.11
SERGEF,0.0,0.00011486331265793706,0.0,0.00011487650775416428,1,0,0.0
DPH3,0.0,0.00011486331265793706,0.0,0.00011487650775416428,1,0,0.0
HPS5,0.0,0.00011486331265793706,1.0,0.00022975301550832856,2,0,0.0
HPS3,0.0,0.00011486331265793706,1.0,0.00022975301550832856,2,0,0.0
HPS6,0.0,0.00011486331265793706,1.0,0.00022975301550832856,2,0,0.0
FAM160A2,0.0,0.00010159389583805585,1.0,0.11373708057344697,4,0,0.0
HOOK1,0.0,0.00010159389583805585,1.0,0.11373708057344697,4,0,0.0
AKTIP,0.0,0.00010159389583805585,1.0,0.11373708057344697,4,0,0.0
HOOK3,0.0020261948529411763,0.00011373935811248852,0.6,0.13195882742086615,5,0,0.01
HOOK2,0.0,0.00010159389583805586,1.0,0.11373708057344697,4,0,0.0
INS-IGF2,1.536985921629849e-05,6.550923134901027e-05,0.6666666666666666,0.1719449522275388,4,0,0.0
CCL3,0.0009899052072461475,0.00018215892846705644,0.2761904761904762,0.16794076812111827,15,0,0.0
SLIT1,1.650402534509639e-05,8.96818427064598e-05,0.0,0.13087561390208105,3,0,0.0
ROBO2,0.00010220351342796637,0.00010496302845371705,0.0,0.14339404023001048,4,0,0.0
ROBO4,1.267384290657268e-06,8.963446685900705e-05,0.0,0.11899079032238181,3,0,0.0
ARMC8,0.00014303768382352942,0.00021366695274600473,0.3333333333333333,0.10793712003041739,6,0,0.0
WDR26,4.7679227941176475e-05,0.00013967267882270467,0.6666666666666666,0.10793119549587239,4,0,0.02
RMND5A,0.0,0.00010640710718297166,1.0,0.10792922079555045,3,0,0.0
GID4,9.535845588235295e-05,0.00012037509444392563,0.3333333333333333,0.10793119549587239,3,0,0.0
CD2BP2,0.00023495984398000315,4.2571408647410875e-05,0.6,0.15700754341058237,5,0,0.0
PINK1,1.437886229017496e-05,7.945299195287902e-05,0.16666666666666666,0.15865012024372432,4,0,0.0
SLC5A1,0.0001907169117647059,7.202604599287661e-05,0.0,0.1728113259029295,2,0,0.0
PDZK1IP1,9.535845588235295e-05,9.66239866670425e-05,0.0,0.14283850507330445,2,0,0.0
TTLL1,0.0,0.00011486331265793706,1.0,0.0004595060310166571,4,0,0.0
TPGS1,0.0,0.00011486331265793706,1.0,0.0004595060310166571,4,0,0.0
TPGS2,0.0,0.00011486331265793706,1.0,0.0004595060310166571,4,0,0.0
LRRC49,0.0,0.00011486331265793706,1.0,0.0004595060310166571,4,0,0.0
NICN1,0.0,0.00011486331265793706,1.0,0.0004595060310166571,4,0,0.0
CACNA1A,1.188837437902742e-07,8.086321361092423e-05,0.8666666666666667,0.16339604523231868,6,0,0.01
CACNB2,7.412239089184061e-09,7.587657816653487e-05,0.8,0.1394583314662506,6,0,0.0
CACNA2D2,5.580357142857142e-08,5.689384115360128e-05,0.5,0.13940889568763798,4,0,0.0
B4GALNT3,0.0,0.00011486331265793706,0.0,0.00011487650775416428,1,0,0.0
B4GALNT4,0.0,0.00011486331265793706,0.0,0.00011487650775416428,1,0,0.0
ALG10,0.0,0.00011486331265793706,0.0,0.00011487650775416428,1,0,0.0
ALG10B,0.0,0.00011486331265793706,0.0,0.00011487650775416428,1,0,0.0
ARNTL2,0.0,5.993963522133671e-05,1.0,0.14912878683981093,3,0,0.0
NPAS2,0.0,5.993963522133671e-05,1.0,0.14912878683981093,3,0,0.0
ZCRB1,0.0,2.1879389688930835e-05,0.0,0.1353218961994449,1,0,0.0
TAPBPL,0.0,4.430334132314471e-05,1.0,0.14728203682676455,2,0,0.0
MR1,4.469182127437358e-06,7.19821638935885e-05,0.5,0.15403925791263842,4,0,0.0
CD70,5.791147999937834e-06,6.78913288648185e-05,0.0,0.15141783467292283,4,0,0.0
LOC102723996,9.499862726790044e-05,0.00012865960201218076,0.4166666666666667,0.1761447423416662,9,0,0.0
SIVA1,0.0,3.1220023969239695e-05,0.0,0.13835606212966206,1,0,0.0
TNFSF4,5.791147999937834e-06,6.78913288648185e-05,0.0,0.15141783467292283,4,0,0.0
ICOSLG,5.517799773779817e-05,0.00011764720815897406,0.32142857142857145,0.17159983189406874,8,0,0.02
LGR5,3.178615196078421e-05,0.0001600837656473924,0.6,0.12560336032496702,6,0,0.24
RSPO2,0.0,8.799788134213585e-05,1.0,0.10898604062708817,3,0,0.0
LGR6,0.0,8.585413615563342e-05,1.0,0.12559533779774748,3,0,0.0
RNF43,0.0,8.585413615563342e-05,1.0,0.12559533779774748,3,0,0.0
ZNRF3,3.178615196078421e-05,0.00011076431362720283,0.8333333333333334,0.12559801185961508,4,0,0.0
TMPO,0.0,2.598356422493166e-05,0.0,0.14621607190537614,1,0,0.0
SNRNP48,0.0,4.556958666063918e-05,0.8,0.1466522665263493,6,0,0.0
CDK5,0.0018366268382352946,0.00011057819522811125,0.0,0.1497078322257233,3,0,0.0
WEE1,0.00010388569109430186,7.903091699764501e-05,0.0,0.1514956064876448,3,0,0.0
CDKN3,0.0,2.7820841251564898e-05,0.0,0.14969263654644743,1,0,0.0
NPFF,0.0,0.00011486331265793706,1.0,0.00022975301550832856,2,0,0.0
NPFFR2,0.0,0.00011486331265793706,1.0,0.00022975301550832856,2,0,0.0
NPFFR1,0.0,0.00011486331265793706,1.0,0.00022975301550832856,2,0,0.0
CSAD,0.0,0.00011486331265793704,1.0,0.0003446295232624928,3,0,0.0
GAD1,0.0,0.00011486331265793704,1.0,0.0003446295232624928,3,0,0.0
GAD2,0.0,0.00011486331265793704,1.0,0.0003446295232624928,3,0,0.0
GADL1,0.0,0.00011486331265793704,1.0,0.0003446295232624928,3,0,0.0
GRB7,0.0,5.1417029566158115e-05,1.0,0.1735995827380713,3,0,0.0
BTC,0.0,5.130844812564231e-05,1.0,0.17443116062043235,3,0,0.0
NRG2,6.445134350596704e-06,8.307910858687024e-05,0.8,0.16163211828430832,5,0,0.01
RNF41,1.7611451186507239e-06,3.749379105945891e-05,0.0,0.16812743811161973,2,0,0.0
NRG1,4.2561772894942066e-05,0.00010736969667993402,0.6190476190476191,0.17463771636290007,7,0,0.0
ESYT1,0.0,0.00011486331265793706,0.0,0.00011487650775416428,1,0,0.0
ESYT2,0.0,0.00011486331265793706,0.0,0.00011487650775416428,1,0,0.0
DOCK1,0.00034466529101495695,0.00014423978614719668,0.4166666666666667,0.1806654238950876,9,0,0.07
FERMT2,2.421791214236378e-06,5.3424516419189525e-05,0.3333333333333333,0.15852648127008495,3,0,0.0
PARVA,0.00020212520719140324,0.00014803234277644387,0.37777777777777777,0.17206030103609163,10,0,0.02
SSTR1,0.0,4.767890513681352e-05,0.0,0.11079971114408821,1,0,0.0
TPP1,0.0,6.750777593965964e-05,1.0,0.13702556087018655,3,0,0.0
RMI2,0.0,5.516722453689699e-05,1.0,0.1370446607276664,4,0,0.0
TOP3B,9.535845588235295e-05,6.687169034052047e-05,0.3333333333333333,0.1328832793688735,3,0,0.0
PELI2,0.0,3.949336027805466e-05,1.0,0.17630267247526601,2,0,0.0
FAM181A,0.0,4.449156093906274e-05,0.0,0.13260846175165564,1,0,0.0
TEAD4,0.00028607536764705885,0.00015238170645174307,0.1,0.15806772296415864,5,0,0.0
ITPK1,0.0,0.00011486331265793704,1.0,0.0003446295232624928,3,0,0.0
INPP5A,0.0,0.00011486331265793704,1.0,0.0003446295232624928,3,0,0.0
INPP5K,0.0,0.00011486331265793704,1.0,0.0003446295232624928,3,0,0.0
INPP5J,0.0,0.00011486331265793704,1.0,0.0003446295232624928,3,0,0.0
TRIP11,0.0,2.5999342394915852e-05,0.0,0.11468122282747333,1,0,0.0
DUOXA1,0.0,3.0082102424771373e-05,0.0,0.12399813808009419,1,0,0.0
FGF7,1.4624091035463953e-05,8.784342104402891e-05,0.2,0.155096290811684,6,0,0.0
BNIP2,0.0,2.8604350295637006e-05,0.0,0.15797882812518146,1,0,0.0
SRP14,0.0,7.062226827516118e-05,1.0,0.1378935816040767,5,0,0.0
SRP19,0.0,7.062226827516118e-05,1.0,0.1378935816040767,5,0,0.0
SRP9,1.5924149950550394e-07,9.90874366422461e-05,0.6666666666666666,0.13790002854323252,7,0,0.0
SRP72,3.949253695299095e-08,8.44607720898557e-05,0.8,0.13789680499830292,6,0,0.0
TTBK2,0.0,4.746899191239327e-05,0.0,0.0002871912693854107,1,0,0.0
CEP164,0.0,0.00014197615481865622,0.5,0.00047865211564235115,4,0,0.0
COMMD4,0.0,4.1188263887371847e-05,0.0,0.12283112108071463,1,0,0.0
UBE2Q2,0.0,0.00011486331265793706,1.0,0.00022975301550832856,2,0,0.0
UBE2QL1,0.0,0.00011486331265793706,1.0,0.00022975301550832856,2,0,0.0
UBE2Q1,0.0,0.00011486331265793706,1.0,0.00022975301550832856,2,0,0.0
BCL2A1,3.282563025210084e-08,6.53710276031094e-05,0.8333333333333334,0.13826850321166326,4,0,0.0
BID,1.899466864252447e-05,0.00012557602088895793,0.7222222222222222,0.16140215658492438,9,0,0.21
MTBP,0.0,4.5678149252806774e-05,0.0,0.12350230128802264,1,0,0.0
RAC1,0.0008729024723522636,0.0001762179174789273,0.12727272727272726,0.1695432379439674,11,0,0.0
CLIP1,0.0005770602054392014,8.87595813518271e-05,0.2,0.1711418207961473,6,0,0.0
IQGAP3,0.0,4.602382168656378e-05,1.0,0.16256303519131396,2,0,0.0
IQGAP2,2.099888409819326e-06,6.213872951776437e-05,0.6666666666666666,0.16657030696096006,3,0,0.0
CRTC3,0.0,4.593739895096504e-05,1.0,0.1412955070903569,2,0,0.0
CRTC1,1.073533961489884e-05,5.9586747137089035e-05,0.6666666666666666,0.15714975281108212,3,0,0.0
SEPTIN12,0.0002581629269573884,0.00010531250407782202,0.8571428571428571,0.16404125082790802,8,0,0.02
SEPTIN2,0.0002582490942368001,0.00012912746828082228,0.7555555555555555,0.1640503746217192,10,0,0.07
SEPTIN4,0.00010745645321914243,0.00012079185808907888,0.5833333333333334,0.14359299501052533,9,0,0.0
SEPTIN7,2.8627728583380207e-07,0.00013067050873083542,0.7333333333333333,0.13768438373258027,10,0,0.02
SEPTIN11,0.000368303852811343,0.00014336002982534956,0.6727272727272727,0.1640549368992269,11,0,0.34
SEPTIN9,0.00028193831461167777,0.00012882362165409083,0.7777777777777778,0.1640503746217192,10,0,0.0
SEPTIN6,0.00028193831461167777,0.00012882362165409083,0.7777777777777778,0.1640503746217192,10,0,0.0
SEPTIN5,1.3212316176470587e-07,0.00011912982034646158,0.75,0.13682533332612146,9,0,0.05
CDR2,0.0,0.00011486331265793706,0.0,0.00011487650775416428,1,0,0.0
CDR1,0.0,0.00011486331265793706,0.0,0.00011487650775416428,1,0,0.0
NKD1,0.0,0.00011486331265793706,0.0,0.00011487650775416428,1,0,0.0
NKD2,0.0,0.00011486331265793706,0.0,0.00011487650775416428,1,0,0.0
CDH11,0.0,3.96329742194757e-05,1.0,0.17393741474339972,2,0,0.0
CDH13,0.0,4.9342218734581855e-05,0.0,0.11052982745353096,1,0,0.0
ADIPOQ,9.535845588235295e-05,0.00011147307717773365,0.3333333333333333,0.12766929448604944,3,0,0.0
RPL3L,0.0,1.9720144603309874e-05,0.0,0.1527509107181025,1,0,0.0
CBFA2T3,6.339228268371729e-07,4.435827286459905e-05,0.0,0.14721955131076617,2,0,0.0
ESR2,0.00016130625466028725,0.00012421261938844573,0.5454545454545454,0.1959374039599562,12,0,0.03
NR1D2,0.0,2.6848558655665488e-05,0.0,0.15971537622911602,1,0,0.0
HDAC3,2.8219831092407065e-05,0.00011120566206702965,0.5454545454545454,0.17599759594911393,11,0,0.0
HDAC9,6.133821181330503e-05,6.53276130586647e-05,0.2,0.17477224012746723,5,0,0.0
GPS2,0.0,7.550994212767368e-05,1.0,0.1643749281381632,6,0,0.0
RANBP10,0.0,5.140369565801524e-05,0.0,0.09542206404008996,1,0,0.0
NEK8,2.297794117647059e-07,9.989037550759086e-05,0.0,0.0981970140330659,2,0,0.0
PRPSAP2,0.0,0.00012628027694637676,0.8333333333333334,0.0004595060310166571,4,0,0.0
PRPS2,0.0,0.00012628027694637676,0.8333333333333334,0.0004595060310166571,4,0,0.0
PRPS1L1,0.0,9.773786622527748e-05,1.0,0.0003676048248133257,3,0,0.0
PRPSAP1,0.0,9.773786622527748e-05,1.0,0.0003676048248133257,3,0,0.0
PRPS1,0.0,0.00012628027694637676,0.8333333333333334,0.0004595060310166571,4,0,0.0
UNC45B,0.0,2.710388196996106e-05,0.0,0.178171718294796,1,0,0.0
EPN3,0.0,7.228621039325468e-05,1.0,0.14934398534233925,3,0,0.0
EPN2,0.0,7.228621039325468e-05,1.0,0.14934398534233925,3,0,0.0
GRIA2,0.00036287527890880704,0.00016854694702842258,0.2857142857142857,0.15640808731101924,8,0,0.0
AFG3L2,0.0,2.9831703237739315e-05,0.0,0.13878246414676518,1,0,0.0
GAREM1,0.0,2.8216715507003637e-05,0.0,0.16555588855585993,1,0,0.0
NPC2,0.0,4.718258420697972e-05,0.0,0.10278946542990766,1,0,0.0
SAT2,0.0,0.00011486331265793706,0.0,0.00011487650775416428,1,0,0.0
SAT1,0.0,0.00011486331265793706,0.0,0.00011487650775416428,1,0,0.0
S100A2,0.0,2.7000852504262383e-05,0.0,0.1783602654962327,1,0,0.0
TFAM,0.0017344597173407762,8.53641963210507e-05,0.3333333333333333,0.17942354830045626,4,0,0.0
ETS2,1.2927296464499722e-05,5.9055956166952686e-05,0.3333333333333333,0.17858704955868251,3,0,0.0
PPP1R13L,1.3073209377286905e-05,4.506282498231789e-05,0.0,0.17867359525752366,2,0,0.0
IFI16,0.0,3.3824804668650864e-05,1.0,0.18301958988031772,2,0,0.03
E4F1,0.0,2.7000852504262383e-05,0.0,0.1783602654962327,1,0,0.0
CCNG1,9.535845588235295e-05,6.564117502369303e-05,0.0,0.17837105167581038,2,0,0.0
SUMO4,0.0010432757590976987,0.00016301064037735257,0.4393939393939394,0.18516235352717916,12,0,0.07
NOC2L,0.0013262498151730485,7.985670089505172e-05,0.5,0.17982281423631766,5,0,0.0
NDN,5.211234850439486e-06,3.6694620146752335e-05,0.0,0.1787710594891327,2,0,0.0
CHEK2,1.593516390243879e-05,4.1106374424829557e-05,0.6666666666666666,0.18464653252229876,3,0,0.0
UBE3A,6.834034537290356e-05,5.4033646044408755e-05,0.0,0.18332672698807884,4,0,0.0
TP53BP2,0.0013520371245544355,0.00010695391822234902,0.19047619047619047,0.18356061303240503,7,0,0.0
PPID,0.0032446263953084436,0.0001284811011513944,0.2909090909090909,0.19602204495987244,11,0,0.01
TRIM65,0.0,2.8822471002415295e-05,0.0,0.1513673257985836,1,0,0.0
ELAC1,0.0,0.00011486331265793706,0.0,0.00011487650775416428,1,0,0.0
ELAC2,0.0,0.00011486331265793706,0.0,0.00011487650775416428,1,0,0.0
SERPINB13,0.0,0.00011486331265793706,0.0,0.00011487650775416428,1,0,0.0
CTSK,0.0,0.00011486331265793706,0.0,0.00011487650775416428,1,0,0.0
MUC4,0.0,2.8975107263920673e-05,0.0,0.16526369018132514,1,0,0.0
ERBIN,0.0,2.8975107263920673e-05,0.0,0.16526369018132514,1,0,0.0
PLXNB1,0.00040780420445366174,0.0002022179786941735,0.18181818181818182,0.16986056094394889,11,0,0.0
IGFBP4,0.0,5.8142866899934785e-05,1.0,0.15316337585414516,3,0,0.0
IGFBP1,1.3199360294241456e-06,8.781062285934033e-05,0.6,0.15468553128336482,5,0,0.0
BCKDHB,0.0,0.00010278860681447492,0.6666666666666666,0.08987852974102448,3,0,0.0
F5H5P2_HUMAN,0.0,7.353490687155398e-05,1.0,0.08987716037209417,2,0,0.0
SMG9,0.0,5.747330284446776e-05,1.0,0.12265234990482371,2,0,0.0
SMG1,0.0001907169117647059,9.116692992636359e-05,0.4,0.14411920797963454,5,0,0.0
SMG8,0.0,5.747330284446776e-05,1.0,0.12265234990482371,2,0,0.0
IFNAR1,0.002142113981633941,0.00021242400648754548,0.27472527472527475,0.1774588599068167,14,0,0.04
IFNW1,0.0,4.278412831641903e-05,1.0,0.14599894619533227,2,0,0.0
IFNE,0.0,3.017102549266746e-05,0.0,0.14599171977683076,1,0,0.0
IFNA2,0.0,4.278412831641903e-05,1.0,0.14599894619533227,2,0,0.0
IFNA1,0.0002668982265933865,0.00010883399196708773,0.38095238095238093,0.16897019423185156,7,0,0.0
IFNK,0.0,3.017102549266746e-05,0.0,0.14599171977683076,1,0,0.0
CCS,0.0,3.3321868298951025e-05,0.0,0.13874655834189623,1,0,0.0
SIK1,0.0,0.00011486331265793706,0.0,0.00011487650775416428,1,0,0.0
SIK1B,0.0,0.00011486331265793706,0.0,0.00011487650775416428,1,0,0.0
SCYL1,0.0,8.421209493041866e-05,1.0,0.12875605511224028,7,0,0.0
DIPK2A,0.0,8.421209493041866e-05,1.0,0.12875605511224028,7,0,0.0
DRD2,0.0007869748803443508,0.00012771652155791415,0.06666666666666667,0.16873337207237782,6,0,0.0
CNIH2,0.0,4.6833359455846805e-05,1.0,0.13005616255175276,2,0,0.0
TRIM59,0.0,3.1950544772993606e-05,0.0,0.1462124478516433,1,0,0.0
PAM16,2.292208699217829e-05,8.768566015255774e-05,0.8333333333333334,0.15411974660420108,4,0,0.0
DNAJC19,2.292208699217829e-05,8.768566015255774e-05,0.8333333333333334,0.15411974660420108,4,0,0.0
PTH2,0.0,6.064586215917181e-05,0.0,0.1284756385796324,2,0,0.0
PTH2R,8.359954244465466e-05,9.484326073126065e-05,0.5,0.15116175326130432,4,0,0.0
PTH,1.1758913437698278e-05,8.210201299613875e-05,0.3333333333333333,0.13454719964014233,3,0,0.0
IGLON5,0.0,0.00011486331265793706,0.0,0.00011487650775416428,1,0,0.0
NEGR1,0.0,0.00011486331265793706,0.0,0.00011487650775416428,1,0,0.0
ZNF516,0.0,3.563127315841589e-05,1.0,0.15634176351697235,2,0,0.0
IL22RA1,0.00016802506869111438,0.00010985615279465457,0.3,0.14805831440961778,5,0,0.0
IL22,9.535845588235295e-05,8.902577819283516e-05,0.3333333333333333,0.12579084401702492,3,0,0.0
IL24,0.0,0.00011236954287765081,0.7,0.1255098278977554,5,0,0.0
IL20RB,0.0,0.00011236954287765081,0.7,0.1255098278977554,5,0,0.0
PLK4,0.0020268841911764706,0.00021162931749559266,0.0,0.10654711232565836,4,0,0.0
CEP152,9.535845588235295e-05,0.00012949765581744433,0.0,0.09434162422271908,2,0,0.0
CEP192,0.0,6.693413377395286e-05,0.0,0.09433860678739187,1,0,0.0
TENT5C,0.0,6.693413377395286e-05,0.0,0.09433860678739187,1,0,0.0
STIL,0.00212109375,9.969952654726462e-05,0.0,0.12236485762041115,2,0,0.0
FCN3,0.0,9.352194798880441e-05,1.0,0.1249621331798759,4,0,0.0
MASP1,1.8414521021674122e-05,0.0001566994404007246,0.47619047619047616,0.12799339150388164,7,0,0.01
FCN2,2.192529521151034e-06,0.00011401081814801543,0.8,0.1249647803461933,5,0,0.12
MASP2,7.53976314936754e-05,0.0001589665723853039,0.42857142857142855,0.12799339150388164,7,0,0.0
MBL2,0.0005381540114970712,0.00017342298600562172,0.25,0.1472526252720202,8,0,0.01
FNBP1,0.0,3.8643502088271434e-05,0.0,0.1361966943186203,1,0,0.0
CTTNBP2NL,0.0,3.186735859592277e-05,0.0,0.12569703226060389,1,0,0.0
PROKR1,0.0,0.00011486331265793706,0.0,0.0002584721424468696,2,0,0.0
MPC2,0.0,0.00011486331265793706,0.0,0.00011487650775416428,1,0,0.0
MPC1,0.0,0.00011486331265793706,0.0,0.00011487650775416428,1,0,0.0
UAP1,0.0,0.00011486331265793706,0.0,0.00011487650775416428,1,0,0.0
UAP1L1,0.0,0.00011486331265793706,0.0,0.00011487650775416428,1,0,0.0
PRCC,0.0,2.6170926851305112e-05,1.0,0.1391130154704021,2,0,0.0
MEF2D,5.104165878213542e-07,9.988910816423333e-05,0.9333333333333333,0.14877900179123332,6,0,0.0
MEF2B,0.00016049833149860997,0.00014259471623212971,0.3888888888888889,0.15254156550016554,9,0,0.01
CGN,4.212299726923611e-05,0.00011947517283497313,0.6071428571428571,0.1643795084855909,8,0,0.01
F11R,0.00022036963390757207,0.00019568607353721726,0.2967032967032967,0.1690137644621494,14,0,0.01
ARHGEF18,8.189105722278191e-05,6.353880148957934e-05,0.0,0.1537501934169725,3,0,0.0
TJP3,0.00025242388131686713,0.00013683286781061705,0.4722222222222222,0.16233488596335618,9,0,0.06
S100A11,0.0,5.022992844447908e-05,1.0,0.16114643158473518,2,0,0.01
ANXA1,0.0006778219946613767,0.00014349290219550323,0.2857142857142857,0.16595643450802905,7,0,0.0
ATF7IP,6.959555430530046e-06,3.525692845666638e-05,0.0,0.1594391043277494,2,0,0.0
POGZ,0.0,2.607664664699598e-05,0.0,0.14406289491604965,1,0,0.0
LEFTY1,0.0,0.00011486331265793706,0.0,0.00011487650775416428,1,0,0.0
LEFTY2,0.0,0.00011486331265793706,0.0,0.00011487650775416428,1,0,0.0
REN,4.827029186584519e-05,4.907641446929565e-05,0.0,0.11542621208488858,2,0,0.0
RHOB,0.0,0.00011486331265793706,0.0,0.00011487650775416428,1,0,0.0
RHOH,0.0,0.00011486331265793706,0.0,0.00011487650775416428,1,0,0.0
USP21,0.0,4.0776906306050204e-05,1.0,0.18078169290007665,4,0,0.0
TMEM189-UBE2V1,9.535845588235295e-05,7.42032984386561e-05,0.6666666666666666,0.18104245706550456,6,0,0.0
UBE2L6,0.0003316556736770314,8.617613694542589e-05,0.5,0.18578632593293024,8,0,0.0
ATXN3L,0.0002904036131013881,9.305245610178705e-05,0.5357142857142857,0.18545340692956083,8,0,0.0
TRIM25,1.1502127570523047e-06,7.199076861932112e-05,0.8571428571428571,0.18239147330248898,7,0,0.0
OTULIN,0.0007445607905543526,6.651590810098655e-05,0.6666666666666666,0.18320716236598655,6,0,0.0
MINDY2,0.0,4.0776906306050204e-05,1.0,0.18078169290007665,4,0,0.0
PLAA,0.00026750480897668263,6.979046649067818e-05,0.4666666666666667,0.18108691739386054,6,0,0.0
RNF168,0.001997422446554034,9.633389296558715e-05,0.4,0.18376074453374872,10,0,0.0
OTUD7B,0.0,4.0776906306050204e-05,1.0,0.18078169290007665,4,0,0.0
UBL7,0.0,4.0776906306050204e-05,1.0,0.18078169290007665,4,0,0.0
UBQLN1,0.0,4.538086754344015e-05,1.0,0.18136528995334197,5,0,0.01
HUWE1,0.00029183173537300976,7.033320315260633e-05,0.4,0.18286073840738998,6,0,0.0
UBR5,0.0,4.0776906306050204e-05,1.0,0.18078169290007665,4,0,0.0
UBQLN2,9.535845588235295e-05,6.480015199730559e-05,0.6,0.18079277394411108,5,0,0.0
ATXN3,0.001020837319662412,0.00014286888086216065,0.3076923076923077,0.1897911145042919,13,0,0.0
UBA1,3.23581902166461e-07,6.795373866271432e-05,0.9047619047619048,0.18097025557635368,7,0,0.0
STAMBPL1,0.0,4.0776906306050204e-05,1.0,0.18078169290007665,4,0,0.0
RNF4,2.9339426742919385e-07,5.978068907316165e-05,0.9333333333333333,0.18107024221192797,6,0,0.03
PICALM,0.0008022617639002691,4.975022754137993e-05,0.6,0.182549510166251,5,0,0.0
JOSD2,0.0,4.0776906306050204e-05,1.0,0.18078169290007665,4,0,0.0
ZUP1,0.0,4.0776906306050204e-05,1.0,0.18078169290007665,4,0,0.0
ETF1,5.4241638481931684e-05,5.5579539848003734e-05,0.47619047619047616,0.18301391186121058,7,0,0.0
UBE2V2,0.00037711349353342473,8.876905911420327e-05,0.5714285714285714,0.1812092959704614,8,0,0.0
USP46,0.0,4.960910202777511e-05,1.0,0.18079831497555476,5,0,0.0
ZFAND2B,0.0,4.0776906306050204e-05,1.0,0.18078169290007665,4,0,0.0
USP12,4.5852900373690265e-05,6.458344426805307e-05,0.7333333333333333,0.18080385634665772,6,0,0.01
UCHL3,0.0,4.0776906306050204e-05,1.0,0.18078169290007665,4,0,0.0
RNF13,0.0,4.9474258848365696e-05,1.0,0.1809203036564559,5,0,0.0
RNF216,0.0,4.0776906306050204e-05,1.0,0.18078169290007665,4,0,0.0
UBA6,9.535845588235295e-05,8.06943865831389e-05,0.7142857142857143,0.18083711170786917,7,0,0.0
UBE2G1,0.0003588602188792277,8.572836628397649e-05,0.4666666666666667,0.18083711170786917,6,0,0.0
RAD23A,0.00027543296679323416,7.285837597757665e-05,0.5277777777777778,0.18480271360616524,9,0,0.0
MINDY1,0.0,4.0776906306050204e-05,1.0,0.18078169290007665,4,0,0.0
USP34,0.0,4.0776906306050204e-05,1.0,0.18078169290007665,4,0,0.0
MYCBP2,2.231620546093621e-05,6.5148921220911e-05,0.6666666666666666,0.18093140169986507,6,0,0.0
TDP2,0.0,4.0776906306050204e-05,1.0,0.18078169290007665,4,0,0.0
UCHL1,0.0,4.0776906306050204e-05,1.0,0.18078169290007665,4,0,0.0
YOD1,0.00026750480897668263,6.979046649067818e-05,0.4666666666666667,0.18108691739386054,6,0,0.0
TOM1,3.0235622890257726e-05,6.32915202717231e-05,0.6666666666666666,0.18426586559075409,6,0,0.0
UBA7,1.5014908271042447e-05,7.145325153430038e-05,0.7142857142857143,0.18154389798185513,7,0,0.0
RLIM,0.00011946056505639215,7.707299539479325e-05,0.47619047619047616,0.18324130776946546,7,0,0.0
WDPCP,0.0,0.00011314315762552415,1.0,0.0002584721424468696,2,0,0.0
INTU,0.0,0.0001679420317359317,0.3333333333333333,0.0003446295232624928,3,0,0.0
FUZ,0.0,0.00011314315762552415,1.0,0.0002584721424468696,2,0,0.0
VPS54,0.0,8.518246948578547e-05,1.0,0.10926866506793118,3,0,0.0
VPS53,0.0,0.00011011695655217509,0.8333333333333334,0.10927068908647429,4,0,0.0
VPS52,0.0,0.00011011695655217509,0.8333333333333334,0.10927068908647429,4,0,0.0
MEIS1,0.0,0.00018983328183572277,0.4,0.000695002871912694,5,0,0.0
HOXA9,0.0,8.409957191371297e-05,1.0,0.0006043503234023426,2,0,0.0
PBX1,0.0,0.00024379728742205347,0.13333333333333333,0.0008687535898908674,6,0,0.0
MEIS2,0.0,0.00015379596583959472,0.5,0.0006619074970597085,4,0,0.0
HOXB13,0.0,8.209796923956168e-05,1.0,0.00047931232545703027,2,0,0.0
DLX3,0.0,8.209796923956168e-05,1.0,0.00047931232545703027,2,0,0.0
RTKN,1.0339177185515131e-05,5.8093652896207544e-05,0.0,0.15176062928719097,2,0,0.0
CNGA3,0.0,0.00011486331265793706,0.0,0.00011487650775416428,1,0,0.0
CNGB3,0.0,0.00011486331265793706,0.0,0.00011487650775416428,1,0,0.0
UBXN4,0.0,0.00010509648469427823,1.0,0.13966303852034662,6,0,0.0
UBXN8,0.0,0.00010509648469427823,1.0,0.13966303852034662,6,0,0.0
UBXN2A,0.0,0.00010509648469427823,1.0,0.13966303852034662,6,0,0.0
UBXN6,4.824457485387952e-05,0.00012630006065858136,0.6071428571428571,0.15210497952768998,8,0,0.0
NSFL1C,0.0,0.00010509648469427823,1.0,0.13966303852034662,6,0,0.0
SUMF1,0.0,0.00011486331265793706,0.0,0.00011487650775416428,1,0,0.0
SUMF2,0.0,0.00011486331265793706,0.0,0.00011487650775416428,1,0,0.0
ACKR3,5.219456061608965e-05,6.140225875215689e-05,0.5,0.16974814171910685,4,0,0.0
APPL1,0.0011705511702082446,0.00019633684646003273,0.06666666666666667,0.18501716914510102,10,0,0.0
ANKFY1,0.0,3.168010153124741e-05,0.0,0.14427429615100765,1,0,0.0
F8A2,5.722174121218424e-05,4.3052534667117635e-05,0.0,0.1657745516656569,2,0,0.0
RABEP1,0.00019646934310479398,0.00011500328605280087,0.26666666666666666,0.15751902325827505,6,0,0.0
CTDSP1,0.0,2.757379952192225e-05,0.0,0.14133274446015479,1,0,0.0
PCNT,9.924152576736513e-05,4.568077357421224e-05,0.0,0.14692987175327907,2,0,0.0
DYNLT1,1.379888344800247e-05,8.419701746996464e-05,0.6190476190476191,0.1438030184053045,7,0,0.0
BICD2,0.0006044985471542172,6.559402637561733e-05,0.0,0.16245559101736068,4,0,0.01
STAC,0.0,2.917062572395428e-05,0.0,0.13949460665947175,1,0,0.0
HLA-G,0.0003077692737593306,0.0002107060792124779,0.21904761904761905,0.16795033085703226,15,0,0.0
LRIG1,0.0,2.944780844000083e-05,0.0,0.16017506370041004,1,0,0.0
BOC,2.199136058544026e-05,0.00013641271174527308,0.8214285714285714,0.14409456559814363,8,0,0.01
CDON,2.199136058544026e-05,0.00013641271174527308,0.8214285714285714,0.14409456559814363,8,0,0.01
DHH,7.687410508299946e-06,0.00012248326063776167,0.8095238095238095,0.13053388699376883,7,0,0.18
GAS1,6.769908964534659e-06,0.00010622112220238361,0.9333333333333333,0.14408752646546008,6,0,0.02
PTCH2,2.2035431448336935e-05,0.00013641271174527305,0.8214285714285714,0.14409456559814363,8,0,0.01
ASB2,0.0,3.3728924736290885e-05,1.0,0.1441931857207695,2,0,0.0
ARIH2,0.0,3.3728924736290885e-05,1.0,0.1441931857207695,2,0,0.0
FTH1,1.744790674246227e-05,7.96176553284811e-05,0.3333333333333333,0.14882028863044983,3,0,0.0
FTL,0.0,5.9241060828052675e-05,1.0,0.14093094321330216,2,0,0.0
TFRC,0.000572323399620826,0.00012493968096191914,0.13333333333333333,0.17294811988104022,6,0,0.0
SHMT1,0.0,4.944141696623926e-05,1.0,0.12590091603932133,2,0,0.0
SHMT2,0.002395128016319253,8.519114583993775e-05,0.4666666666666667,0.14819221295305854,6,0,0.0
UCN2,0.0,0.00010171132171140495,1.0,0.0005628948879954049,4,0,0.0
UCN,0.0,0.0001742834922474658,0.5238095238095238,0.0008041355542791499,7,0,0.0
CRHR2,0.0,0.00012384792668741486,0.9,0.0006254387644393388,5,0,0.0
CRH,0.0,0.0001742834922474658,0.5238095238095238,0.0008041355542791499,7,0,0.0
UCN3,0.0,0.00012384792668741486,0.9,0.0006254387644393388,5,0,0.0
AHSG,2.795487517750105e-05,4.52055229710975e-05,0.0,0.16908158505610368,2,0,0.01
NSL1,6.365529384069143e-06,7.650907458964479e-05,0.8,0.14225637650772646,5,0,0.0
PMF1,0.0,6.292145587661405e-05,1.0,0.14141066787377507,4,0,0.0
DSN1,0.00010172398526642205,0.00010211125878367662,0.5333333333333333,0.1422598071001616,6,0,0.0
NDUFAF2,0.0,3.583042414376497e-05,1.0,0.11785211109823995,7,0,0.0
IL31,0.0,5.563441275650178e-05,1.0,0.12586062344831236,2,0,0.0
IL31RA,4.1906001348103305e-05,7.11681299339029e-05,0.6666666666666666,0.1480174492151955,3,0,0.0
PELO,2.9617480834220836e-07,2.9404270194860062e-05,0.0,0.15587494836893648,2,0,0.0
HBS1L,0.0002229151881347673,5.447889881125393e-05,0.1,0.1610188727214325,5,0,0.0
HAPLN1,0.0,3.735865776548675e-05,0.0,0.13915239357965706,1,0,0.0
CRHBP,0.0,5.9610509985462586e-05,1.0,0.00046907907332950416,2,0,0.0
DOK2,0.0,3.5711969027764766e-05,0.0,0.14348123318145645,1,0,0.0
ARHGAP35,0.00022787592254003806,0.0001309709510179215,0.0,0.16049318263745785,5,0,0.0
DLC1,9.535845588235295e-05,7.956316567013123e-05,0.0,0.1434882131986379,2,0,0.0
GABRA6,0.00011111729391796902,7.277096988445084e-05,0.0,0.1394286657926777,4,0,0.0
GABRB2,0.0001349569078885573,0.00012782899032306354,0.6071428571428571,0.13944514516410741,8,0,0.0
GABRA1,0.0001349569078885573,0.00012782899032306354,0.6071428571428571,0.13944514516410741,8,0,0.0
GABRB1,0.00011111729391796902,0.00011243144992010651,0.7142857142857143,0.13944184897819173,7,0,0.01
GDNF,0.0006705639714897073,0.00013677478663924912,0.17857142857142858,0.17208037749839272,8,0,0.0
ARTN,8.988563165224302e-07,0.0001017358864536188,0.4,0.13861614824875815,5,0,0.0
NRTN,9.006576317860023e-07,0.0001017358864536188,0.4,0.13861614824875815,5,0,0.0
H2BC13,0.0,4.145893918876875e-05,1.0,0.1572419080131784,3,0,0.0
MMS22L,0.0,2.167978291852748e-05,0.0,0.14127520406701793,1,0,0.0
GNA12,0.00020837669339418026,0.0001648081024722806,0.23809523809523808,0.15298859983460153,7,0,0.0
GPR55,0.0,3.746177892989557e-05,0.0,0.12901512162152046,1,0,0.0
ARHGEF11,3.170190070933328e-05,0.00012400915254533713,0.5333333333333333,0.15586259303060665,6,0,0.0
ARHGEF1,7.919085703131621e-05,0.00014533309422984307,0.47619047619047616,0.16122130147642527,7,0,0.01
ADGRG1,0.0,3.746177892989557e-05,0.0,0.12901512162152046,1,0,0.0
ARHGEF12,0.0004993359325559026,0.0002361463229711924,0.21794871794871795,0.1677926848429161,13,0,0.01
GNA13,0.00516236838744052,0.00014709275903318107,0.25,0.18139875218396068,8,0,0.03
IGKV2D-28,0.00020840632956220786,0.0001520651982980985,0.28888888888888886,0.1829571510412307,10,0,0.03
CD151,0.001246936249982651,0.0001609458278443303,0.1111111111111111,0.17594510322782156,9,0,0.0
EPGN,0.0,2.869195223497219e-05,0.0,0.17279107853024023,1,0,0.0
GPNMB,0.0,4.37948542648637e-05,1.0,0.17388614358208992,2,0,0.0
AAMP,5.1712761033610136e-05,4.235664752872125e-05,0.0,0.1746480569921071,2,0,0.0
ERRFI1,0.0,2.869195223497219e-05,0.0,0.17279107853024023,1,0,0.0
CDCA5,0.0,7.945370647053889e-05,1.0,0.12539777269779565,6,0,0.0
IGFBP6,0.0,5.8142866899934785e-05,1.0,0.15316337585414516,3,0,0.0
EFNA1,5.385305210191832e-05,8.944211084382434e-05,0.16666666666666666,0.1414038885138885,4,0,0.0
EFNA3,6.6656517319887135e-06,6.617661899577858e-05,0.3333333333333333,0.1413971098039885,3,0,0.0
EFNA4,6.6656517319887135e-06,6.617661899577858e-05,0.3333333333333333,0.1413971098039885,3,0,0.0
CHST7,0.0,0.00011486331265793706,0.0,0.00011487650775416428,1,0,0.0
CHST3,0.0,0.00011486331265793706,0.0,0.00011487650775416428,1,0,0.0
NONO,2.063149461222988e-05,0.00015575985885485157,0.4,0.12276721443929162,6,0,0.0
PSPC1,0.0,0.00010988309484052518,0.8333333333333334,0.1181992350128717,4,0,0.0
RBM14-RBM4,0.0,8.503845556193661e-05,1.0,0.11819686671787455,3,0,0.0
RBM14,0.0,8.503845556193661e-05,1.0,0.11819686671787455,3,0,0.0
TNS2,0.0,5.13557943992927e-05,0.0,0.12219250204077305,1,0,0.0
CHRNA6,0.0,5.3211922385611605e-05,0.0,0.000421213861765269,1,0,0.0
CHRNB3,0.0,8.358662631892483e-05,0.0,0.0006043503234023426,2,0,0.0
DOCK5,0.0,4.751907379235649e-05,1.0,0.14918158513573582,2,0,0.0
ELMO1,6.296651855487336e-05,0.00015214542413365654,0.2857142857142857,0.15907794463830868,8,0,0.0
STAR,0.0,6.304910452555862e-05,1.0,0.15369010814741946,4,0,0.0
TSPO,0.00011691190200881747,0.00015113575322261408,0.5555555555555556,0.1611244242604174,10,0,0.03
CRHR1,0.0,0.00010171132171140495,1.0,0.0005628948879954049,4,0,0.0
CRHR1-2,0.0,5.9610509985462586e-05,1.0,0.00046907907332950416,2,0,0.0
NUPR2,0.0,3.489825168484055e-05,0.0,0.12716565179293368,1,0,0.0
TERB1,0.0001907169117647059,8.10080326995863e-05,0.0,0.1271766178941986,2,0,0.0
UHRF2,0.0,2.803402649746326e-05,0.0,0.15548464472910917,1,0,0.0
PLIN2,0.0,2.8061593861225123e-05,0.0,0.16377255472022212,1,0,0.0
SIGMAR1,0.0,3.5800688615864955e-05,0.0,0.1433173980472389,1,0,0.0
NTRK2,0.0004538700445373355,0.00020328141806919806,0.27472527472527475,0.18093140169986507,14,0,0.06
NTRK3,0.0005774960133574577,0.00014855110067714966,0.24444444444444444,0.1762289365185637,10,0,0.01
MATK,1.523277572835835e-06,5.4802269612893854e-05,0.6666666666666666,0.15575148306329772,3,0,0.0
ADORA2A,0.0005025893794604619,0.00014538210530754326,0.09523809523809523,0.16208065229757118,7,0,0.0
IDI2,0.0,0.00011486331265793706,0.0,0.00011487650775416428,1,0,0.0
IDI1,0.0,0.00011486331265793706,0.0,0.00011487650775416428,1,0,0.0
GLUD1,0.0,0.00011486331265793706,0.0,0.00011487650775416428,1,0,0.0
GLUD2,0.0,0.00011486331265793706,0.0,0.00011487650775416428,1,0,0.0
ABLIM1,0.0,0.00011486331265793706,0.0,0.00011487650775416428,1,0,0.0
ABLIM3,0.0,0.00011486331265793706,0.0,0.00011487650775416428,1,0,0.0
LIN7C,0.0,0.00011486331265793706,0.0,0.00011487650775416428,1,0,0.0
MPP7,0.0,0.00011486331265793706,0.0,0.00011487650775416428,1,0,0.0
LRRC4C,0.0,0.00014911420552325612,0.0,0.0002584721424468696,2,0,0.0
NTNG1,0.0,8.061241979261792e-05,0.0,0.0001723147616312464,1,0,0.0
SCGB1A1,0.0,3.29288224157616e-05,0.0,0.14080983961957325,1,0,0.0
C1R,0.00014303768382352942,0.00012395577367374202,0.7,0.119221653618076,5,0,0.02
C1S,0.00014303768382352942,0.00012395577367374202,0.7,0.119221653618076,5,0,0.02
KLK4,6.168645810785119e-05,7.313578672531071e-05,0.0,0.14214668484391327,3,0,0.0
TENM4,0.0,0.00010325436227943731,0.0,0.082131394653984,2,0,0.0
ADGRL2,4.7679227941176475e-05,0.00010380739044833838,0.0,0.09122958493431073,2,0,0.0
ADGRL1,4.7679227941176475e-05,0.00010380739044833838,0.0,0.09122958493431073,2,0,0.0
PEX5,0.0020876242273811015,0.0001513507012114281,0.10714285714285714,0.17242743543266692,8,0,0.0
ATMIN,0.0,2.451106665486926e-05,0.0,0.15596561407139573,1,0,0.0
ATR,0.0,3.541268767005534e-05,1.0,0.15628377632126322,2,0,0.0
AASDHPPT,0.0,3.753100164482034e-05,0.0,0.09501477661666723,1,0,0.0
ST14,3.5947992320408156e-05,7.825502400959823e-05,0.5,0.16311592481743123,4,0,0.0
SPINT1,0.0,5.214458107128643e-05,0.0,0.14041768634458596,2,0,0.0
MBD3,0.0,8.466119789976981e-05,1.0,0.1699241681363752,10,0,0.01
ZP1,0.0,0.00011486331265793704,1.0,0.0003446295232624928,3,0,0.0
ZP2,0.0,0.00011486331265793704,1.0,0.0003446295232624928,3,0,0.0
ZP4,0.0,0.00011486331265793704,1.0,0.0003446295232624928,3,0,0.0
ZP3,0.0,0.00011486331265793704,1.0,0.0003446295232624928,3,0,0.0
MS4A2,7.544457062255801e-06,6.874323235344478e-05,0.8333333333333334,0.16950426472680882,4,0,0.0
FCER1A,7.544457062255801e-06,6.874323235344478e-05,0.8333333333333334,0.16950426472680882,4,0,0.0
FCER1G,0.0006404429965266519,0.0003047445167761519,0.17647058823529413,0.1739784534468517,18,0,0.05
ESAM,0.0,2.9583370415971575e-05,0.0,0.1419756298681685,1,0,0.0
CEP83,0.0,0.00013266660511380748,0.8333333333333334,0.00047865211564235115,4,0,0.0
FBF1,0.0,0.00013266660511380748,0.8333333333333334,0.00047865211564235115,4,0,0.0
SCLT1,0.0,0.00013266660511380748,0.8333333333333334,0.00047865211564235115,4,0,0.0
SCN2B,1.0597923137681239e-07,8.281398036087909e-05,0.6666666666666666,0.13973582103994694,4,0,0.0
SCN3A,0.0,8.192901371085317e-05,0.6666666666666666,0.13947481785133942,4,0,0.0
SCN9A,1.0597923137681239e-07,8.281398036087909e-05,0.6666666666666666,0.13973582103994694,4,0,0.0
SCN1B,4.055989802762197e-05,0.00016063090469090863,0.3888888888888889,0.14593393417169437,9,0,0.0
AIPL1,0.0,3.058960063107649e-05,0.0,0.15433748681446288,1,0,0.0
GPHA2,9.535845588235295e-05,0.00011561976430145222,0.0,0.0981659664357313,2,0,0.0
GPHB5,0.0,7.017513389570068e-05,0.0,0.08770833835413484,1,0,0.0
GPR1,0.0001907169117647059,0.00010462051974548065,0.0,0.11145073533010394,2,0,0.0
TM7SF2,0.0,3.5303425439933524e-05,0.0,0.1292752327538219,1,0,0.0
VPS50,0.0,8.518246948578547e-05,1.0,0.10926866506793118,3,0,0.0
PPP4C,0.00012714460784313684,0.00014468935717346621,0.4,0.12232933291214566,6,0,0.0
PPP4R4,0.0,3.7876216639050504e-05,0.0,0.10650479203116922,1,0,0.0
PPP4R3B,3.178615196078421e-05,9.198855513203591e-05,0.8333333333333334,0.12232425963758219,4,0,0.01
PPP4R3C,0.0,7.716605673168206e-05,1.0,0.10650863794140038,3,0,0.0
PPP4R3A,3.178615196078421e-05,9.198855513203591e-05,0.8333333333333334,0.12232425963758219,4,0,0.01
PPP4R1,0.0,5.036776235177641e-05,1.0,0.12231918678380163,2,0,0.0
CTF1,0.0,3.5175916164642395e-05,0.0,0.119031607195916,1,0,0.0
ARID5B,0.0,0.00011486331265793706,0.0,0.00011487650775416428,1,0,0.0
PHF2,0.0,0.00011486331265793706,0.0,0.00011487650775416428,1,0,0.0
PDCD4,0.0,4.568971417303065e-05,1.0,0.142731367554377,3,0,0.0
BBS10,4.7679227941176475e-05,6.65110392898705e-05,0.6666666666666666,0.14749193471903194,6,0,0.0
PDK3,0.0,4.118787025555229e-05,0.0,0.08987989915168286,1,0,0.0
TEX12,0.0,0.00012628027694637676,0.8333333333333334,0.0004595060310166571,4,0,0.0
SYCE3,0.0,9.773786622527748e-05,1.0,0.0003676048248133257,3,0,0.0
SYCE1,0.0,0.00012628027694637676,0.8333333333333334,0.0004595060310166571,4,0,0.0
SYCP1,0.0,9.773786622527748e-05,1.0,0.0003676048248133257,3,0,0.0
SYCE2,0.0,0.00012628027694637676,0.8333333333333334,0.0004595060310166571,4,0,0.0
FREM2,0.0,0.00011486331265793706,1.0,0.00022975301550832856,2,0,0.0
FREM1,0.0,0.00011486331265793706,1.0,0.00022975301550832856,2,0,0.0
FRAS1,0.0,0.00011486331265793706,1.0,0.00022975301550832856,2,0,0.0
SEC23B,0.0,7.919686093314421e-05,1.0,0.13804524421459766,8,0,0.0
SEC31B,5.53579533656632e-07,9.748724744528877e-05,0.8444444444444444,0.13805170534324968,10,0,0.0
MIEF2,2.0870879257925886e-05,6.680234381649313e-05,0.0,0.14825180118676085,2,0,0.0
MCTS1,0.0,3.844974372404315e-05,0.0,0.1482443500370015,1,0,0.0
MIEF1,2.0870879257925886e-05,6.680234381649313e-05,0.0,0.14825180118676085,2,0,0.0
MFF,2.0870879257925886e-05,6.680234381649313e-05,0.0,0.14825180118676085,2,0,0.0
TKTL2,0.0,0.00011486331265793706,1.0,0.00022975301550832856,2,0,0.0
TKTL1,0.0,0.00011486331265793706,1.0,0.00022975301550832856,2,0,0.0
TKT,0.0,0.00011486331265793706,1.0,0.00022975301550832856,2,0,0.0
SLC7A11,6.455850254525984e-05,6.274080404968549e-05,0.0,0.16026209408086067,2,0,0.0
EDC4,0.0,7.353810131443208e-05,1.0,0.14385211229570816,5,0,0.0
KCNA6,0.0,5.949045049924082e-05,1.0,0.13205630993311995,2,0,0.0
KCNA1,5.184282346135606e-05,0.00019548501174657777,0.25,0.1406352791928289,8,0,0.0
NGLY1,0.0,2.3599356188511475e-05,0.0,0.14558099309055553,1,0,0.0
OXSM,0.00019458611438229583,4.990739223608955e-05,0.0,0.10553684379959927,2,0,0.0
SPTAN1,0.00036151853196712564,0.000165457155975994,0.2222222222222222,0.1667539411189055,10,0,0.01
SCN5A,0.0009204990710243745,0.00019821381902638277,0.17582417582417584,0.1686610081490851,14,0,0.0
SPTBN4,1.473040769275072e-05,8.03272193468239e-05,0.5,0.1537862671347637,4,0,0.0
AKAP6,0.0,2.931539247063361e-05,0.0,0.13753030613439024,1,0,0.0
THRSP,0.0,0.00011486331265793706,0.0,0.00011487650775416428,1,0,0.0
MID1IP1,0.0,0.00011486331265793706,0.0,0.00011487650775416428,1,0,0.0
CEP89,0.0,0.00010173491387515017,1.0,0.00035898908673176336,3,0,0.0
QDPR,0.0,2.8571022845868367e-05,0.0,0.13746941230943327,1,0,0.0
CGNL1,0.0,2.9114219275307753e-05,0.0,0.15833075905905847,1,0,0.0
PIGF,0.0,0.00015724829451638727,0.0,0.00022975301550832856,2,0,0.0
PIGO,0.0,9.367082172871192e-05,0.0,0.00015316867700555236,1,0,0.0
PIGG,0.0,9.367082172871192e-05,0.0,0.00015316867700555236,1,0,0.0
ASAP2,0.0,6.054707313792741e-05,1.0,0.1519717500327795,2,0,0.0
ASAP3,0.0,6.054707313792741e-05,1.0,0.1519717500327795,2,0,0.0
PABPC3,0.0,4.039124240740791e-05,0.0,0.13293119005391085,1,0,0.0
FARSB,0.0,0.00011486331265793706,1.0,0.00022975301550832856,2,0,0.0
FARSA,0.0,0.00011486331265793706,1.0,0.00022975301550832856,2,0,0.0
FARS2,0.0,0.00011486331265793706,1.0,0.00022975301550832856,2,0,0.0
MGAT5,0.0,0.00011486331265793706,0.0,0.00011487650775416428,1,0,0.0
MGAT5B,0.0,0.00011486331265793706,0.0,0.00011487650775416428,1,0,0.0
MED12L,0.0,3.909126259787198e-05,1.0,0.15964621853325758,6,0,0.0
HSPB2,3.395672131114972e-06,5.8524295109218215e-05,0.3333333333333333,0.1537542007720802,3,0,0.0
CYSLTR2,0.0,0.00011486331265793706,0.0,0.00011487650775416428,1,0,0.0
CYSLTR1,0.0,0.00011486331265793706,0.0,0.00011487650775416428,1,0,0.0
PDE3B,0.0,9.367082172871192e-05,0.0,0.00015316867700555236,1,0,0.0
PDE3A,0.0,0.00015724829451638727,0.0,0.00022975301550832856,2,0,0.0
ATG10,1.3771835213995776e-06,7.1001283298597e-05,0.6666666666666666,0.15277860305144517,4,0,0.0
IRGM,0.0,4.412015174443645e-05,1.0,0.14903083194862443,2,0,0.0
GUCY1A2,0.0,0.00011486331265793706,1.0,0.00022975301550832856,2,0,0.0
GUCY1A1,0.0,0.00011486331265793706,1.0,0.00022975301550832856,2,0,0.0
GUCY1B1,0.0,0.00011486331265793706,1.0,0.00022975301550832856,2,0,0.0
WDR20,0.0,3.5201137874405724e-05,1.0,0.1488503298181323,2,0,0.0
CAMK4,0.00017237105072067952,9.88730920888853e-05,0.6071428571428571,0.1674925446059739,8,0,0.0
CAMK2B,1.290140183846581e-06,8.497354430285267e-05,0.8,0.16398652936987188,6,0,0.0
CAMK2A,0.00076297323149926,0.00021134369598137546,0.2571428571428571,0.16858870626796607,15,0,0.0
ZFP36L2,0.0,0.00011486331265793706,0.0,0.00011487650775416428,1,0,0.0
ZFP36L1,0.0,0.00011486331265793706,0.0,0.00011487650775416428,1,0,0.0
PPM1B,0.0,2.987207062240303e-05,0.0,0.14304979438921386,1,0,0.0
ISG15,0.0002957180099762841,0.00011921264448281757,0.0,0.17313084908937873,8,0,0.0
GRIA4,9.662982763223971e-07,9.410964480708284e-05,0.8333333333333334,0.13845997936914448,4,0,0.0
CACNG2,8.216314978423396e-05,8.829034984849575e-05,0.5,0.15758214027039938,4,0,0.0
GRIA3,1.837558351396637e-05,0.00012384775309419221,0.5,0.13847623054043195,5,0,0.0
GPD1L,0.0,0.00011486331265793706,0.0,0.00011487650775416428,1,0,0.0
GPD1,0.0,0.00011486331265793706,0.0,0.00011487650775416428,1,0,0.0
GJC1,0.0,7.44455422532415e-05,0.5,0.15079081365564279,4,0,0.0
GJD2,6.940780514955615e-06,5.592443724588081e-05,0.6666666666666666,0.1615524420381323,3,0,0.0
GJB1,0.0005987064073440343,0.00013491230388746472,0.3333333333333333,0.16810348287422777,10,0,0.01
GJA4,0.0,4.346410125772622e-05,1.0,0.15078310510498688,2,0,0.0
GJB6,1.784022865161426e-06,7.110795219434178e-05,0.6666666666666666,0.15310374827465353,4,0,0.0
GJA5,4.3417548683705446e-06,8.958515876790495e-05,0.5,0.15310772200219058,5,0,0.0
CATSPER3,0.0,6.878381769623541e-05,0.0,0.00028144744399770247,1,0,0.0
GRM4,0.00018756684035317774,0.00013738121284806554,0.0,0.13562055822292116,5,0,0.0
AGAP2,1.4365412467839684e-05,5.381957020047812e-05,0.0,0.14090064778996347,2,0,0.0
HOMER3,0.0,7.185035844553076e-05,1.0,0.1375367191490616,3,0,0.0
HOMER1,0.00033199562539315477,0.00010453285087200924,0.4,0.1602403276205357,5,0,0.0
HOMER2,0.0,7.185035844553076e-05,1.0,0.1375367191490616,3,0,0.0
GGPS1,0.0,0.00011486331265793706,1.0,0.00022975301550832856,2,0,0.0
RSAD2,0.0,0.00011486331265793706,1.0,0.00022975301550832856,2,0,0.0
FDPS,0.0,0.00011486331265793706,1.0,0.00022975301550832856,2,0,0.0
RAB3C,0.0,9.367082172871192e-05,0.0,0.00015316867700555236,1,0,0.0
REP15,0.0,0.00015724829451638727,0.0,0.00022975301550832856,2,0,0.0
RIOK3,0.0,2.449621431004596e-05,1.0,0.14203716221280943,2,0,0.0
RSF1,0.0009772339538268665,5.440621433677647e-05,0.3333333333333333,0.18258341084596863,4,0,0.0
BAZ2A,0.0,3.023950038229218e-05,1.0,0.16886861766874878,2,0,0.0
BAZ1B,0.0005364853847967318,7.568921990402965e-05,0.3,0.16027515679569637,5,0,0.0
HJV,0.00038982746477300365,0.00019353516535107292,0.2909090909090909,0.15600273499292328,11,0,0.0
MCM3AP,2.451212937990197e-05,8.780142655305339e-05,0.8545454545454545,0.16878164919522762,11,0,0.0
PCID2,2.451212937990197e-05,8.780142655305339e-05,0.8545454545454545,0.16878164919522762,11,0,0.0
CETN3,0.0,8.191718799092468e-05,1.0,0.16829051496369501,10,0,0.0
PLA2R1,0.0,5.726522677035334e-05,1.0,0.11238283555318818,2,0,0.0
MRC2,0.0,5.726522677035334e-05,1.0,0.11238283555318818,2,0,0.0
MRC1,0.0001907169117647059,9.078629633601563e-05,0.4,0.13014511044239419,5,0,0.0
SCN4A,0.0002540654217291386,0.00014950227903184763,0.3888888888888889,0.1654815816040844,9,0,0.02
PVR,8.05560868903691e-07,8.997144332072629e-05,0.16666666666666666,0.1302255551120864,4,0,0.0
FRMD1,0.0,4.718001714420238e-05,0.0,0.12063573458123521,1,0,0.0
FRMD6,9.535845588235295e-05,0.00010522498677529507,0.3333333333333333,0.14134629018862827,3,0,0.0
TRAPPC13,0.0,8.686417941098101e-05,0.9722222222222222,0.0012308197259374744,9,0,0.01
TRAPPC3L,0.0,9.432367119297624e-05,1.0,0.001292360712234348,10,0,0.0
TRAPPC6B,0.0,0.00012726012447676063,0.8241758241758241,0.0016154508902929351,14,0,0.0
TRAPPC11,0.0,9.469694267041501e-05,0.9555555555555556,0.001292360712234348,10,0,0.0
STARD10,0.0,3.079820181135914e-05,0.0,0.11554830119723428,1,0,0.0
CFDP1,0.0,2.734993872870431e-05,1.0,0.16647629239515738,2,0,0.0
JAZF1,0.0,0.00011486331265793706,0.0,0.00011487650775416428,1,0,0.0
NR2C2,0.0,0.00011486331265793706,0.0,0.00011487650775416428,1,0,0.0
HS3ST3A1,0.0,0.00011486331265793706,0.0,0.00011487650775416428,1,0,0.0
HS3ST3B1,0.0,0.00011486331265793706,0.0,0.00011487650775416428,1,0,0.0
GDPD1,0.0,0.00011486331265793706,0.0,0.00011487650775416428,1,0,0.0
GDPD3,0.0,0.00011486331265793706,0.0,0.00011487650775416428,1,0,0.0
GRAP,0.0,2.8216715507003637e-05,0.0,0.16555588855585993,1,0,0.0
THY1,3.114705655631676e-05,5.406004146760995e-05,0.3333333333333333,0.1527706899316932,3,0,0.0
NRGN,0.0,7.657285780035406e-05,0.7333333333333333,0.1631384795636726,6,0,0.0
ITPR3,0.0017308271616475347,0.0001667494549839783,0.2,0.18397852485723554,11,0,0.01
DISP1,0.0,3.262924265360617e-05,0.0,0.12187189945092143,1,0,0.0
WLS,9.535845588235295e-05,7.516092112242019e-05,0.0,0.12563010948595282,2,0,0.0
SH3RF1,0.0,3.144865892512539e-05,0.0,0.1404143440212892,1,0,0.0
TRIL,0.0,5.977606674636091e-05,1.0,0.16289971615227683,3,0,0.0
TMSB4Y,0.0,4.771938054148512e-05,1.0,0.16567212685770777,3,0,0.0
TMSB4X,0.0,4.771938054148512e-05,1.0,0.16567212685770777,3,0,0.0
CXADR,0.0,0.00011486331265793706,0.0,0.00011487650775416428,1,0,0.0
JAML,0.0,0.00011486331265793706,0.0,0.00011487650775416428,1,0,0.0
TMPRSS15,0.0,8.660665808563686e-05,0.0,0.00020677771395749567,1,0,0.0
PRSS1,9.191176470588236e-07,0.00019963327637483752,0.0,0.0003446295232624928,3,0,0.0
BACE1,6.276057866413263e-05,6.302918831814146e-05,0.0,0.17227133782152268,3,0,0.0
PITRM1,0.0,3.320860053062735e-05,0.0,0.16133153072671683,1,0,0.0
APBA2,0.0,3.320860053062735e-05,0.0,0.16133153072671683,1,0,0.0
APBB1,2.4872925988498578e-05,5.1117235878658964e-05,0.3333333333333333,0.17311052677824929,3,0,0.0
APBB2,0.0,3.320860053062735e-05,0.0,0.16133153072671683,1,0,0.0
F11,0.000142518596064351,9.161333537179445e-05,0.3,0.17272025007385375,5,0,0.0
SPON1,0.0,3.320860053062735e-05,0.0,0.16133153072671683,1,0,0.0
CNTN4,0.0,3.320860053062735e-05,0.0,0.16133153072671683,1,0,0.0
FPR2,0.0018015270572587455,0.00022274246562129448,0.13333333333333333,0.1699241681363752,10,0,0.01
GULP1,0.0,3.320860053062735e-05,0.0,0.16133153072671683,1,0,0.0
TNFRSF21,4.344680565155081e-05,4.365876556213839e-05,0.0,0.16732151750120267,2,0,0.0
KLK6,0.0,3.320860053062735e-05,0.0,0.16133153072671683,1,0,0.0
TSEN2,0.0,7.122036434196976e-05,1.0,0.13795807813429375,4,0,0.0
TSEN34,0.0,7.122036434196976e-05,1.0,0.13795807813429375,4,0,0.0
TSEN15,0.0,7.122036434196976e-05,1.0,0.13795807813429375,4,0,0.0
TSEN54,0.0,7.122036434196976e-05,1.0,0.13795807813429375,4,0,0.0
ACAA2,0.0,6.335117163549532e-05,1.0,0.107533767563936,2,0,0.0
ACAA1,0.00016943531781477572,0.00016124074417150303,0.3333333333333333,0.12283623648639015,7,0,0.0
HADHB,1.7386907019345613e-05,9.298694525062497e-05,0.3333333333333333,0.11126574787850166,3,0,0.0
ODF1,0.0,0.00011486331265793706,0.0,0.00011487650775416428,1,0,0.0
SPAG4,0.0,0.00011486331265793706,0.0,0.00011487650775416428,1,0,0.0
PIP4P2,0.0,6.614853656122226e-05,0.0,0.09195341482116816,1,0,0.0
AGPAT5,0.0,0.00011031766063758814,1.0,0.10137630900536863,7,0,0.0
AGPAT1,0.0,0.00011031766063758814,1.0,0.10137630900536863,7,0,0.0
AGPAT2,0.0,0.00011031766063758814,1.0,0.10137630900536863,7,0,0.0
MAN2B2,0.0,0.00011486331265793706,1.0,0.00022975301550832856,2,0,0.0
MAN2C1,0.0,0.00011486331265793706,1.0,0.00022975301550832856,2,0,0.0
MAN2B1,0.0,0.00011486331265793706,1.0,0.00022975301550832856,2,0,0.0
HSPA13,0.0,2.8225248421684826e-05,0.0,0.1482406247429864,1,0,0.0
RHOC,3.444904614058542e-07,5.550181139948449e-05,0.0,0.1464483856166034,2,0,0.0
FMNL2,1.4033967183777641e-05,5.509121570191505e-05,0.0,0.16036229600996035,2,0,0.0
NIFK,8.500111427604006e-06,8.826389880996445e-05,0.0,0.12086807812609926,3,0,0.0
BRIX1,3.219766072616169e-05,5.7601780139770363e-05,0.0,0.13097731790275985,2,0,0.0
MKI67,5.9605584047817904e-05,5.617730135935921e-05,0.0,0.13737657299602715,2,0,0.0
AKR1B1,0.0,0.0001124743857406707,1.0,0.0003063373540111047,2,0,0.0
AKR1B10,0.0,0.0001124743857406707,1.0,0.0003063373540111047,2,0,0.0
FKBP8,0.000579410701538123,0.00010435740276542342,0.25,0.18371496172601684,8,0,0.0
CSF1R,1.7609311763120725e-05,8.121350144741164e-05,0.3333333333333333,0.15472610347328333,3,0,0.0
IL34,0.00033276641262124725,0.00010314025557110277,0.2,0.17481367375973925,5,0,0.0
CSF1,0.0,5.784996529938999e-05,1.0,0.14517257096154548,2,0,0.0
TNFSF11,0.00016011908023199478,0.00010076814969479655,0.16666666666666666,0.17610267541412625,4,0,0.0
ADCY8,4.7679227941176475e-05,0.00014115028147697735,0.5,0.10615406274895901,4,0,0.02
ADCY3,4.7679227941176475e-05,0.00014115028147697735,0.5,0.10615406274895901,4,0,0.02
ADCY4,0.0,7.590786150972229e-05,1.0,0.1061502424022889,2,0,0.0
ADCY6,0.0004767922794117647,0.0001681639311072178,0.3,0.12185679448507336,5,0,0.0
ADCY1,0.0,7.735305402923478e-05,1.0,0.09403333791918898,2,0,0.0
NCAPG2,0.0,8.792489560298856e-05,1.0,0.0005628948879954049,4,0,0.0
NCAPH2,0.0,8.792489560298856e-05,1.0,0.0005628948879954049,4,0,0.0
NAT2,0.0,0.00011486331265793706,0.0,0.00011487650775416428,1,0,0.0
NAT1,0.0,0.00011486331265793706,0.0,0.00011487650775416428,1,0,0.0
ELMSAN1,0.0,4.408768200904781e-05,1.0,0.16641054531925867,2,0,0.0
DNTTIP1,0.0,4.408768200904781e-05,1.0,0.16641054531925867,2,0,0.0
PLCB3,0.0,3.466696462450477e-05,0.0,0.1376779569403319,1,0,0.0
AGTR1,0.00041151341455019166,0.00016236526572180473,0.06666666666666667,0.14583652462354516,6,0,0.0
S1PR3,6.211377997864447e-06,6.902835157829776e-05,0.6666666666666666,0.15086408421621403,3,0,0.0
S1PR2,1.4080105359775362e-05,6.742636620929683e-05,0.6666666666666666,0.1592841209942595,3,0,0.02
ARHGEF25,7.154355948670107e-05,5.241263697362257e-05,0.0,0.155300445465905,2,0,0.0
CCKAR,0.002058465283814942,0.00011403027271729272,0.3,0.15270346149523442,5,0,0.0
HRH1,0.0,5.1807765136497225e-05,1.0,0.15026842145406935,2,0,0.0
PLCB1,0.0,3.466696462450477e-05,0.0,0.1376779569403319,1,0,0.0
NAA35,0.0,0.00010690557626539522,1.0,0.11610319866603162,6,0,0.0
NAA30,0.0,0.00010690557626539522,1.0,0.11610319866603162,6,0,0.0
NAA38,0.0,0.00010690557626539522,1.0,0.11610319866603162,6,0,0.0
FUT6,0.0,0.00011486331265793706,1.0,0.00022975301550832856,2,0,0.0
FUT5,0.0,0.00011486331265793706,1.0,0.00022975301550832856,2,0,0.0
FUT3,0.0,0.00011486331265793706,1.0,0.00022975301550832856,2,0,0.0
ZDHHC5,0.0,3.3036551270697995e-05,0.0,0.0004901397664177676,1,0,0.0
NSMCE2,0.0,0.00010674835899440452,1.0,0.15118887234154496,7,0,0.0
NSMCE3,0.0,0.00010674835899440452,1.0,0.15118887234154496,7,0,0.0
SMC5,0.0,0.00010674835899440452,1.0,0.15118887234154496,7,0,0.0
NSMCE1,0.0,0.00010674835899440452,1.0,0.15118887234154496,7,0,0.0
EID3,0.0,0.00010674835899440452,1.0,0.15118887234154496,7,0,0.0
SMC6,0.0,0.00010674835899440452,1.0,0.15118887234154496,7,0,0.0
NSMCE4A,0.0,0.00010674835899440452,1.0,0.15118887234154496,7,0,0.0
BUB3,0.00010464146857781921,8.71777183358244e-05,0.4666666666666667,0.15002384021317872,6,0,0.0
AURKB,0.00017718370037774126,0.00012769332621274455,0.3,0.14450401540852953,5,0,0.0
BUB1,0.0002466591836446999,9.233743121552369e-05,0.38095238095238093,0.15319121795529245,7,0,0.0
RPGR,0.00014753447442131235,8.719746888095335e-05,0.0,0.1389688195486914,3,0,0.0
SSTR5,0.0,4.767890513681352e-05,0.0,0.11079971114408821,1,0,0.0
SSTR2,0.0002330986496235156,0.00011509912709028256,0.4,0.15140228989098378,5,0,0.01
CORT,1.8480817644101861e-06,6.697975550794236e-05,0.0,0.12916484029301747,2,0,0.0
FAN1,0.0,3.253792212231197e-05,1.0,0.1555215370283515,2,0,0.0
NTAN1,0.0,3.160458985633732e-05,0.0,0.14430252986845402,1,0,0.0
KDM3B,6.038936224908781e-05,5.648937284118537e-05,0.3333333333333333,0.15844558086063767,3,0,0.0
XPR1,0.0,2.5045606093565203e-05,0.0,0.1579745975315302,1,0,0.0
KDM3A,6.621153923769206e-06,4.586439591327351e-05,0.6666666666666666,0.1678261001713343,3,0,0.0
NRG4,0.0,7.111626153571503e-05,1.0,0.15402719185938016,4,0,0.0
NRG3,0.0,7.111626153571503e-05,1.0,0.15402719185938016,4,0,0.0
HTR5A,0.0,5.159088385248355e-05,1.0,0.14934398534233925,2,0,0.0
KITLG,2.1805770955236878e-05,6.22373423441785e-05,0.0,0.1538183468755026,3,0,0.0
PTPRU,0.0,3.5993773753214704e-05,0.0,0.14327562774202512,1,0,0.0
IL17RD,0.0,8.810410786458698e-05,0.6666666666666666,0.11664730327102746,3,0,0.0
IL17RA,0.00042911305147058827,0.0001817563073809055,0.38095238095238093,0.13589236169137067,7,0,0.0
IL25,0.0,6.631213436602434e-05,1.0,0.11664499675760584,2,0,0.0
ADIPOR2,9.535845588235295e-05,9.240091473175053e-05,0.6666666666666666,0.1510881933465424,3,0,0.0
APPL2,0.0,3.405175888147561e-05,0.0,0.15106884737182516,1,0,0.0
ADIPOR1,9.535845588235295e-05,9.240091473175053e-05,0.6666666666666666,0.1510881933465424,3,0,0.0
PREX2,0.0,3.245881482967722e-05,0.0,0.14378899773369086,1,0,0.0
COQ4,0.0,5.333980638384488e-05,0.0,0.0002871912693854107,1,0,0.0
PSMG3,0.0,0.00011486331265793706,0.0,0.00011487650775416428,1,0,0.0
PSMG4,0.0,0.00011486331265793706,0.0,0.00011487650775416428,1,0,0.0
DPYSL5,0.0,4.09642447390251e-05,0.0,0.12157552081576195,1,0,0.0
PEX12,2.595299016522419e-05,6.929212469079515e-05,0.5,0.1455127632220622,4,0,0.0
PEX13,1.3997653458321005e-05,9.801697609583871e-05,0.5,0.14547329094282263,5,0,0.0
POR,0.00023664682537551606,6.756123928264138e-05,0.0,0.13966303852034662,3,0,0.0
MRAS,0.0,3.3019825541972365e-05,0.0,0.13984513716479152,1,0,0.0
MITD1,0.0,2.6121992158201905e-05,0.0,0.11885174318052949,1,0,0.0
BTN3A1,0.0,9.189862683200874e-05,1.0,0.11552567262053544,2,0,0.0
BTN3A2,0.0,9.189862683200874e-05,1.0,0.11552567262053544,2,0,0.0
ATP5IF1,0.0,2.1954090153989177e-05,0.0,0.14713142667287876,1,0,0.0
GGNBP2,0.0,2.732358203699696e-05,0.0,0.11885413779184013,1,0,0.0
CD1A,0.0,4.319803438688151e-05,1.0,0.14728203682676455,2,0,0.0
TRDV1,8.198100313912814e-06,0.00010013886567813689,0.4,0.15204225420816003,6,0,0.0
PKD1L1,0.0,9.367082172871192e-05,0.0,0.00015316867700555236,1,0,0.0
PKD2L1,0.0,0.00015724829451638727,0.0,0.00022975301550832856,2,0,0.0
CDH15,0.0,2.718861951561534e-05,0.0,0.1734464561766017,1,0,0.0
HTR6,0.0,5.4293861754727476e-05,1.0,0.14465283884707095,2,0,0.0
HTR7,3.7848411901200715e-06,7.375122592059509e-05,0.6666666666666666,0.15054453033105528,3,0,0.0
SPATA2L,0.0,5.883116097715669e-05,1.0,0.1577296101877647,4,0,0.0
SPATA2,1.433416183104885e-06,6.86291704093745e-05,0.7,0.16272895702249318,5,0,0.0
CLEC4D,1.1488970588235294e-07,7.192231442526162e-05,0.6666666666666666,0.14363495059708792,3,0,0.0
CLEC6A,0.0,5.215544967822168e-05,1.0,0.1436314533617979,2,0,0.0
CLEC4E,1.588367697488785e-05,6.392058167412835e-05,0.6666666666666666,0.15977161099134393,3,0,0.0
FCAR,0.0,3.1694583852532766e-05,0.0,0.1436279562968056,1,0,0.0
NCR3,0.00015303600637941043,8.475222905132727e-05,0.16666666666666666,0.14891796685488098,4,0,0.0
ARHGAP17,0.0,3.075987960133342e-05,0.0,0.14829279590302666,1,0,0.0
PTHLH,7.736479267557112e-05,7.25620843361161e-05,0.3333333333333333,0.14686768463432756,3,0,0.0
KPNA6,0.0,3.09906078479985e-05,0.0,0.13975899502528846,1,0,0.0
SNUPN,3.2017703480222644e-05,5.897086350287856e-05,0.5,0.1530362264514074,4,0,0.0
H1-0,8.070965232080198e-05,6.521310062140948e-05,0.2,0.16429710126785688,6,0,0.0
WNT4,0.0,5.035920007883743e-05,0.0,0.12740184050757836,2,0,0.0
IFNLR1,0.00010899991921314209,0.0001039233749102342,0.7,0.14803973652435257,5,0,0.0
IFNL2,0.0,9.03393516823162e-05,1.0,0.12578547957316732,4,0,0.0
IFNL3,0.0,9.03393516823162e-05,1.0,0.12578547957316732,4,0,0.0
IFNL1,0.0,9.03393516823162e-05,1.0,0.12578547957316732,4,0,0.0
IL20RA,0.00028607536764705885,0.00012411465853537818,0.4666666666666667,0.14805831440961778,6,0,0.0
ELMO2,0.00010644879522309158,0.00013595716906109737,0.3333333333333333,0.14943856671367706,6,0,0.0
ADGRB1,4.94368329607101e-06,5.076193127422715e-05,0.0,0.14168918242355769,2,0,0.0
DOCK4,0.0,3.66006413897182e-05,0.0,0.1264812911883019,1,0,0.0
ELMO3,0.0,6.646857463340835e-05,1.0,0.14912878683981093,3,0,0.0
RHOG,6.741275410023945e-06,8.138819553952915e-05,0.5,0.1537662240908769,4,0,0.0
IGF2BP1,0.0025276772740322126,0.00010405434364619729,0.2777777777777778,0.18818066291381907,9,0,0.0
SYNCRIP,0.009064293274164715,0.00012198039669051183,0.23636363636363636,0.1794999823826193,11,0,0.19
CSDE1,3.691488312452931e-05,6.819408170313597e-05,0.6666666666666666,0.1717597152721619,6,0,0.0
HNRNPU,0.0,5.719999821612713e-05,1.0,0.16919312284237942,5,0,0.0
CBR3,0.0,6.524998291331167e-05,0.0,0.00026257487486666117,1,0,0.0
MYBPC3,0.00042578594016236796,8.122183172288029e-05,0.3,0.16109362410285374,5,0,0.0
TPM2,3.1212582911609855e-06,9.160229713883633e-05,0.9333333333333333,0.139431961355356,6,0,0.01
TPM4,0.0,7.857132031176205e-05,1.0,0.1321746638216128,5,0,0.0
BTG2,0.0,2.2908028070500526e-05,0.0,0.14929485032830717,1,0,0.0
UBE2G2,5.603756080865126e-05,9.247425996036147e-05,0.16666666666666666,0.1487377378538716,4,0,0.0
GPI,0.0,3.216706532899992e-05,0.0,0.14870024504102244,1,0,0.0
ERLIN2,9.535845588235295e-05,7.372980238076778e-05,0.0,0.14870774209136609,2,0,0.0
PGLYRP3,0.0,0.00011486331265793706,0.0,0.00011487650775416428,1,0,0.0
PGLYRP4,0.0,0.00011486331265793706,0.0,0.00011487650775416428,1,0,0.0
ACE,0.0,3.577165834039179e-05,0.0,0.1400410080007217,1,0,0.0
KIAA0895L,0.0,4.0911511949410357e-05,1.0,0.14284196380024217,2,0,0.0
APOO,0.0,0.00011638877777185348,0.9523809523809523,0.12259627210238166,7,0,0.0
MICOS10,0.0,0.00010170030420662882,1.0,0.12259372432973256,6,0,0.01
MICOS13,0.0,0.00011638877777185348,0.9523809523809523,0.12259627210238166,7,0,0.0
CHCHD10,0.0,0.00010170030420662882,1.0,0.12259372432973256,6,0,0.01
APOOL,0.0,0.00011638877777185348,0.9523809523809523,0.12259627210238166,7,0,0.0
ZEB1,9.902881988703611e-05,7.945694853487134e-05,0.3,0.17339547400201055,5,0,0.0
HIC1,0.0,2.8926817581025386e-05,0.0,0.14949916168738187,1,0,0.0
KLF8,0.0,2.8926817581025386e-05,0.0,0.14949916168738187,1,0,0.0
MC4R,4.7679227941176475e-05,8.099740280560114e-05,0.0,0.12205345156464457,2,0,0.0
PIP,0.0,0.00011486331265793706,0.0,0.00011487650775416428,1,0,0.0
AZGP1,0.0,0.00011486331265793706,0.0,0.00011487650775416428,1,0,0.0
CALD1,0.0,6.556850316949017e-05,1.0,0.16312494596749166,5,0,0.0
CAMK2G,0.0,2.7851423869185934e-05,0.0,0.16310239496301707,1,0,0.0
MYLK2,0.0,6.556850316949017e-05,1.0,0.16312494596749166,5,0,0.0
PHKG2,0.0,9.603855740608357e-05,1.0,0.1631384795636726,8,0,0.01
NOS2,7.18060661764706e-08,0.000109971545863504,0.7777777777777778,0.16341415055880776,9,0,0.01
PHKB,0.0,9.603855740608357e-05,1.0,0.1631384795636726,8,0,0.01
GAP43,0.0,6.556850316949017e-05,1.0,0.16312494596749166,5,0,0.0
MYO10,0.0005013402125529881,7.952076424654348e-05,0.3,0.17033140129421073,5,0,0.0
DAPK1,0.00019063863020157964,0.00010134223893185398,0.4,0.1631384795636726,5,0,0.0
CACNA1E,4.029852696942889e-05,0.00010279457968761734,0.4642857142857143,0.16323779459356913,8,0,0.0
IQCB1,0.003168938669926241,6.871330352467896e-05,0.0,0.16341415055880776,3,0,0.0
CAMKK1,1.1130166724942637e-06,6.138370567231369e-05,0.6666666666666666,0.16339604523231868,4,0,0.0
TRPV1,7.18060661764706e-08,7.671456848007605e-05,0.7333333333333333,0.16312945691671923,6,0,0.0
PHKA2,0.0,9.603855740608357e-05,1.0,0.1631384795636726,8,0,0.01
FKBP1B,9.574273287313617e-05,6.330040932278813e-05,0.5,0.16841543440838214,4,0,0.0
NOS3,0.0001876211525796801,0.00016405997749988497,0.5897435897435898,0.18538347069615665,13,0,0.13
MYLK,7.18060661764706e-08,8.771892311093996e-05,0.6190476190476191,0.16314299126143977,7,0,0.0
CAMK2D,0.0,7.397207652070782e-05,1.0,0.16337794391731245,5,0,0.0
ORAI1,0.00036727232227272264,0.00013903736965411125,0.35714285714285715,0.16409600881867092,8,0,0.01
ATP2B4,0.0,6.155662376744166e-05,1.0,0.1633824688700604,4,0,0.0
MARCKSL1,0.0,7.597785318441523e-05,1.0,0.16312945691671923,6,0,0.0
AKAP12,0.00038174454191566186,0.0001206870227402201,0.3611111111111111,0.16830972127656713,9,0,0.0
CACNA1B,6.085555745666168e-05,0.00010408200376988223,0.5,0.16323779459356913,8,0,0.0
MARCKS,1.8669577205882354e-07,9.843404992064099e-05,0.6428571428571429,0.16314750320876156,8,0,0.0
TRPV6,0.0,3.8997489179771824e-05,1.0,0.16310690466509253,2,0,0.0
PHKA1,0.0,9.603855740608357e-05,1.0,0.1631384795636726,8,0,0.01
IQSEC1,0.0006682076053842611,6.007343821525513e-05,0.3333333333333333,0.16389540802440478,3,0,0.0
SLC26A3,0.0,5.0001843810635715e-05,1.0,0.1631204352677359,3,0,0.0
PCP4,0.0,6.556850316949017e-05,1.0,0.16312494596749166,5,0,0.0
GRK5,5.925371723308442e-05,6.639844418493856e-05,0.5,0.16522665941300174,4,0,0.0
CAMKK2,0.000552713553862883,9.40371644920625e-05,0.5238095238095238,0.16420106388193512,7,0,0.0
MBP,0.0,6.556850316949017e-05,1.0,0.16312494596749166,5,0,0.0
PKNOX1,0.0,0.00010442103355411516,0.0,0.0005791690599272448,2,0,0.0
PBX2,0.0,6.152293890801644e-05,0.0,0.0004088252187721729,1,0,0.0
U2AF1L4,0.0,4.3091614931513436e-05,1.0,0.130441522665452,2,0,0.0
CRYAA,0.0,0.00015724829451638727,0.0,0.00022975301550832856,2,0,0.0
CRYAA2,0.0,9.367082172871192e-05,0.0,0.00015316867700555236,1,0,0.0
CRYAB,0.0,9.367082172871192e-05,0.0,0.00015316867700555236,1,0,0.0
HSF2BP,0.0,2.6526918987472885e-05,0.0,0.15206185031248132,1,0,0.0
AGER,0.0002577014407200394,0.00015386641132569088,0.0,0.160619909631127,7,0,0.0
S100A1,0.0,3.249648056310272e-05,0.0,0.15154620102302832,1,0,0.0
FCN1,1.7572968132637562e-05,9.402300113617037e-05,0.5,0.1279101329391878,4,0,0.0
KIR3DL3,0.0,0.00010878795351066992,1.0,0.14591227636158205,9,0,0.0
KIR2DL1,6.998195965815914e-06,0.00011843211220145617,0.8444444444444444,0.1507022128812181,10,0,0.02
KLRC1,8.576545553566923e-05,0.00015597321747314773,0.5641025641025641,0.15822459085970553,13,0,0.0
KLRC4,0.0,0.00010878795351066992,1.0,0.14591227636158205,9,0,0.0
KIR3DL1,3.7037150010089316e-05,0.00014011172270025018,0.6666666666666666,0.15680304672981582,12,0,0.0
KIR2DL3,2.8236722389756383e-05,0.00012840758665473304,0.7454545454545455,0.1560687713906133,11,0,0.02
PKN3,0.0,5.9002155515825276e-05,1.0,0.13421047961556173,2,0,0.0
PKN1,0.00020609623303317423,0.00013756397105783578,0.13333333333333333,0.15564463789932723,6,0,0.0
PKN2,3.696749723602873e-05,7.801999542431342e-05,0.3333333333333333,0.1478727451187527,3,0,0.0
CCL16,5.312612699289665e-06,7.34330005422031e-05,0.3,0.14323735967905984,5,0,0.0
CXCL1,4.596433822491437e-05,0.00014967915431611907,0.3484848484848485,0.15360606762374754,12,0,0.0
DEFB103A,7.127057857293301e-06,6.514774923466737e-05,0.8333333333333334,0.15240363296102516,4,0,0.0
DEFB4A,0.0004190214217339134,0.00011756153582280462,0.3333333333333333,0.16947504657039764,7,0,0.0
PPBP,3.367797064579221e-07,6.879685529592665e-05,0.8,0.15637077325440427,5,0,0.0
CCL7,2.349787645075517e-06,7.182327691435224e-05,0.6,0.1442813535445483,5,0,0.0
CXCL2,3.2889572896181335e-06,0.00010138040325602323,0.5714285714285714,0.15107271617041593,8,0,0.0
CCL14,0.0,3.9189596498901136e-05,1.0,0.1417266276102732,2,0,0.0
CCL3L1,0.0,6.091046221289243e-05,1.0,0.14721955131076617,4,0,0.0
CCL4L2,0.0,3.838641318573284e-05,1.0,0.14703974229224062,2,0,0.0
CCDC12,0.0,2.067762680778714e-05,0.0,0.13885106322284102,1,0,0.0
RNF126,0.0,3.7301641527131264e-05,0.0,0.127962850781397,1,0,0.0
GPC2,0.0,3.0257903073790287e-05,0.0,0.16129183083672557,1,0,0.0
CYP11B1,0.0,0.00011486331265793706,0.0,0.00011487650775416428,1,0,0.0
CYP11B2,0.0,0.00011486331265793706,0.0,0.00011487650775416428,1,0,0.0
ENSP00000423325,0.0,5.033582225787371e-05,1.0,0.1263512555907814,3,0,0.0
PTGER1,0.0,9.367082172871192e-05,0.0,0.00015316867700555236,1,0,0.0
POLR2J2,0.0,3.683338786260775e-05,1.0,0.14870024504102244,2,0,0.0
POLR2J3,0.0,3.683338786260775e-05,1.0,0.14870024504102244,2,0,0.0
PCYT1A,0.0,0.00011486331265793706,0.0,0.00011487650775416428,1,0,0.0
PCYT1B,0.0,0.00011486331265793706,0.0,0.00011487650775416428,1,0,0.0
SCP2,0.0012707623835875213,0.00010665029476594919,0.6,0.14308102115070462,5,0,0.0
ACOX2,0.0,5.1818255823091725e-05,1.0,0.10680367571963138,2,0,0.0
HSD17B4,0.0,8.960934270757272e-05,1.0,0.12232933291214566,4,0,0.0
HCRT,2.349396126954599e-05,8.780416730755808e-05,0.3333333333333333,0.14148528375839212,4,0,0.0
HCRTR2,0.00010445766538918549,0.00010985312596652248,0.3,0.1515851428980985,5,0,0.0
HCRTR1,0.0,5.446010609971776e-05,1.0,0.12982718035614246,2,0,0.0
WASF3,0.0,0.00011636806432615299,1.0,0.14763219933486163,9,0,0.0
SRA1,0.0,8.32986818941171e-05,1.0,0.14401014137202844,6,0,0.0
SHANK1,6.080472812862772e-05,9.349786456039371e-05,0.6,0.16341867751738048,5,0,0.0
DLGAP1,0.0,7.998804137037554e-05,1.0,0.15734676111659868,4,0,0.0
SHANK2,0.0,7.998804137037554e-05,1.0,0.15734676111659868,4,0,0.0
CELA1,0.0,4.130577362222161e-05,0.0,0.12891925829412126,1,0,0.0
SERPINA1,0.00017507526094968435,0.00011262704194462989,0.0,0.152853818594626,4,0,0.0
IP6K3,0.0,0.00011486331265793706,1.0,0.00022975301550832856,2,0,0.0
IP6K1,0.0,0.00011486331265793706,1.0,0.00022975301550832856,2,0,0.0
IP6K2,0.0,0.00011486331265793706,1.0,0.00022975301550832856,2,0,0.0
LEMD2,0.0,2.3645315500658708e-05,0.0,0.13108500557802769,1,0,0.0
ALOX15B,0.0,9.367082172871192e-05,0.0,0.00015316867700555236,1,0,0.0
CXCL16,1.1209136279958161e-06,7.458394905984543e-05,0.0,0.13957381807695257,5,0,0.0
CXCR6,4.866751423701598e-06,7.147604321968848e-05,0.2,0.14718281988578846,5,0,0.0
TNFSF12,9.535845588235295e-05,7.89043393619424e-05,0.0,0.13196473135480294,2,0,0.0
TNFRSF12A,0.0,5.132008022579304e-05,0.0,0.1137348877132358,1,0,0.0
KANK1,0.00031717100364120565,8.088325096200152e-05,0.16666666666666666,0.16033614429828227,4,0,0.0
EIF4E3,0.0,2.5363623926607287e-05,0.0,0.137665105155595,1,0,0.0
EIF4EBP3,4.939041551286803e-06,7.208514153021216e-05,0.6,0.1504792464930973,5,0,0.0
PABPC1,0.0016438750291736328,0.0002591597853530925,0.10526315789473684,0.1819302211572059,20,0,0.0
NTN3,0.0,3.237658833682644e-05,0.0,0.13189097013040002,1,0,0.0
ADCY9,0.0,7.590786150972229e-05,1.0,0.1061502424022889,2,0,0.0
GNG3,1.1501015476755218e-07,4.9827874894455517e-05,0.0,0.14728939155133208,2,0,0.0
NCKIPSD,0.0,2.937685480593454e-05,0.0,0.15196392027157837,1,0,0.0
SPINDOC,0.0,2.1766856403887454e-05,0.0,0.1405682557551923,1,0,0.0
APCDD1,0.0,3.307882255455196e-05,0.0,0.13514518719409854,1,0,0.0
DKK3,0.0,3.307882255455196e-05,0.0,0.13514518719409854,1,0,0.0
WNT10B,0.0,3.307882255455196e-05,0.0,0.13514518719409854,1,0,0.0
TPCN2,0.0,0.00011486331265793706,0.0,0.00011487650775416428,1,0,0.0
TPCN1,0.0,0.00011486331265793706,0.0,0.00011487650775416428,1,0,0.0
SLC5A2,0.0,6.056359065659499e-05,0.0,0.12172101809636847,1,0,0.0
PDPN,0.0,4.652150431334916e-05,0.0,0.13372370270259784,1,0,0.0
CLEC1B,9.535845588235295e-05,6.872586443532163e-05,0.0,0.15965485996975293,2,0,0.0
GFI1,0.0,2.5038558957971833e-05,0.0,0.15519421801642685,1,0,0.0
ITGAD,0.0,3.948419315236192e-05,1.0,0.15123926217209077,2,0,0.0
PPP1R21,0.0,0.00015724829451638727,0.0,0.00022975301550832856,2,0,0.0
GATD1,0.0,9.367082172871192e-05,0.0,0.00015316867700555236,1,0,0.0
CRYZL1,0.0,9.367082172871192e-05,0.0,0.00015316867700555236,1,0,0.0
LHCGR,0.0016909630807396638,0.00010651404749262061,0.5,0.1485691689171007,4,0,0.0
CGB8,0.0,0.00011285835008561487,0.8333333333333334,0.1263431372432032,4,0,0.0
CGB3,0.0,0.00011285835008561487,0.8333333333333334,0.1263431372432032,4,0,0.0
CGB5,0.0,0.00011285835008561487,0.8333333333333334,0.1263431372432032,4,0,0.0
CAPN2,0.0,0.00013556554325784966,0.6666666666666666,0.0003446295232624928,3,0,0.0
CAPNS1,0.0,9.416108205802443e-05,1.0,0.0002584721424468696,2,0,0.0
CAPN1,0.0,0.00013556554325784966,0.6666666666666666,0.0003446295232624928,3,0,0.0
CAST,0.0,9.416108205802443e-05,1.0,0.0002584721424468696,2,0,0.0
PEX7,0.00013225874251292696,8.778105290383269e-05,0.5,0.14317130842468753,4,0,0.0
PEX14,6.067188473057335e-05,0.00010584203477421598,0.4,0.14476998677290667,5,0,0.0
SPRTN,0.0,2.803402649746326e-05,0.0,0.15548464472910917,1,0,0.0
KCNJ3,0.0,0.0001042031739408591,1.0,0.11387100513507191,3,0,0.0
KCNJ6,0.00028607536764705885,0.00013042048846838037,0.5,0.13214209535913268,4,0,0.07
KCNJ9,0.0,0.0001042031739408591,1.0,0.11387100513507191,3,0,0.0
KCNJ5,0.0,0.0001042031739408591,1.0,0.11387100513507191,3,0,0.0
NEUROD1,0.0,3.1829777149721105e-05,0.0,0.14449339687998827,1,0,0.0
KCNIP3,0.0001590751942552357,7.201117824275795e-05,0.3333333333333333,0.15332261003307085,3,0,0.0
HPGDS,0.0,0.00011486331265793706,0.0,0.00011487650775416428,1,0,0.0
PTGDS,0.0,0.00011486331265793706,0.0,0.00011487650775416428,1,0,0.0
CHAC2,0.0,0.00011486331265793706,0.0,0.00011487650775416428,1,0,0.0
CHAC1,0.0,0.00011486331265793706,0.0,0.00011487650775416428,1,0,0.0
IWS1,0.0,2.1612122052610707e-05,0.0,0.14412977158060059,1,0,0.0
BMP10,8.109969184005195e-07,6.077705703076403e-05,0.6666666666666666,0.13704784455492985,3,0,0.0
MERTK,0.0,0.00010073498537178696,0.0,0.0003063373540111047,2,0,0.0
GABRG1,0.00011111729391796902,7.277096988445084e-05,0.0,0.1394286657926777,4,0,0.0
CLDN4,0.0,6.876577274947718e-05,0.8333333333333334,0.16074245677054963,4,0,0.0
COL6A3,0.0,0.00011486331265793706,1.0,0.00022975301550832856,2,0,0.0
COL6A2,0.0,0.00011486331265793706,1.0,0.00022975301550832856,2,0,0.0
COL6A1,0.0,0.00011486331265793706,1.0,0.00022975301550832856,2,0,0.0
POGLUT1,0.0,4.815862259424604e-05,0.0,0.11680898619900995,1,0,0.0
CCK,0.0003149278453523252,9.698664473061243e-05,0.0,0.12887982655384078,3,0,0.0
IGFBP7,3.425495104408562e-07,5.491143149757297e-05,0.6666666666666666,0.15467741939856314,3,0,0.0
CXCL3,0.0,7.038084576723129e-05,0.9,0.14544818336758225,5,0,0.0
RNF25,0.0,2.5926849441006055e-05,0.0,0.16079065146703012,1,0,0.0
PTPRN,0.0,0.00011486331265793706,0.0,0.00011487650775416428,1,0,0.0
PTPRN2,0.0,0.00011486331265793706,0.0,0.00011487650775416428,1,0,0.0
HHIP,0.0,6.226140929465049e-05,1.0,0.12187693527173259,3,0,0.0
RETNLB,0.0,3.0095612229105786e-05,0.0,0.16289071989568965,1,0,0.0
AMOTL2,2.7514911229292883e-05,9.98439796989179e-05,0.6666666666666666,0.16035357782489945,6,0,0.0
CDS1,0.0,0.00011486331265793706,0.0,0.00011487650775416428,1,0,0.0
CDS2,0.0,0.00011486331265793706,0.0,0.00011487650775416428,1,0,0.0
WDFY3,0.0006434658516069259,7.220696301304396e-05,0.16666666666666666,0.17075047531036242,4,0,0.0
MAP1LC3C,2.5303041765304265e-06,7.061549847709017e-05,0.0,0.14753988997880102,3,0,0.0
GC,0.0,6.791337271946633e-05,1.0,0.1558708297051842,3,0,0.0
SHBG,0.0,3.2339407640682274e-05,0.0,0.15252578914630266,1,0,0.0
FCGRT,8.74353336516877e-05,8.21772254873353e-05,0.7,0.17320710027078517,5,0,0.0
MB,0.0007184884836635276,0.00011278719123619213,0.3333333333333333,0.16385443644859732,6,0,0.0
ORM2,0.0,3.2339407640682274e-05,0.0,0.15252578914630266,1,0,0.0
ENSP00000497443,1.6949484318849565e-05,6.058457918342273e-05,0.0,0.15538225789602006,3,0,0.0
CCNL1,0.0,2.0950793724714326e-05,0.0,0.13417384845158534,1,0,0.0
IL17RC,0.00014303768382352942,0.00012718434312229142,0.5,0.1358829710230208,5,0,0.02
IL17F,0.00027035822061935097,9.112592196804585e-05,0.6666666666666666,0.16136683592806852,4,0,0.0
IL17A,0.000493058678556567,0.00011905453743564727,0.4,0.16269305333909928,6,0,0.0
SHROOM3,0.0,2.9660311679180787e-05,0.0,0.16292671088525426,1,0,0.0
NSUN4,4.8236714765901435e-06,3.723094409783525e-05,0.6666666666666666,0.12466899321658567,4,0,0.0
CLEC3B,3.616300311092701e-05,4.479546818024094e-05,0.0,0.16279631915836187,2,0,0.0
MAP1LC3B,0.0010403367944102596,0.00013494054512511208,0.10714285714285714,0.18107024221192797,8,0,0.0
CCL15,0.0,4.015804462709728e-05,1.0,0.13422880269915358,2,0,0.0
CCL23,0.0,2.8737478927018303e-05,0.0,0.1342013199495507,1,0,0.0
DTX3L,0.0,0.00011486331265793706,0.0,0.00011487650775416428,1,0,0.0
PARP9,0.0,0.00011486331265793706,0.0,0.00011487650775416428,1,0,0.0
SENP2,2.17584099491807e-06,6.029603686880157e-05,0.5,0.16190716127411559,4,0,0.0
ARR3,0.0,3.721974271047103e-05,0.0,0.13197949350118354,1,0,0.0
SAG,6.396287127781752e-05,5.328830577839521e-05,0.0,0.14497990663379293,2,0,0.0
COLEC11,3.5316870306102215e-05,7.999907859163998e-05,0.3333333333333333,0.12495948612570752,3,0,0.0
SLC51A,0.0,0.00011486331265793706,0.0,0.00011487650775416428,1,0,0.0
SLC51B,0.0,0.00011486331265793706,0.0,0.00011487650775416428,1,0,0.0
PIGX,0.0,0.00011486331265793706,0.0,0.00011487650775416428,1,0,0.0
PIGM,0.0,0.00011486331265793706,0.0,0.00011487650775416428,1,0,0.0
S100P,0.0,3.620909858190305e-05,0.0,0.13440005971526478,1,0,0.0
ADH5,0.0,0.00011486331265793706,0.0,0.00011487650775416428,1,0,0.0
ESD,0.0,0.00011486331265793706,0.0,0.00011487650775416428,1,0,0.0
BDH2,0.0,0.00011486331265793706,0.0,0.00011487650775416428,1,0,0.0
BDH1,0.0,0.00011486331265793706,0.0,0.00011487650775416428,1,0,0.0
MRGPRX2,0.0002465403545622059,0.00015734928365060226,0.09523809523809523,0.1531673526775303,7,0,0.0
CCZ1B,0.0,7.715337789061246e-05,1.0,0.0003063373540111047,2,0,0.0
MST1R,0.0,0.00011486331265793706,0.0,0.00011487650775416428,1,0,0.0
MST1,0.0,0.00011486331265793706,0.0,0.00011487650775416428,1,0,0.0
PPP1R10,0.0,3.9426584154569766e-05,1.0,0.146035089021473,2,0,0.0
TOX4,4.688514466316149e-06,9.266054218721701e-05,0.7333333333333333,0.15143338264721862,6,0,0.0
HMGB2,0.0,3.174399934327285e-05,0.0,0.1564122344166088,1,0,0.0
BRMS1,3.071358540812712e-06,4.6323305272121604e-05,0.8333333333333334,0.16828571407036005,4,0,0.0
SAP30L,0.0,4.7383292461174165e-05,1.0,0.16774497173550207,4,0,0.0
SIN3B,8.349734719031782e-06,9.80748279214678e-05,0.7090909090909091,0.17309528817553993,11,0,0.0
PICK1,0.00014859327075442968,0.00010331985635714819,0.16666666666666666,0.1490571917581969,4,0,0.0
GRIP1,9.535845588235295e-05,9.340065920383886e-05,0.3333333333333333,0.1314471995414769,3,0,0.0
RNASEL,1.3777681904376173e-05,3.255366778080547e-05,0.0,0.15733836772257223,2,0,0.0
WDR41,0.0,5.9100640712164015e-05,1.0,0.1334695556591339,2,0,0.0
SMCR8,5.8171103928015974e-06,8.239108578410973e-05,0.6666666666666666,0.1379677578179573,3,0,0.0
PRDM9,0.0,2.5724541633052814e-05,0.0,0.13966965197988448,1,0,0.0
SPINK1,0.0,8.660665808563686e-05,0.0,0.00020677771395749567,1,0,0.0
MAP1B,0.0,2.27942734621313e-05,0.0,0.14291809819319704,1,0,0.0
CCDC8,7.532869111049317e-05,6.063484870467609e-05,0.3333333333333333,0.1553986307268618,3,0,0.0
RFX7,1.8942851939572006e-06,5.7258092062408234e-05,0.0,0.13491029184060743,2,0,0.0
IL3RA,0.0,4.524773261964389e-05,1.0,0.1409713573823639,2,0,0.0
CSF2RA,0.0,4.385924543709306e-05,1.0,0.1428246718403603,2,0,0.0
ALK,0.00044706932501286344,0.00017339597856028788,0.0,0.17564126186572981,8,0,0.0
TBXT,0.0,0.00011486331265793706,0.0,0.00011487650775416428,1,0,0.0
EOMES,0.0,0.00011486331265793706,0.0,0.00011487650775416428,1,0,0.0
CREBRF,0.0,2.9704442248593702e-05,0.0,0.13308413619596626,1,0,0.0
IL22RA2,0.0,4.260322707687093e-05,0.0,0.10911909548514458,1,0,0.0
SCIN,0.0,5.285260747798744e-05,0.6666666666666666,0.15605225705048412,3,0,0.0
CYTH3,0.0,4.260208978246546e-05,0.0,0.11838663069743323,1,0,0.0
GET1,0.0,6.666968145770175e-05,1.0,0.11743684147599938,2,0,0.0
PARK7,6.035303638041985e-06,5.983095316947563e-05,0.3333333333333333,0.16436118862729934,3,0,0.0
STEAP1,0.0,0.00011486331265793706,0.0,0.00011487650775416428,1,0,0.0
STEAP2,0.0,0.00011486331265793706,0.0,0.00011487650775416428,1,0,0.0
FABP5,0.0,3.8594508476693215e-05,0.0,0.12600848918129662,1,0,0.0
PPARD,9.535845588235295e-05,7.50862212902405e-05,0.3333333333333333,0.14877900179123332,3,0,0.0
PGAM2,0.0,0.00011486331265793706,1.0,0.00022975301550832856,2,0,0.0
PGAM1,0.0,0.00011486331265793706,1.0,0.00022975301550832856,2,0,0.0
PGAM4,0.0,0.00011486331265793706,1.0,0.00022975301550832856,2,0,0.0
TNFRSF11B,0.0,3.885142728496504e-05,0.0,0.1450726070634828,1,0,0.0
NOSIP,0.0,2.7927339694448662e-05,0.0,0.1513129692972452,1,0,0.0
ABCB8,0.0,0.00011486331265793706,0.0,0.00011487650775416428,1,0,0.0
CCDC51,0.0,0.00011486331265793706,0.0,0.00011487650775416428,1,0,0.0
RAB13,0.0,3.655967691265532e-05,0.0,0.12949374209246847,1,0,0.0
RAB8B,0.0,5.6494900153849684e-05,1.0,0.14166536396874235,2,0,0.0
ASIC3,0.0,0.00011486331265793706,1.0,0.00022975301550832856,2,0,0.0
ASIC5,0.0,0.00011486331265793706,1.0,0.00022975301550832856,2,0,0.0
ASIC4,0.0,0.00011486331265793706,1.0,0.00022975301550832856,2,0,0.0
PHAX,4.302175233947337e-05,5.4432991941552264e-05,0.5,0.1549374224148343,4,0,0.0
SRRT,2.0894351913142557e-06,5.0149755133714345e-05,0.5,0.14907979330357343,4,0,0.0
DCSTAMP,0.0,2.9704442248593702e-05,0.0,0.13308413619596626,1,0,0.0
RPP25L,0.0,6.725660668586347e-05,1.0,0.14166196198603337,8,0,0.0
ANKS3,0.0,5.913042596216521e-05,0.0,0.09817413495244309,1,0,0.0
WNK2,0.0,0.00011486331265793706,0.0,0.00011487650775416428,1,0,0.0
WNK1,0.0,0.00011486331265793706,0.0,0.00011487650775416428,1,0,0.0
WRNIP1,0.0,2.8908169956868364e-05,0.0,0.13421964053201066,1,0,0.0
WDR1,0.0,4.2307782339764776e-05,1.0,0.14252101715402868,2,0,0.0
INPPL1,3.0595008850111346e-05,7.010203858237959e-05,0.3333333333333333,0.16787863687135093,4,0,0.0
INPP5D,2.579026858000537e-05,9.240321442080211e-05,0.2,0.17528636777269865,6,0,0.0
PCF11,3.950141738935211e-05,3.6779467900120634e-05,0.0,0.13905726795111972,2,0,0.0
NEMF,9.535845588235295e-05,5.431945865113055e-05,0.0,0.15808043039425465,2,0,0.0
LTN1,0.0,4.060149621062264e-05,0.0,0.13261740526555463,1,0,0.0
TMEM63C,0.0,4.1502435049608816e-05,0.0,0.13212433750722094,1,0,0.0
RXFP2,0.00017520337717853772,0.00011307555292968072,0.4666666666666667,0.14880902631104387,6,0,0.0
RXFP1,0.0007221222319473405,0.00017921996354318626,0.4444444444444444,0.15136344189624612,10,0,0.0
RXFP3,0.0031810956540908324,0.00015503880556336957,0.4166666666666667,0.16729779135652423,9,0,0.01
ABRAXAS2,0.0,4.6268883253943005e-05,1.0,0.14793207666129352,4,0,0.0
HPRT1,0.0,0.00011486331265793706,0.0,0.00011487650775416428,1,0,0.0
APRT,0.0,0.00011486331265793706,0.0,0.00011487650775416428,1,0,0.0
DUSP16,0.0,2.962295065833615e-05,0.0,0.14806203054621758,1,0,0.0
METTL4,0.0,4.08903825471688e-05,1.0,0.14206110586447684,2,0,0.0
LRRK2,0.00013831189013426394,8.227644992355936e-05,0.16666666666666666,0.168497212825547,4,0,0.0
GAK,2.007288814410727e-05,7.471875215793157e-05,0.3333333333333333,0.14773942300138748,4,0,0.0
RAB29,0.0,5.0632406010389885e-05,1.0,0.14093094321330216,2,0,0.0
NELL1,0.0,4.712795813836871e-05,0.0,0.12195504374568235,1,0,0.0
ROBO3,0.0002193294093568177,0.0001355785862865975,0.0,0.1431608848474106,4,0,0.0
PIWIL4,0.00011758876696570266,0.00011700185167019526,0.0,0.1392838151021746,3,0,0.0
TDRD9,0.0,5.211976471191934e-05,0.0,0.11913016319363465,1,0,0.0
SPRED1,0.0,0.00011486331265793706,0.0,0.00011487650775416428,1,0,0.0
NF1,0.0,0.00011486331265793706,0.0,0.00011487650775416428,1,0,0.0
JAM3,8.236649779836449e-05,0.00010106269763974327,0.47619047619047616,0.1640458125979533,7,0,0.01
IGSF5,5.706300745788551e-06,7.77958632477779e-05,0.6,0.16212519708191064,5,0,0.0
JAM2,3.263363556410687e-05,9.97938988040274e-05,0.42857142857142855,0.1694069100287864,7,0,0.0
AMN,0.0,5.2803461977474615e-05,1.0,0.14150904169219183,2,0,0.0
TRPV3,0.0,3.529146937674606e-05,0.0,0.1419517150184662,1,0,0.0
AVPR1B,0.0,8.229830242809003e-05,1.0,0.13762335342064205,3,0,0.0
AVP,0.0,8.229830242809003e-05,1.0,0.13762335342064205,3,0,0.0
AVPR2,0.0020827660852746547,0.00014885733477760913,0.2857142857142857,0.16523128735147613,7,0,0.01
PCBD1,0.0,0.00014911420552325612,0.0,0.0002584721424468696,2,0,0.0
PCBD2,0.0,8.061241979261792e-05,0.0,0.0001723147616312464,1,0,0.0
HNF1A,0.0,0.00014911420552325612,0.0,0.0002584721424468696,2,0,0.0
RAG1,0.0,2.462800446018156e-05,0.0,0.14052807234795373,1,0,0.0
DCHS1,0.0,0.00011486331265793706,0.0,0.00011487650775416428,1,0,0.0
DCHS2,0.0,0.00011486331265793706,0.0,0.00011487650775416428,1,0,0.0
RNF169,0.0,2.7222541233269002e-05,0.0,0.1587098770755845,1,0,0.0
CHRNA5,0.0,3.836152759734779e-05,0.0,0.0005346175937789953,1,0,0.0
TMED3,0.0,3.7682573135398335e-05,0.0,0.12844766409054567,1,0,0.0
CPLX4,0.0,7.262060202215166e-05,1.0,0.11918311421170197,3,0,0.0
CPLX3,0.0,7.262060202215166e-05,1.0,0.11918311421170197,3,0,0.0
CPLX2,0.0,7.262060202215166e-05,1.0,0.11918311421170197,3,0,0.0
PDIA4,1.3926024955436721e-08,0.0001006820806007017,0.6666666666666666,0.15321509067119635,4,0,0.0
CHRFAM7A,0.0,3.836152759734779e-05,0.0,0.0005346175937789953,1,0,0.0
BSG,0.001844150425134367,0.0003173260750085819,0.01098901098901099,0.17899345878030165,14,0,0.04
PCLAF,0.0,2.803402649746326e-05,0.0,0.15548464472910917,1,0,0.0
ABHD5,6.893382352941177e-07,7.669764286368632e-05,0.0,0.0008337811046673214,2,0,0.0
SCNN1G,0.0,9.323386339039083e-05,1.0,0.1430567324915705,5,0,0.0
SCNN1A,0.0,9.323386339039083e-05,1.0,0.1430567324915705,5,0,0.0
SCNN1B,0.00024915167391663606,0.00010752375348864578,0.6666666666666666,0.15659076823695053,6,0,0.0
SCN4B,2.816062918832809e-05,0.00014551681441142,0.4642857142857143,0.14593032409020387,8,0,0.01
BORA,0.0,3.4451061257436934e-05,0.0,0.13591427829925123,1,0,0.0
GTSE1,0.0,3.4451061257436934e-05,0.0,0.13591427829925123,1,0,0.0
ERCC6L,9.535845588235295e-05,7.795198828274945e-05,0.0,0.13592054148573537,2,0,0.0
MAP1A,0.000287140402835965,4.141817658782984e-05,0.0,0.17469460498171052,2,0,0.0
CKMT1B,0.0,0.00011486331265793706,0.0,0.00011487650775416428,1,0,0.0
CKMT1A,0.0,0.00011486331265793706,0.0,0.00011487650775416428,1,0,0.0
TAP2,0.0,8.330074945324688e-05,1.0,0.1567697100912169,6,0,0.0
TAP1,0.0,8.330074945324688e-05,1.0,0.1567697100912169,6,0,0.0
MAP2K4,0.0008446839863554547,0.00019203692690691394,0.14102564102564102,0.17617630572877796,13,0,0.01
CARD9,0.00018438219344523674,8.126762097537285e-05,0.3,0.16741173825871672,5,0,0.0
GNG8,1.1501015476755218e-07,4.9827874894455517e-05,0.0,0.14728939155133208,2,0,0.0
LAX1,0.0,3.716472013988492e-05,0.0,0.13787102206329963,1,0,0.0
RAB39B,0.0,3.716472013988492e-05,0.0,0.13787102206329963,1,0,0.0
RAB3IL1,9.884563068398089e-05,5.378053595341899e-05,0.0,0.14888789836254512,2,0,0.0
B4GALT2,4.7679227941176475e-05,9.698995716016993e-05,0.6666666666666666,0.1293517689074093,3,0,0.0
B4GALT1,0.00014303768382352942,0.00012877502711501133,0.5,0.1293546053202,4,0,0.0
CYP2A6,0.002500919117647059,0.00018441756350050663,0.2,0.1303982718676894,5,0,0.01
CYP2S1,0.0,7.83279627966983e-05,1.0,0.11258444989259692,2,0,0.0
CYP2A13,0.0,4.7740163567442726e-05,0.0,0.11256941113316543,1,0,0.0
CYP1A2,0.003531517610981703,0.00020572924065163185,0.19047619047619047,0.15405534892464226,7,0,0.04
AXL,0.0,0.00010073498537178696,0.0,0.0003063373540111047,2,0,0.0
CDC42EP5,0.0,3.133446790647348e-05,0.0,0.16035357782489945,1,0,0.0
GRIK5,0.0,0.0001041893083397066,1.0,0.13196768351988547,4,0,0.0
GRIK2,0.0003814338235294118,0.00011975748745540356,0.6,0.15714556650476574,5,0,0.01
GRIK4,0.0,0.0001041893083397066,1.0,0.13196768351988547,4,0,0.0
GRIK1,0.0,0.0001041893083397066,1.0,0.13196768351988547,4,0,0.0
GRIK3,0.0,0.0001041893083397066,1.0,0.13196768351988547,4,0,0.0
CHAF1A,0.0,4.0705447010790495e-05,1.0,0.15455989260414496,2,0,0.0
CHAF1B,0.0,4.0705447010790495e-05,1.0,0.15455989260414496,2,0,0.0
WDR18,0.0,4.7438445022691084e-05,0.7,0.14898566538760957,5,0,0.0
KLK1,0.0,0.00011486331265793706,1.0,0.00022975301550832856,2,0,0.0
KLK2,0.0,0.00011486331265793706,1.0,0.00022975301550832856,2,0,0.0
SERPINA4,0.0,0.00011486331265793706,1.0,0.00022975301550832856,2,0,0.0
SLC25A23,0.0,3.709071617419753e-05,0.0,0.000432996067688773,1,0,0.0
MICU1,0.0,0.00016352264245811496,0.6190476190476191,0.0008041355542791499,7,0,0.02
ANGPTL4,0.0,9.367082172871192e-05,0.0,0.00015316867700555236,1,0,0.0
ANGPTL3,0.0,0.00015724829451638727,0.0,0.00022975301550832856,2,0,0.0
E7ENQ6_HUMAN,0.0,2.5337164723307658e-05,1.0,0.11783798607743355,3,0,0.0
SOAT2,0.0,0.00011486331265793706,0.0,0.00011487650775416428,1,0,0.0
SOAT1,0.0,0.00011486331265793706,0.0,0.00011487650775416428,1,0,0.0
BIRC5,0.0,8.414553072356173e-05,1.0,0.13520403889487753,3,0,0.0
DCAF4L1,0.0,2.825026058371526e-05,1.0,0.1522030915171681,2,0,0.0
CDK12,1.3230336755603045e-05,4.419508203182342e-05,0.0,0.15225023024370002,2,0,0.0
WDTC1,0.0,2.3234900007331965e-05,0.0,0.15219916460750796,1,0,0.0
ENSP00000497509,0.0,2.3234900007331965e-05,0.0,0.15219916460750796,1,0,0.0
DTYMK,0.0,0.00010173491387515017,1.0,0.00035898908673176336,3,0,0.0
MAJIN,0.0,6.333927791343632e-05,0.0,0.09716349745560919,1,0,0.0
TERB2,9.535845588235295e-05,0.00010219941118909363,0.0,0.11016447712374694,2,0,0.0
ANTXR1,0.0,0.00011486331265793706,0.0,0.00011487650775416428,1,0,0.0
ANTXR2,0.0,0.00011486331265793706,0.0,0.00011487650775416428,1,0,0.0
MYRIP,0.0,8.009213927297921e-05,1.0,0.1198051833104328,2,0,0.0
PRELID1,0.0,8.660665808563686e-05,0.0,0.00020677771395749567,1,0,0.0
TRIAP1,4.595588235294118e-07,0.00019963327637483752,0.0,0.0003446295232624928,3,0,0.0
PRLR,0.00036923636940199727,8.14213410270576e-05,0.1,0.17241231684998978,5,0,0.0
HEXIM2,0.0,6.418154046439012e-05,1.0,0.1253418200965154,3,0,0.0
LARP7,0.0,6.418154046439012e-05,1.0,0.1253418200965154,3,0,0.0
MEPCE,6.020003455843041e-05,7.162117592613748e-05,0.6666666666666666,0.14636844455803294,4,0,0.0
EMB,9.535845588235295e-05,0.00010357537562509134,0.0,0.12476655360551597,2,0,0.0
SLC16A7,0.0,6.419022803123115e-05,0.0,0.10834748964152371,1,0,0.0
SLC16A1,0.0001907169117647059,8.346937898904754e-05,0.0,0.14704340747351316,2,0,0.0
TPST1,0.0,6.757596308994574e-05,0.0,0.08770442635438666,1,0,0.0
GAST,9.535845588235295e-05,0.00011132853493953368,0.0,0.09816106597814166,2,0,0.0
HSPB3,0.000499826782464513,9.713513827420373e-05,0.2,0.17121632962855984,6,0,0.0
KSR2,0.0,4.760527642863949e-05,1.0,0.14804345172842123,2,0,0.0
TRIB1,0.0,3.1645758915051204e-05,0.0,0.14680189680027875,1,0,0.0
CXXC5,0.0,3.8129839308164866e-05,0.0,0.13132429699515585,1,0,0.0
TET2,0.00030352705361922256,0.00012156837860012883,0.1,0.1562465215474083,5,0,0.0
CD37,0.0,3.2042940774325706e-05,0.0,0.14408048802047727,1,0,0.0
LSP1,0.0010864826822891513,0.00013554737657559088,0.16666666666666666,0.18016331493822804,9,0,0.0
FUT9,0.0,5.315662433511916e-05,0.0,0.12035024116660684,1,0,0.0
FUT4,0.0001907169117647059,0.00011956746320574,0.0,0.14095451532872336,3,0,0.0
LRG1,0.0,3.315224245596813e-05,0.0,0.1346024602067814,1,0,0.0
GUSB,0.0,2.8912004144768076e-05,0.0,0.12479558749782951,1,0,0.0
PABPC1L2A,0.0,4.039124240740791e-05,0.0,0.13293119005391085,1,0,0.0
PABPC4L,0.0,4.039124240740791e-05,0.0,0.13293119005391085,1,0,0.0
PABPC5,0.0,4.039124240740791e-05,0.0,0.13293119005391085,1,0,0.0
PABPC4,0.0,4.039124240740791e-05,0.0,0.13293119005391085,1,0,0.0
MAEA,0.0,4.758451654960324e-05,0.0,0.09542669483034716,1,0,0.0
AURKC,0.0,4.1502435049608816e-05,0.0,0.13212433750722094,1,0,0.0
APAF1,0.0020034595590597746,0.00014255639799133673,0.15555555555555556,0.1867627246572026,10,0,0.0
DNAJA1,0.0,3.922751293467101e-05,1.0,0.17168473285862634,2,0,0.0
CDY1,0.0,0.00011486331265793706,0.0,0.00011487650775416428,1,0,0.0
CDY1B,0.0,0.00011486331265793706,0.0,0.00011487650775416428,1,0,0.0
MAT2A,0.0,0.00011486331265793706,1.0,0.00022975301550832856,2,0,0.0
MAT2B,0.0,0.00011486331265793706,1.0,0.00022975301550832856,2,0,0.0
MAT1A,0.0,0.00011486331265793706,1.0,0.00022975301550832856,2,0,0.0
OBSL1,0.0002724670510218573,9.398046887663032e-05,0.16666666666666666,0.1566739461654733,4,0,0.0
PCSK9,0.0006366246849015182,0.00011205789002277004,0.26666666666666666,0.16830972127656713,6,0,0.0
RNH1,0.0003814338235294118,0.0001330056020983154,0.0,0.12344027749110467,3,0,0.0
TACR3,0.0,5.3105670135644595e-05,0.0,0.1048465701162804,1,0,0.0
TAC3,9.535845588235295e-05,0.0001254123863626124,0.3333333333333333,0.12014679364187461,3,0,0.0
CGAS,0.0002576760139185193,5.5197858358751244e-05,0.42857142857142855,0.17181474401533176,8,0,0.0
IPO9,0.0,4.826807331014251e-05,1.0,0.16410057363476135,9,0,0.0
PGGT1B,0.0,9.367082172871192e-05,0.0,0.00015316867700555236,1,0,0.0
TRH,0.0,4.140099435130892e-05,0.0,0.12727539798102225,1,0,0.0
TRHR,9.535845588235295e-05,8.631853222632239e-05,0.3333333333333333,0.1505483723209065,3,0,0.0
BCR,0.0,3.1445394530316424e-05,0.0,0.15536998053683104,1,0,0.0
PEX26,0.0,9.367082172871192e-05,0.0,0.00015316867700555236,1,0,0.0
TACR1,0.0012944207695069422,0.00010378901933873414,0.2,0.1688009677804218,5,0,0.0
CBR4,0.0,5.3144656420469146e-05,1.0,0.0983837128255904,2,0,0.0
DEFB4B,0.0,3.152567842227471e-05,0.0,0.14054481264199367,1,0,0.0
SCN1A,0.0,4.8021158280778966e-05,0.0,0.1397292013127671,2,0,0.0
NUDT9,0.0,0.00011486331265793706,1.0,0.00022975301550832856,2,0,0.0
ADPRM,0.0,0.00011486331265793706,1.0,0.00022975301550832856,2,0,0.0
NUDT5,0.0,0.00011486331265793706,1.0,0.00022975301550832856,2,0,0.0
UBE2E2,6.224782819882724e-05,7.933497493194156e-05,0.16666666666666666,0.1566406643925226,4,0,0.0
UBE2E3,0.0,5.356774266747946e-05,1.0,0.1352846559115331,2,0,0.0
IRS2,6.612128184482988e-05,0.00010434652792922851,0.47619047619047616,0.17219088184192186,7,0,0.0
INSRR,0.0,5.572525536665645e-05,1.0,0.1609661487945427,3,0,0.0
SH2B2,3.5279218313581766e-06,4.185339883979957e-05,0.0,0.16629326890179852,2,0,0.0
GP9,0.0,7.037260650219638e-05,1.0,0.15655752178934187,4,0,0.0
GP5,0.00011162458359498598,0.00013404955518985933,0.25,0.1643337164950386,8,0,0.15
CTRB2,0.0,0.00011486331265793706,0.0,0.00011487650775416428,1,0,0.0
CTRB1,0.0,0.00011486331265793706,0.0,0.00011487650775416428,1,0,0.0
RNF139,0.0,0.00011486331265793706,0.0,0.00011487650775416428,1,0,0.0
HM13,0.0,0.00011486331265793706,0.0,0.00011487650775416428,1,0,0.0
CDK5R2,0.0,5.022487750537812e-05,0.0,0.126674127016307,1,0,0.0
PREX1,0.0013558131186857626,7.656544213867212e-05,0.16666666666666666,0.17079496861583718,4,0,0.0
TRIO,7.800265342171529e-06,4.531967061889675e-05,0.0,0.15120437332809764,2,0,0.0
DOCK2,0.0,4.751907379235649e-05,1.0,0.14918158513573582,2,0,0.0
RAB32,0.0,4.6636897161639066e-05,0.0,0.10699157394483459,1,0,0.0
COPRS,0.0,2.1223262551148794e-05,0.0,0.14747349868809284,1,0,0.0
C1GALT1C1,0.0,0.00011486331265793706,1.0,0.00022975301550832856,2,0,0.0
C1GALT1C1L,0.0,0.00011486331265793706,1.0,0.00022975301550832856,2,0,0.0
C1GALT1,0.0,0.00011486331265793706,1.0,0.00022975301550832856,2,0,0.0
KREMEN2,0.0,3.696262912258095e-05,0.0,0.12559533779774748,1,0,0.0
ADORA2B,0.0,3.47845041272823e-05,0.0,0.13542130394211338,1,0,0.0
HTD2,0.0,3.753100164482034e-05,0.0,0.09501477661666723,1,0,0.0
MAGI3,7.422951636006593e-07,6.266711703399646e-05,0.6666666666666666,0.14453588036022935,3,0,0.0
MAGI2,7.422951636006593e-07,6.266711703399646e-05,0.6666666666666666,0.14453588036022935,3,0,0.0
RETREG1,0.0,3.0006396530590966e-05,0.0,0.14757679986546923,1,0,0.0
MIP,0.0,5.494657619899479e-05,1.0,0.16013158394696927,4,0,0.0
P2RY1,0.0,0.00011486331265793706,0.0,0.00011487650775416428,1,0,0.0
P2RY12,0.0,0.00011486331265793706,0.0,0.00011487650775416428,1,0,0.0
CSN3,0.0,9.367082172871192e-05,0.0,0.00015316867700555236,1,0,0.0
IRS4,0.0,4.056619948686952e-05,1.0,0.15299653554535883,2,0,0.0
IL13,3.590215848707843e-05,8.691938881084052e-05,0.5,0.16300324457094229,5,0,0.0
SLIT3,2.6840626165766106e-05,0.00011958030394613794,0.0,0.13089303765470847,4,0,0.04
BFSP2,0.0,2.244109225792134e-05,0.0,0.12611085407406206,1,0,0.0
SOCS5,0.0,3.069789458800412e-05,0.0,0.14071914842256628,1,0,0.0
SRPRA,7.659313725490196e-08,6.455791621576377e-05,0.8333333333333334,0.13769402504603898,4,0,0.0
SRPRB,0.0,5.161164301204925e-05,1.0,0.13769081112486056,3,0,0.0
GNGT2,1.1501015476755218e-07,8.262070996832671e-05,0.8333333333333334,0.15055605688893883,4,0,0.0
MDGA1,0.0,3.772385113903607e-05,0.0,0.13207996375125722,1,0,0.0
SLC6A19,0.0,3.577165834039179e-05,0.0,0.1400410080007217,1,0,0.0
ADRB3,0.0,5.3091200013607046e-05,1.0,0.14382054809036254,2,0,0.0
ADRB1,9.024711147726322e-05,6.972354034132653e-05,0.3333333333333333,0.16027080232081944,3,0,0.0
CEBPD,0.0,2.9093448133944755e-05,0.0,0.15205793068752163,1,0,0.0
DDIT3,0.0,4.104261477920881e-05,1.0,0.15286570150356052,2,0,0.0
CEBPG,0.0,3.957469212117401e-05,1.0,0.15317132970743386,2,0,0.0
CNNM3,0.0017414981617647062,0.00011020534682066067,0.0,0.10363639818384078,2,0,0.0
PTP4A3,0.0,6.589460982072268e-05,0.0,0.09204954937150704,1,0,0.0
PTP4A2,0.0018363970588235296,9.123694222728874e-05,0.0,0.1185555573178665,2,0,0.0
SIRPG,4.908220361513093e-06,6.937738044372807e-05,0.6666666666666666,0.16528684284175962,4,0,0.0
SIRPA,0.0003223725529180998,0.0001421635524591205,0.19444444444444445,0.17587690948458307,9,0,0.0
PCBP1,0.0002497334502722102,6.381675534864126e-05,0.0,0.17087412510565134,4,0,0.0
PCBP2,4.8211956563011556e-05,5.626633341843627e-05,0.0,0.15564053139735107,3,0,0.0
HNRNPK,0.0008118559093520835,8.749888804220207e-05,0.06666666666666667,0.16044516607344633,6,0,0.0
B3GNT2,0.0,0.00011486331265793706,1.0,0.00022975301550832856,2,0,0.0
B3GNT3,0.0,0.00011486331265793706,1.0,0.00022975301550832856,2,0,0.0
B3GNT4,0.0,0.00011486331265793706,1.0,0.00022975301550832856,2,0,0.0
BMP1,0.0,3.89899191882096e-05,0.0,0.14093094321330216,1,0,0.0
POSTN,0.00022516187361012723,7.66223729709633e-05,0.0,0.17003682071375784,3,0,0.0
CHST11,0.0,0.00011486331265793706,1.0,0.00022975301550832856,2,0,0.0
CHST13,0.0,0.00011486331265793706,1.0,0.00022975301550832856,2,0,0.0
CHST12,0.0,0.00011486331265793706,1.0,0.00022975301550832856,2,0,0.0
LRTOMT,0.0,0.00011486331265793706,0.0,0.00011487650775416428,1,0,0.0
COMT,0.0,0.00011486331265793706,0.0,0.00011487650775416428,1,0,0.0
MRGPRX1,0.0,5.065591398726865e-05,1.0,0.15054068853729394,2,0,0.0
KIN,0.0,2.6702056001722078e-05,1.0,0.15162800208257038,3,0,0.0
BRD3,1.7545723557854419e-06,4.490501742620808e-05,0.16666666666666666,0.15481950032864605,4,0,0.0
USH2A,0.0,9.393604503457401e-05,1.0,0.11772745711308376,3,0,0.0
WHRN,0.00029099923091329164,0.00016349862095465723,0.3333333333333333,0.1373637774134917,6,0,0.0
ADGRV1,0.0,9.393604503457401e-05,1.0,0.11772745711308376,3,0,0.0
PDZD7,0.0,9.393604503457401e-05,1.0,0.11772745711308376,3,0,0.0
ALCAM,0.00011002809212910975,9.744883972737103e-05,0.0,0.14736666053016242,3,0,0.0
LGALS8,3.074618738836284e-05,5.8923569638026356e-05,0.0,0.1480768969582409,2,0,0.0
CD6,0.0,4.5300160297184736e-05,0.0,0.12499390657956141,1,0,0.0
PGK2,0.0,5.528249903922149e-05,1.0,0.15317132970743386,2,0,0.0
PGK1,0.0,5.528249903922149e-05,1.0,0.15317132970743386,2,0,0.0
ARF4,0.0,4.5748694808521234e-05,1.0,0.16445741346591583,2,0,0.0
DDX19A,0.0,0.00011486331265793706,0.0,0.00011487650775416428,1,0,0.0
DDX19B-2,0.0,0.00011486331265793706,0.0,0.00011487650775416428,1,0,0.0
CRLF2,5.202031455702145e-05,6.534908528352113e-05,0.3333333333333333,0.15357007838550493,3,0,0.0
TSLP,0.0,5.0826764443117616e-05,1.0,0.1313652389663386,2,0,0.0
ATF7,0.0,3.736606599630522e-05,1.0,0.1637861959914041,2,0,0.0
MAFB,0.0,3.736606599630522e-05,1.0,0.1637861959914041,2,0,0.0
MRVI1,0.0,3.103182309431175e-05,0.0,0.1548235636192956,1,0,0.0
ITPR2,7.726343412496768e-06,5.813095613810818e-05,0.3333333333333333,0.15727125279326032,3,0,0.0
ATXN2,0.00014452754004081608,0.00010283023867661374,0.3333333333333333,0.16701360156910622,6,0,0.0
KCNK3,0.0,0.00011486331265793706,0.0,0.00011487650775416428,1,0,0.0
KCNK9,0.0,0.00011486331265793706,0.0,0.00011487650775416428,1,0,0.0
TFEB,0.00045738427693640406,0.00011418113690388834,0.3333333333333333,0.15086794253401195,7,0,0.0
GPR37,0.0,6.215920942564103e-05,0.0,0.10718792443031526,1,0,0.0
PSAP,0.0001907169117647059,0.00014891404518817811,0.0,0.12323140633011073,3,0,0.0
B4GALT6,0.0,5.388712326641183e-05,0.0,0.12122325834869205,1,0,0.0
LPAR5,0.0,0.00012677972937343197,1.0,0.14118053372157766,8,0,0.0
LPAR6,0.0,0.00012677972937343197,1.0,0.14118053372157766,8,0,0.0
LPAR4,0.0,0.00012677972937343197,1.0,0.14118053372157766,8,0,0.0
CHRM2,0.00014722635443812027,0.00013957157908279927,0.8055555555555556,0.1625451179604982,9,0,0.43
LPAR3,0.0,0.00012677972937343197,1.0,0.14118053372157766,8,0,0.0
LPAR2,3.4154538890696923e-05,0.00014328158150435754,0.7777777777777778,0.14642657485100405,9,0,0.01
RAB33B,0.0,4.1284061822441135e-05,1.0,0.15029522091776817,2,0,0.0
ASPSCR1,0.0,8.061241979261792e-05,0.0,0.0001723147616312464,1,0,0.0
SLC2A4,0.0,0.00014911420552325612,0.0,0.0002584721424468696,2,0,0.0
ADRA1B,0.0,0.00011486331265793706,1.0,0.00022975301550832856,2,0,0.0
ADRA1A,0.0,0.00011486331265793706,1.0,0.00022975301550832856,2,0,0.0
ADRA1D,0.0,0.00011486331265793706,1.0,0.00022975301550832856,2,0,0.0
NUDT16L1,0.0,2.1880175776777594e-05,0.0,0.16341415055880776,1,0,0.0
BOLA2B,0.0,7.74992872470898e-05,0.0,0.00023932605782117557,1,0,0.0
GLRX3,4.595588235294118e-07,0.0001850132092773726,0.0,0.00035898908673176336,3,0,0.0
LRRC45,0.0,0.00011486331265793706,0.0,0.00011487650775416428,1,0,0.0
CROCC,0.0,0.00011486331265793706,0.0,0.00011487650775416428,1,0,0.0
AVEN,0.0,4.0895540179127185e-05,1.0,0.16144632915576237,2,0,0.01
SEMA4C,0.0,3.418591323864883e-05,0.0,0.13578288459022675,1,0,0.0
PLXNB2,0.00015197021442739367,0.00015860005554097355,0.32142857142857145,0.16259888150557886,8,0,0.0
PLEKHM1,0.00015027184550798505,8.541429116248778e-05,0.0,0.14759156899152848,3,0,0.0
CD300C,3.3790058685530785e-06,5.490044245109935e-05,0.6666666666666666,0.16850202579400728,3,0,0.0
NEU1,0.0,9.326634564712599e-05,1.0,0.1212257494764375,2,0,0.0
CTSA,0.0,9.326634564712599e-05,1.0,0.1212257494764375,2,0,0.0
B3GALT4,0.0,5.388712326641183e-05,0.0,0.12122325834869205,1,0,0.0
YEATS2,0.0,4.894195086244032e-05,1.0,0.1596418981657935,6,0,0.0
MBIP,0.0,5.3524768635552556e-05,0.9523809523809523,0.15964621853325758,7,0,0.0
MYOZ2,0.0,4.923612323440234e-05,0.0,0.12026681796172072,1,0,0.0
TCAP,9.535845588235295e-05,0.00011207436578949833,0.3333333333333333,0.1408400960014898,3,0,0.0
DEGS2,0.0,0.00011486331265793706,0.0,0.00011487650775416428,1,0,0.0
DEGS1,0.0,0.00011486331265793706,0.0,0.00011487650775416428,1,0,0.0
LAMC3,0.0,4.115405281092583e-05,0.0,0.11645387359883136,1,0,0.0
PHF12,1.5418385058257976e-06,6.748005171929678e-05,0.8571428571428571,0.1723569047222112,7,0,0.0
SINHCAF,0.0,5.129047509929609e-05,1.0,0.16375891572113374,5,0,0.0
EIF2AK3,0.0,3.5800688615864955e-05,0.0,0.1433173980472389,1,0,0.0
PDK2,9.535845588235295e-05,8.796532870920061e-05,0.0,0.08988400763404542,2,0,0.0
MYL1,0.0,2.8275910543418025e-05,0.0,0.12365504173526184,1,0,0.0
DDIT4,2.2530068745229035e-06,4.232265057903851e-05,0.0,0.15727544579882696,2,0,0.0
MLLT10,9.531931510078982e-05,5.1294855530624263e-05,0.3333333333333333,0.15715393934044813,3,0,0.0
MLLT6,0.0,3.178834761009903e-05,0.0,0.13196473135480294,1,0,0.0
SIM1,0.0,3.254291884536183e-05,0.0,0.1389589988933949,1,0,0.0
NPAS4,4.335302559090256e-07,5.752959505419876e-05,0.3333333333333333,0.14940450362228752,3,0,0.0
CANT1,0.0,0.00011486331265793704,1.0,0.0003446295232624928,3,0,0.0
ENTPD4,0.0,0.00011486331265793704,1.0,0.0003446295232624928,3,0,0.0
ENTPD5,0.0,0.00011486331265793704,1.0,0.0003446295232624928,3,0,0.0
ENTPD6,0.0,0.00011486331265793704,1.0,0.0003446295232624928,3,0,0.0
H1-4,7.266614601369437e-09,2.5293693293124004e-05,0.0,0.14687499803362217,2,0,0.0
HTR1E,0.0,5.159088385248355e-05,1.0,0.14934398534233925,2,0,0.0
CYB5A,0.0011510061158569054,0.0002085856392457963,0.027777777777777776,0.1478171650050717,9,0,0.0
CYB5B,0.0012463645717392584,0.00023491089163997912,0.044444444444444446,0.14782086904609218,10,0,0.0
CASP9,0.0002926552691848379,9.171990895924727e-05,0.26666666666666666,0.1645950731312054,6,0,0.0
RNASE1,0.0004767922794117647,6.998232800022562e-05,0.0,0.14518328955065962,2,0,0.0
DRAP1,7.084135425611e-07,3.713710675138715e-05,0.0,0.1466231059334974,2,0,0.0
EME2,0.0,4.850167209735771e-05,1.0,0.12335509642052614,2,0,0.0
U2AF1L5,0.0,2.8609817735020384e-05,0.0,0.13043863838634387,1,0,0.0
SF1,1.6418153380739011e-06,4.147415147275162e-05,0.0,0.14046115103153486,2,0,0.0
GLUL,0.0,0.00011486331265793706,1.0,0.00022975301550832856,2,0,0.0
GLS,0.0,0.00011486331265793706,1.0,0.00022975301550832856,2,0,0.0
GLS2,0.0,0.00011486331265793706,1.0,0.00022975301550832856,2,0,0.0
CHST2,0.0,0.00011486331265793706,0.0,0.00011487650775416428,1,0,0.0
CHST4,0.0,0.00011486331265793706,0.0,0.00011487650775416428,1,0,0.0
RAB6A,0.0004642820502820237,0.0001790781005516546,0.0,0.15123150770431976,7,0,0.0
EIF5A,0.0,2.9872939822790102e-05,1.0,0.16218760092990214,5,0,0.0
YTHDF1,6.43641173309873e-05,3.910878455897709e-05,0.0,0.15281026372972753,2,0,0.0
CD248,0.0,3.0347033366412822e-05,0.0,0.1669379806158531,1,0,0.0
RGMA,4.141233265511836e-05,0.00011030435303121602,0.7619047619047619,0.14972683116379606,7,0,0.01
GDF5,2.576668539221651e-07,8.353240599541255e-05,0.8,0.140585005624804,5,0,0.03
PTDSS2,0.0,0.00011486331265793706,0.0,0.00011487650775416428,1,0,0.0
PISD,0.0,0.00011486331265793706,0.0,0.00011487650775416428,1,0,0.0
SEC16B,0.0,3.481437303874226e-05,1.0,0.13756237718961828,2,0,0.0
SEC16A,7.422272377621126e-07,6.251630168644099e-05,0.7,0.13803555365552228,5,0,0.0
MARC1,0.0,6.203878157548663e-05,1.0,0.12532584280905887,2,0,0.0
CYB5R4,0.0,5.9586066028968705e-05,0.0,0.12532584280905887,2,0,0.0
CYB5R2,0.0,5.9586066028968705e-05,0.0,0.12532584280905887,2,0,0.0
CYB5R3,0.0,8.591131842315152e-05,0.3333333333333333,0.12532850540743168,3,0,0.0
CYP17A1,0.0,5.9586066028968705e-05,0.0,0.12532584280905887,2,0,0.0
CYB5RL,0.0,5.9586066028968705e-05,0.0,0.12532584280905887,2,0,0.0
CYB5R1,0.0,5.9586066028968705e-05,0.0,0.12532584280905887,2,0,0.0
RND1,6.828195524134019e-06,0.00013514657706837225,0.19047619047619047,0.1412853548492899,7,0,0.0
PLXNB3,0.00021264597536815467,0.00012793379868980385,0.4666666666666667,0.1625137723083942,6,0,0.02
EIF4EBP2,0.0,5.08888099948971e-05,1.0,0.14952947760569824,3,0,0.0
SERPINE2,0.0,3.6060795537582835e-05,0.0,0.12946248125844712,1,0,0.0
SERPINA5,4.6121452898635086e-05,8.495111343591258e-05,0.0,0.13377525502919477,3,0,0.0
F5,0.0,5.7324656522203445e-05,1.0,0.13020543462284026,2,0,0.0
RHOD,5.5929452792925015e-06,0.00011704641992190395,0.13333333333333333,0.14127520406701793,6,0,0.02
DDX19B,0.0,3.892143186639678e-05,1.0,0.13489795154407502,2,0,0.0
PRSS3,0.0,8.660665808563686e-05,0.0,0.00020677771395749567,1,0,0.0
COL8A2,0.0,3.527141091135881e-05,0.0,0.14180498608226924,1,0,0.0
IGHV1-3,0.0,3.527141091135881e-05,0.0,0.14180498608226924,1,0,0.0
ERVFRD-1,8.686041951148403e-05,9.274784964119176e-05,0.0,0.1587568604613381,4,0,0.0
ERV3-1,7.603056233507476e-05,7.038905936953451e-05,0.0,0.15874831595862218,3,0,0.0
ENO1,0.00041471863349740645,0.0001009956526850343,0.2,0.16678694396286017,5,0,0.0
SERPINF2,0.0,4.605265624120947e-05,1.0,0.16969931019568496,2,0,0.0
VCPIP1,0.0,3.27622680045511e-05,0.0,0.13964650761125869,1,0,0.0
EFCAB9,0.0,0.00011978737021799486,0.0,0.000331114639997297,2,0,0.0
GMPPB,0.0,0.00011486331265793706,0.0,0.00011487650775416428,1,0,0.0
GMPPA,0.0,0.00011486331265793706,0.0,0.00011487650775416428,1,0,0.0
B4GAT1,0.0,0.00011486331265793706,1.0,0.00022975301550832856,2,0,0.0
LARGE2,0.0,0.00011486331265793706,1.0,0.00022975301550832856,2,0,0.0
LARGE1,0.0,0.00011486331265793706,1.0,0.00022975301550832856,2,0,0.0
LRRC7,0.0,2.9176131200171576e-05,0.0,0.13993470492984156,1,0,0.0
CLCF1,4.595588235294118e-07,5.914438728875094e-05,0.0,0.12430384181516743,2,0,0.0
CRLF1,4.869521443409531e-05,5.8286891461546e-05,0.0,0.14081320079780396,2,0,0.0
GPRC6A,0.0,0.00011486331265793706,0.0,0.00011487650775416428,1,0,0.0
CASR,0.0,0.00011486331265793706,0.0,0.00011487650775416428,1,0,0.0
SLC26A7,0.0,0.00011486331265793706,0.0,0.00011487650775416428,1,0,0.0
SLC4A2,0.0,0.00011486331265793706,0.0,0.00011487650775416428,1,0,0.0
PGA5,0.0,0.00011486331265793706,1.0,0.00022975301550832856,2,0,0.0
PGA4,0.0,0.00011486331265793706,1.0,0.00022975301550832856,2,0,0.0
PGA3,0.0,0.00011486331265793706,1.0,0.00022975301550832856,2,0,0.0
FOXK1,4.666359499677185e-06,5.001769216724764e-05,0.4,0.1594391043277494,5,0,0.0
KANSL2,9.574142156862745e-09,6.150271693371642e-05,0.9642857142857143,0.1668246774984418,8,0,0.0
CREBZF,0.0,2.3017620795740938e-05,0.0,0.15044470737860297,1,0,0.0
KANSL3,9.574142156862745e-09,6.150271693371642e-05,0.9642857142857143,0.1668246774984418,8,0,0.0
GNL3L,3.0411098894032382e-05,4.3507735008043085e-05,0.3333333333333333,0.16535633976236583,3,0,0.0
PKIA,0.00022843998872025117,4.1314120421305514e-05,0.0,0.1537141366188707,2,0,0.0
AKAP1,0.00030080511594887503,0.00011019901883450436,0.3,0.14654661452333684,5,0,0.0
CSNK1G3,3.8403871564944976e-05,8.338099306733849e-05,0.4,0.15332659512976038,5,0,0.0
TWNK,0.0,0.00011486331265793706,0.0,0.00011487650775416428,1,0,0.0
SSBP1,0.0,0.00011486331265793706,0.0,0.00011487650775416428,1,0,0.0
MAPK8IP3,0.0002523826035231862,0.0001335021158278327,0.14285714285714285,0.15916808108095626,8,0,0.01
APOBEC3F,0.0,2.823112879332356e-05,0.0,0.1405682557551923,1,0,0.0
NLRP7,0.0,7.383323347757614e-05,1.0,0.15464092644303357,5,0,0.0
TBX5,9.91588079856065e-05,7.24319467101188e-05,0.3333333333333333,0.1746170387775627,4,0,0.0
NKX2-5,6.645489974867644e-06,6.166640382109291e-05,0.3333333333333333,0.15043319786357937,3,0,0.0
CD34,0.0,3.160458985633732e-05,0.0,0.14430252986845402,1,0,0.0
ZNF622,0.0,3.082050798031819e-05,1.0,0.1390834965111143,2,0,0.0
RAB1B,9.535845588235295e-05,0.00011860612370620685,0.0,0.08683940205535619,2,0,0.0
TBC1D20,0.0,6.630085449001527e-05,0.0,0.07855394989110473,1,0,0.0
RASGRP1,0.0,0.00011486331265793706,0.0,0.00011487650775416428,1,0,0.0
RASGRP2,0.0,0.00011486331265793706,0.0,0.00011487650775416428,1,0,0.0
C7orf26,0.0,5.457983859040505e-05,1.0,0.13345445831781555,5,0,0.0
INTS12,0.0,4.657432996865535e-05,1.0,0.13345143925939737,4,0,0.0
INTS6L,0.0,2.3927838312299403e-05,0.0,0.13343332777702782,1,0,0.0
INTS8,0.000209697320524861,0.00011872089704539984,0.717948717948718,0.15434556308274203,13,0,0.0
INTS9,0.00034540056303854287,0.00011669116713885389,0.6923076923076923,0.1493477662984481,13,0,0.02
TNFRSF10C,0.0,3.548803676524395e-05,0.0,0.12555256828822817,1,0,0.0
RAB3B,0.0,9.367082172871192e-05,0.0,0.00015316867700555236,1,0,0.0
XCR1,0.0,0.00011486331265793706,1.0,0.00022975301550832856,2,0,0.0
XCL2,0.0,0.00011486331265793706,1.0,0.00022975301550832856,2,0,0.0
XCL1,0.0,0.00011486331265793706,1.0,0.00022975301550832856,2,0,0.0
ARHGAP1,0.0,4.908014025559128e-05,1.0,0.1659050938218185,2,0,0.0
TAZ,0.0,3.071542527576676e-05,0.0,0.10136411534997339,1,0,0.0
ISCU,0.0,8.319595068011034e-05,1.0,0.10960975530987944,3,0,0.0
NFS1,0.0,8.319595068011034e-05,1.0,0.10960975530987944,3,0,0.0
LYRM4,0.00018113130574802527,9.023266523884356e-05,0.5,0.12105410151694816,4,0,0.0
MRGPRD,0.0,3.445008334049108e-05,0.0,0.1444544756231457,1,0,0.0
ZNF326,0.0,4.675003383247087e-05,0.0,0.1303982718676894,1,0,0.0
B4GALT3,0.0,0.00010400144929889001,0.6666666666666666,0.11179501243243696,3,0,0.0
CASP7,0.00010881082352713151,7.237409038111627e-05,0.3333333333333333,0.15842855971592323,4,0,0.0
CD200,1.6579667253988002e-05,5.8710299207999725e-05,0.0,0.14831516621467294,3,0,0.0
CYP4A11,0.0,8.363022753409852e-05,1.0,0.08842618151190791,2,0,0.0
CYP4A22,0.0,8.363022753409852e-05,1.0,0.08842618151190791,2,0,0.0
ELF4,0.0,0.00011486331265793706,0.0,0.00011487650775416428,1,0,0.0
ELF3,0.0,0.00011486331265793706,0.0,0.00011487650775416428,1,0,0.0
CST6,0.0,0.00011486331265793706,0.0,0.00011487650775416428,1,0,0.0
LGMN,0.0,0.00011486331265793706,0.0,0.00011487650775416428,1,0,0.0
HUS1B,0.0,4.4895183095101224e-05,1.0,0.1309685942236668,2,0,0.0
ADCY5,0.0005721507352941177,6.117464453916017e-05,0.0,0.14299084767961218,2,0,0.0
SNX33,0.0,0.00011486331265793706,1.0,0.00022975301550832856,2,0,0.0
SNX9,0.0,0.00011486331265793706,1.0,0.00022975301550832856,2,0,0.0
SNX18,0.0,0.00011486331265793706,1.0,0.00022975301550832856,2,0,0.0
BICD1,0.0,3.95947981253488e-05,0.0,0.12776330722131163,1,0,0.0
KIF20A,7.78829912168657e-05,8.709922831294035e-05,0.0,0.1445110952946376,3,0,0.0
GORAB,0.0,3.95947981253488e-05,0.0,0.12776330722131163,1,0,0.0
GSTM1,0.0,3.122482125751165e-05,0.0,0.14569964979802413,1,0,0.0
HEG1,0.0,3.743256470718793e-05,0.0,0.12282089154741622,1,0,0.0
RNF146,1.5846796723785297e-05,4.227737176159429e-05,0.0,0.1560687713906133,2,0,0.0
GGA2,0.0,4.8491862143184135e-05,1.0,0.15073687034680977,2,0,0.0
GGA1,0.000610171001537593,0.00013362189274515455,0.2,0.1583265095955984,6,0,0.0
FUT1,0.0,4.933491930010818e-05,0.0,0.11135606269037096,1,0,0.0
SSH3,0.0,0.00011486331265793706,1.0,0.00022975301550832856,2,0,0.0
SSH1,0.0,0.00011486331265793706,1.0,0.00022975301550832856,2,0,0.0
SSH2,0.0,0.00011486331265793706,1.0,0.00022975301550832856,2,0,0.0
TLR8,0.0,4.6317480595396525e-05,1.0,0.1590264839202696,2,0,0.0
KCNG4,0.0,5.075380447868997e-05,0.0,0.11069783113196473,1,0,0.0
PRG2,0.0,5.5575881036184135e-05,0.0,0.11425697116061208,1,0,0.0
BTN2A1,0.0005004133061417068,6.850945986540288e-05,0.0,0.14605316714588762,2,0,0.0
SIGLEC9,0.0004767922794117647,5.709728854136105e-05,0.0,0.16439325105959204,2,0,0.0
KLHL2,0.0,2.27942734621313e-05,0.0,0.14291809819319704,1,0,0.0
AP1G2,0.0,9.235731259966631e-05,1.0,0.13533741903786364,7,0,0.01
AP1G1,0.000288772094615253,0.00012292643145091333,0.7222222222222222,0.15290532454697772,9,0,0.0
AP1S3,7.674575136257875e-05,0.0001025164253200112,0.8571428571428571,0.15137120990024377,8,0,0.0
AP1M1,0.000288772094615253,0.00012292643145091333,0.7222222222222222,0.15290532454697772,9,0,0.0
AP1M2,0.0,9.235731259966634e-05,1.0,0.13533741903786364,7,0,0.01
AP1S2,4.416018967116508e-05,0.00010119552595893257,0.7857142857142857,0.14432018155406484,8,0,0.01
AP1B1,0.0003974369532722827,0.00013204540455599562,0.6,0.15486827389730912,10,0,0.03
CSRP3,0.0,7.15158459013489e-05,1.0,0.14083673353918733,2,0,0.0
INSM1,0.0,2.5038558957971833e-05,0.0,0.15519421801642685,1,0,0.0
SIGLEC6,0.0,3.037967151201973e-05,0.0,0.12213431513503936,1,0,0.0
NPY,0.0001242763771374706,0.00015907709475202495,0.2,0.12838616307613826,6,0,0.01
LEPR,6.165073676889564e-05,5.332446242317242e-05,0.3333333333333333,0.15601098648636413,3,0,0.0
PIDD1,0.0,7.001895973369461e-05,1.0,0.1224766411506779,2,0,0.0
CRADD,0.0,7.001895973369461e-05,1.0,0.1224766411506779,2,0,0.0
GHR,3.5919136274359946e-05,6.78096589946065e-05,0.0,0.15730899789393069,4,0,0.0
TRIM72,0.0,6.634584635694673e-05,1.0,0.15112302859030105,3,0,0.0
DYSF,2.40750618597419e-05,0.00010113840333831578,0.5,0.16392273379338096,5,0,0.0
KCNK10,0.0,9.367082172871192e-05,0.0,0.00015316867700555236,1,0,0.0
KCNK2,0.0,0.00015724829451638727,0.0,0.00022975301550832856,2,0,0.0
EDNRB,0.0003814338235294118,0.00014985534933496404,0.42857142857142855,0.14454296336916594,7,0,0.0
CNR1,0.0001091774914554623,0.00010517178047364056,0.3,0.15241544597515505,5,0,0.0
PAIP2,0.0,2.819113304941304e-05,0.0,0.14900448146053044,1,0,0.0
LARP4,0.0,2.819113304941304e-05,0.0,0.14900448146053044,1,0,0.0
GSPT2,8.777745159184809e-07,4.446856150225325e-05,0.6666666666666666,0.15945634331726993,3,0,0.0
NPHP1,0.0,8.328683105556252e-05,1.0,0.110845514215269,2,0,0.0
RPGRIP1L,0.0,8.328683105556252e-05,1.0,0.110845514215269,2,0,0.0
NPHP4,0.00021857745075793707,0.00014222103025448465,0.16666666666666666,0.12808788233682336,4,0,0.0
BVES,0.0,2.9114219275307753e-05,0.0,0.15833075905905847,1,0,0.0
HNRNPD,0.0009082768283676968,7.69659546686966e-05,0.0,0.18016331493822804,6,0,0.0
RNF144A,0.0,2.4187278879043848e-05,0.0,0.14248315108019904,1,0,0.0
GRHPR,0.0,9.416108205802443e-05,1.0,0.0002584721424468696,2,0,0.0
UBD,0.0,2.7019661120115514e-05,0.0,0.14827043233857137,1,0,0.0
LGALS7B,0.0,0.00011486331265793706,0.0,0.00011487650775416428,1,0,0.0
LGALS7,0.0,0.00011486331265793706,0.0,0.00011487650775416428,1,0,0.0
AMBN,0.0,0.00011486331265793706,0.0,0.00011487650775416428,1,0,0.0
ENAM,0.0,0.00011486331265793706,0.0,0.00011487650775416428,1,0,0.0
GORASP1,0.0,5.1907019500123714e-05,0.0,0.10999808724798898,1,0,0.0
TSFM,0.0,2.1649088237377846e-05,0.0,0.1315820713111706,1,0,0.0
OGA,0.0,3.90148782082113e-05,0.0,0.12292838670130868,1,0,0.0
C1QB,0.0,0.00010341564568387366,1.0,0.10414687724696163,4,0,0.0
C1QA,0.0,0.00010341564568387366,1.0,0.10414687724696163,4,0,0.0
C1QC,0.0,0.00010341564568387366,1.0,0.10414687724696163,4,0,0.0
DNAJA2,0.0,2.8061593861225123e-05,0.0,0.16377255472022212,1,0,0.0
MRGPRX4,0.0,3.351511347527618e-05,0.0,0.1446492918695111,1,0,0.0
ARHGAP10,0.0,3.213061204774053e-05,0.0,0.13969280402146395,1,0,0.0
TFE3,0.0,4.971794881660921e-05,1.0,0.13011640428397117,2,0,0.0
KLK3,6.864127567816611e-05,8.378092911395888e-05,0.0,0.14144118303935554,3,0,0.0
GPR88,0.0,5.159088385248355e-05,1.0,0.14934398534233925,2,0,0.0
METTL1,0.0,0.00011486331265793706,0.0,0.00011487650775416428,1,0,0.0
WDR4,0.0,0.00011486331265793706,0.0,0.00011487650775416428,1,0,0.0
GBA2,0.0,8.488475266357086e-05,1.0,0.12322368393504482,2,0,0.0
UGCG,0.0,8.488475266357086e-05,1.0,0.12322368393504482,2,0,0.0
PTPRD,0.0001231462897692792,9.623343451123937e-05,0.0,0.13373279728463197,3,0,0.0
ANGPT2,0.00017106969456775795,0.00012412971079127092,0.3333333333333333,0.16651388548345614,6,0,0.0
ANGPT4,0.0,7.309289043293924e-05,1.0,0.14499059679060122,3,0,0.0
TEK,0.0,7.309289043293924e-05,1.0,0.14499059679060122,3,0,0.0
TIE1,0.0,5.231817306838742e-05,1.0,0.14498703322983755,2,0,0.0
IL19,0.0,9.301298949868611e-05,1.0,0.1255018173138967,4,0,0.0
IL20,0.0,9.301298949868611e-05,1.0,0.1255018173138967,4,0,0.0
EDNRA,0.0,9.794911264238494e-05,1.0,0.12296426024559971,4,0,0.0
EDN1,0.0,9.794911264238494e-05,1.0,0.12296426024559971,4,0,0.0
EDN2,0.0,9.794911264238494e-05,1.0,0.12296426024559971,4,0,0.0
EDN3,0.0,9.794911264238494e-05,1.0,0.12296426024559971,4,0,0.0
SHQ1,0.0,2.4683609317828388e-05,0.0,0.13839825968990244,1,0,0.0
PLK3,2.0625714103274654e-05,5.9657340288312205e-05,0.3333333333333333,0.16051938560605172,3,0,0.0
TYMS,0.0,0.00011486331265793706,1.0,0.00022975301550832856,2,0,0.0
DHFR2,0.0,0.00011486331265793706,1.0,0.00022975301550832856,2,0,0.0
DHFR,0.0,0.00011486331265793706,1.0,0.00022975301550832856,2,0,0.0
SLMAP,5.073137213821108e-06,6.207761547220006e-05,0.3333333333333333,0.1313009130391382,3,0,0.0
CCNG2,0.0,4.5376360804876855e-05,0.0,0.14660852998539656,1,0,0.0
ANXA2R,0.0,3.2698156342762444e-05,0.0,0.15987986614148578,1,0,0.0
LAYN,0.0,3.915464809670648e-05,1.0,0.1548642082595401,2,0,0.0
SYNE4,0.0,4.967910873762701e-05,1.0,0.1315380609856267,2,0,0.0
SUN2,1.1296027663258377e-05,0.00013978010881179548,0.5238095238095238,0.13680629455061227,7,0,0.01
ZNRF1,0.0,2.704750224136189e-05,0.0,0.1563790637282931,1,0,0.0
TRIM5,0.0,2.704750224136189e-05,0.0,0.1563790637282931,1,0,0.0
RNF8,9.308855361824884e-06,4.783999864487968e-05,0.6666666666666666,0.16761151927894308,4,0,0.0
HTR1A,0.0002037513072196591,8.17565313580909e-05,0.3333333333333333,0.1535420984128683,4,0,0.0
HTR1B,1.229271774780834e-06,8.646245069764487e-05,0.5,0.15042552583186458,4,0,0.0
EPS8,0.0005116333278888026,0.00012491325436939923,0.2,0.16131388391868523,6,0,0.0
USP9X,3.779515037874878e-05,3.935740966190143e-05,0.0,0.16733100984349014,2,0,0.0
JARID2,5.839686440258716e-07,6.877186558170272e-05,0.7111111111111111,0.16391817886579974,10,0,0.0
PHF1,0.0001734751749807798,0.00011616049093802613,0.4805194805194805,0.1759083769501238,22,0,0.0
MTF2,7.189111131797394e-06,5.354015428948206e-05,0.8,0.16239298081325773,6,0,0.02
PHF19,1.3676443318232173e-05,6.44384057479899e-05,0.5714285714285714,0.16874302528740528,8,0,0.0
SWI5,0.0,9.596961550533542e-05,1.0,0.1334272917086402,6,0,0.0
SFR1,0.0,9.596961550533542e-05,1.0,0.1334272917086402,6,0,0.0
RAD51B,5.797036332614299e-07,0.00011198755320792273,0.8095238095238095,0.1334303096745697,7,0,0.05
XRCC2,0.00011610348971613248,0.0001215293874046096,0.6785714285714286,0.154285011665291,8,0,0.0
XRCC3,0.00017676047530292263,0.00011545599798501671,0.6428571428571429,0.15781400270257895,8,0,0.0
RAD51D,0.0,9.596961550533544e-05,1.0,0.1334272917086402,6,0,0.0
AMPH,7.1216705212589905e-06,8.224375241058556e-05,0.6666666666666666,0.15382235778415648,4,0,0.0
HSD11B2,0.0,0.00011486331265793706,1.0,0.00022975301550832856,2,0,0.0
HSD11B1L,0.0,0.00011486331265793706,1.0,0.00022975301550832856,2,0,0.0
HSD11B1,0.0,0.00011486331265793706,1.0,0.00022975301550832856,2,0,0.0
SPATA13,0.0,4.631976614722318e-05,0.0,0.12965597215311445,1,0,0.0
CLK4,0.0,0.00011486331265793706,0.0,0.00011487650775416428,1,0,0.0
CLK1,0.0,0.00011486331265793706,0.0,0.00011487650775416428,1,0,0.0
GCNT4,0.0,0.00011486331265793706,1.0,0.00022975301550832856,2,0,0.0
GCNT3,0.0,0.00011486331265793706,1.0,0.00022975301550832856,2,0,0.0
GCNT1,0.0,0.00011486331265793706,1.0,0.00022975301550832856,2,0,0.0
AAR2,0.0,2.6911274843757904e-05,1.0,0.1451332830050288,3,0,0.0
TSSC4,0.0,2.3888155846381697e-05,1.0,0.14512614202475893,2,0,0.0
C9orf78,0.0,2.0441588046100905e-05,0.0,0.14144457442627922,1,0,0.0
SEMA4A,0.0,4.517375524040248e-05,0.0,0.12613242577396142,1,0,0.0
PSAPL1,0.0,6.215920942564103e-05,0.0,0.10718792443031526,1,0,0.0
RABGGTA,0.0018366268382352944,0.0001387133927671292,0.0,0.1185555573178665,3,0,0.0
STXBP3,0.0,2.8173424353973608e-05,0.0,0.1233138388106192,1,0,0.0
PIPOX,0.0,0.00011486331265793706,1.0,0.00022975301550832856,2,0,0.0
GNMT,0.0,0.00011486331265793706,1.0,0.00022975301550832856,2,0,0.0
SARDH,0.0,0.00011486331265793706,1.0,0.00022975301550832856,2,0,0.0
C1orf198,0.0,2.6950437705722363e-05,1.0,0.1102118154324596,2,0,0.0
SPTBN5,7.266665750395217e-06,6.562036294653796e-05,0.6666666666666666,0.14659759992600402,3,0,0.0
SPTBN2,8.7136291929692e-05,6.0830561527953854e-05,0.3333333333333333,0.16606388596183883,3,0,0.0
TNIP1,0.0,3.9831205225109305e-05,1.0,0.17705938172771862,3,0,0.0
ROCK2,0.0,6.264320343194055e-05,1.0,0.14946128407161066,2,0,0.0
ROCK1,0.00011871528995591346,0.00012808961200010932,0.16666666666666666,0.14946885805919885,4,0,0.0
NSA2,1.071136772778762e-05,7.90263959731689e-05,0.4666666666666667,0.15329870380245839,6,0,0.0
MRTO4,0.0,5.371763684898318e-05,1.0,0.1495787672047873,3,0,0.0
ENPP4,0.0,0.00011486331265793706,0.0,0.00011487650775416428,1,0,0.0
FHIT,0.0,0.00011486331265793706,0.0,0.00011487650775416428,1,0,0.0
BLOC1S4,0.0,9.362269411783141e-05,1.0,0.14424960070968093,7,0,0.0
BLOC1S5,0.0,9.362269411783141e-05,1.0,0.14424960070968093,7,0,0.0
DTNBP1,0.0,9.362269411783141e-05,1.0,0.14424960070968093,7,0,0.0
BLOC1S1,3.829656862745098e-07,0.00015113165971738485,0.6212121212121212,0.14426723944784545,12,0,0.0
BLOC1S6,0.0,9.362269411783141e-05,1.0,0.14424960070968093,7,0,0.0
BLOC1S3,0.0,9.362269411783141e-05,1.0,0.14424960070968093,7,0,0.0
FUT7,0.0,5.315662433511916e-05,0.0,0.12035024116660684,1,0,0.0
INO80C-2,0.0,2.7025952657256615e-05,1.0,0.16609193966332744,2,0,0.0
INO80D,0.0,3.998501895401933e-05,1.0,0.16711769231486445,5,0,0.0
CCDC114,0.0,0.00011486331265793706,1.0,0.00022975301550832856,2,0,0.0
TTC25,0.0,0.00011486331265793706,1.0,0.00022975301550832856,2,0,0.0
CCDC151,0.0,0.00011486331265793706,1.0,0.00022975301550832856,2,0,0.0
CDK5R1,0.0,5.022487750537812e-05,0.0,0.126674127016307,1,0,0.0
BACE2,0.00011797671264710967,5.903682864168406e-05,0.0,0.1775603473805015,3,0,0.0
NABP2,0.0,6.115912348455387e-05,1.0,0.1159730944250069,3,0,0.0
NABP1,0.0,6.115912348455387e-05,1.0,0.1159730944250069,3,0,0.0
INIP,0.0,6.115912348455387e-05,1.0,0.1159730944250069,3,0,0.0
GREM2,0.0,4.8007012456723034e-05,0.0,0.10696635335223487,1,0,0.0
GREM1,9.531931510078982e-05,7.175721341134462e-05,0.0,0.1229386341493498,2,0,0.0
TFIP11,3.927425764564659e-07,3.606261760612195e-05,0.6666666666666666,0.14427076771313557,3,0,0.0
SYTL2,0.0,5.013275534281159e-05,0.0,0.1056332244788683,1,0,0.0
FMN2,0.0,0.00011486331265793706,0.0,0.00011487650775416428,1,0,0.0
SPIRE1,0.0,0.00011486331265793706,0.0,0.00011487650775416428,1,0,0.0
CPN2,0.0,0.00011486331265793706,0.0,0.00011487650775416428,1,0,0.0
CPN1,0.0,0.00011486331265793706,0.0,0.00011487650775416428,1,0,0.0
DCUN1D3,0.0,3.556801210629237e-05,0.0,0.131728985329427,1,0,0.0
TSPAN16,0.0,2.988068995679744e-05,0.0,0.13878572923238208,1,0,0.0
KCND3,0.0,0.0001312285079389902,0.5,0.11983195378691804,4,0,0.03
KCNIP1,0.0,7.06011299015263e-05,1.0,0.11982708553772904,2,0,0.0
DPP10,0.0,7.06011299015263e-05,1.0,0.11982708553772904,2,0,0.0
KCNIP2,0.0,7.06011299015263e-05,1.0,0.11982708553772904,2,0,0.0
AGTRAP,0.0,4.027257593866772e-05,0.0,0.12389136660763207,1,0,0.0
H1-8,0.0,2.1218405616693088e-05,0.0,0.15709953185146208,1,0,0.0
ADGRE2,1.4341703409305538e-05,5.223837584203059e-05,0.0,0.12940284337689253,2,0,0.0
SH3GL3,5.212285495075042e-05,6.518551526948673e-05,0.3333333333333333,0.16728355889922872,3,0,0.0
ARC,0.0,5.074137750885043e-05,1.0,0.14989422998405286,2,0,0.0
GHRHR,9.535845588235295e-05,8.631853222632239e-05,0.3333333333333333,0.1505483723209065,3,0,0.0
GHRH,0.0,4.140099435130892e-05,0.0,0.12727539798102225,1,0,0.0
CIDEA,0.0,0.00011486331265793706,0.0,0.00011487650775416428,1,0,0.0
CIDEC,0.0,0.00011486331265793706,0.0,0.00011487650775416428,1,0,0.0
MOSPD2,0.002111378537132654,9.775584848304224e-05,0.0,0.10202503322418542,2,0,0.0
SLC7A8,0.0,4.935004599146097e-05,0.0,0.12782421280655257,1,0,0.0
RNF185,0.0,5.662846923287784e-05,0.0,0.10910093251382284,1,0,0.0
RNF5,9.535845588235295e-05,8.95910733480621e-05,0.0,0.1257667076222663,2,0,0.0
YARS2,0.0,0.00011486331265793706,0.0,0.00011487650775416428,1,0,0.0
YARS1,0.0,0.00011486331265793706,0.0,0.00011487650775416428,1,0,0.0
EML4,0.0,3.5853081742300195e-05,0.0,0.14475932912130748,1,0,0.0
SPAST,0.0,3.3092301529680484e-05,1.0,0.13193226625416324,2,0,0.0
SLC2A1,0.0,0.00014911420552325612,0.0,0.0002584721424468696,2,0,0.0
NANOS2,0.0,2.830090189674862e-05,0.0,0.12781313474503622,1,0,0.0
ZFP36,0.00036848446469382783,3.544439526934015e-05,0.0,0.1477801348019039,2,0,0.0
NANOS1,0.0,2.830090189674862e-05,0.0,0.12781313474503622,1,0,0.0
ME2,0.0,0.00011486331265793706,1.0,0.00022975301550832856,2,0,0.0
ME3,0.0,0.00011486331265793706,1.0,0.00022975301550832856,2,0,0.0
ME1,0.0,0.00011486331265793706,1.0,0.00022975301550832856,2,0,0.0
TACR2,0.0,8.162243871566353e-05,1.0,0.12014434666033404,2,0,0.0
TAC4,0.0,4.574626547870948e-05,0.0,0.12013945299626086,1,0,0.0
SH2B1,0.0,5.531499176141303e-05,1.0,0.16787385944856006,3,0,0.0
SH2B3,0.0,5.531499176141303e-05,1.0,0.16787385944856006,3,0,0.0
RCHY1,0.0,4.6025082855842413e-05,0.0,0.13079146444853781,1,0,0.0
POLH,9.535845588235295e-05,6.750797259034343e-05,0.0,0.15549284150515053,2,0,0.0
COX8C,0.0,2.3105789227081772e-05,0.0,0.10316155887278387,1,0,0.0
DIAPH2,0.0,5.0512815054963564e-05,0.0,0.12649485195716523,1,0,0.0
DIAPH1,9.535845588235295e-05,7.85238725002528e-05,0.0,0.14945749736565495,2,0,0.0
MICU3,0.0,0.00011280050664674953,1.0,0.0006254387644393388,5,0,0.0
SMDT1,0.0,0.00013302196554400747,0.8666666666666667,0.0007036186099942562,6,0,0.0
MCUR1,0.0,0.00011280050664674953,1.0,0.0006254387644393388,5,0,0.0
MICU2,0.0,0.00013302196554400747,0.8666666666666667,0.0007036186099942562,6,0,0.0
MCUB,0.0,0.00013302196554400747,0.8666666666666667,0.0007036186099942562,6,0,0.0
LLGL1,1.1308858994420752e-05,7.75370401318497e-05,0.6666666666666666,0.15914231739026655,4,0,0.0
LLGL2,1.128624127643191e-05,7.75370401318497e-05,0.6666666666666666,0.15914231739026655,4,0,0.0
SCRIB,0.00017461647657980177,0.00010436199737488499,0.13333333333333333,0.15985387152866706,6,0,0.0
BORCS5,0.0,9.362269411783141e-05,1.0,0.14424960070968093,7,0,0.0
BORCS6,0.0,9.362269411783141e-05,1.0,0.14424960070968093,7,0,0.0
BORCS8,0.0,9.362269411783141e-05,1.0,0.14424960070968093,7,0,0.0
KXD1,0.0,9.362269411783141e-05,1.0,0.14424960070968093,7,0,0.0
BORCS7,0.0,9.362269411783141e-05,1.0,0.14424960070968093,7,0,0.0
IMPDH2,0.0,0.00011486331265793706,0.0,0.00011487650775416428,1,0,0.0
IMPDH1,0.0,0.00011486331265793706,0.0,0.00011487650775416428,1,0,0.0
ANKZF1,0.0,3.27622680045511e-05,0.0,0.13964650761125869,1,0,0.0
SLC16A8,0.0,3.650864785650695e-05,0.0,0.14702874784463388,1,0,0.0
ETV4,0.0,2.5969195247972807e-05,0.0,0.16046262331753125,1,0,0.0
RHOT2,0.0001557278753616508,7.227814906035862e-05,0.3333333333333333,0.13570791646972327,3,0,0.0
TRAK1,1.705806731269982e-05,7.409581290281973e-05,0.6666666666666666,0.11799118771546527,3,0,0.0
MFN2,0.0003474051702731859,0.00011231402368866784,0.1,0.16169414305354277,5,0,0.0
DPM1,0.0,6.178506194427595e-05,1.0,0.09854971551516734,2,0,0.0
DPM3,0.0,6.178506194427595e-05,1.0,0.09854971551516734,2,0,0.0
ORAI3,0.0,8.543596683573782e-05,1.0,0.1369269630245207,4,0,0.0
STIM1,9.226310019688468e-06,0.00010341499997315301,0.7,0.14206452704514017,5,0,0.0
ORAI2,4.163697640310679e-06,0.00010305446433252385,0.6,0.14030079962475386,5,0,0.0
STIM2,0.0,8.543596683573782e-05,1.0,0.1369269630245207,4,0,0.0
TNNI3K,0.0,5.2786576763974355e-05,1.0,0.1305714473764891,2,0,0.0
FPGT-TNNI3K,0.0,5.2786576763974355e-05,1.0,0.1305714473764891,2,0,0.0
VNN2,0.0,0.00011486331265793706,0.0,0.00011487650775416428,1,0,0.0
VNN1,0.0,0.00011486331265793706,0.0,0.00011487650775416428,1,0,0.0
FAM20C,0.0,0.00011486331265793706,0.0,0.00011487650775416428,1,0,0.0
FAM20A,0.0,0.00011486331265793706,0.0,0.00011487650775416428,1,0,0.0
CDK20,0.0,2.1821785857029028e-05,0.0,0.14347076442888346,1,0,0.0
RRS1,0.0,3.1109941740689794e-05,0.0,0.13380863360301232,1,0,0.0
RPF2,9.535845588235295e-05,4.886614232467535e-05,0.3333333333333333,0.15977593838255738,3,0,0.0
NLRX1,0.002638152217515077,5.447512719445462e-05,0.3333333333333333,0.17900432168176,4,0,0.0
SCN7A,9.535845588235295e-05,9.114397737433352e-05,0.5,0.14121432999048214,4,0,0.0
PELI3,0.0,2.893936390841469e-05,0.0,0.15469770070601319,1,0,0.0
HTR3E,0.0,7.715337789061246e-05,1.0,0.0003063373540111047,2,0,0.0
HMGCS1,0.0,0.00011486331265793706,0.0,0.00011487650775416428,1,0,0.0
HMGCS2,0.0,0.00011486331265793706,0.0,0.00011487650775416428,1,0,0.0
RHBDF2,0.0,2.2308245812424747e-05,0.0,0.13265617443662778,1,0,0.0
MTSS1,0.0,2.9460653138330098e-05,0.0,0.15219916460750796,1,0,0.0
ROGDI,0.0,0.00011486331265793706,0.0,0.00011487650775416428,1,0,0.0
DMXL1,0.0,0.00011486331265793706,0.0,0.00011487650775416428,1,0,0.0
EBF1,9.535845588235295e-05,8.391221017648477e-05,0.0,0.13133014428564052,2,0,0.0
ZNF423,0.0,5.317891515128827e-05,0.0,0.11326320336813166,1,0,0.0
HTR1F,0.0,5.159088385248355e-05,1.0,0.14934398534233925,2,0,0.0
TIMMDC1,0.0,3.300094930428662e-05,0.8,0.11476153961874602,5,0,0.01
SLC2A2,0.0,8.061241979261792e-05,0.0,0.0001723147616312464,1,0,0.0
KLF4,0.0,4.073121105675104e-05,1.0,0.17388614358208992,2,0,0.0
UBE2O,0.0,0.00011486331265793706,0.0,0.00011487650775416428,1,0,0.0
NAP1L1,0.0,0.00011486331265793706,0.0,0.00011487650775416428,1,0,0.0
SYNE3,3.7702182509372435e-05,9.812630659502857e-05,0.6,0.14217409189777308,5,0,0.0
KIF15,0.0,5.489556307458481e-05,0.0,0.10645674157729054,1,0,0.0
MEI4,0.0,5.655048456808487e-05,1.0,0.144969218053239,2,0,0.0
REC114,0.0,5.655048456808487e-05,1.0,0.144969218053239,2,0,0.0
ENO3,0.0,5.0877506017151216e-05,0.0,0.11870107694674528,1,0,0.0
ENO2,9.535845588235295e-05,7.673354192192633e-05,0.0,0.13869762581168063,2,0,0.0
FICD,0.0,3.5800688615864955e-05,0.0,0.1433173980472389,1,0,0.0
DNAJC1,0.0,3.5800688615864955e-05,0.0,0.1433173980472389,1,0,0.0
TCTEX1D2,0.0,5.543904748326501e-05,0.6666666666666666,0.1313974255712752,4,0,0.0
SEPTIN1,9.605967696017712e-08,5.178356598193675e-05,0.6666666666666666,0.13766189258429948,3,0,0.0
SEPTIN10,7.659313725490196e-08,9.960866258471504e-05,0.6190476190476191,0.13681898647885704,7,0,0.0
FLII,9.535845588235295e-05,9.537222993387486e-05,0.0,0.14328606803552102,2,0,0.0
LRRFIP2,0.0,6.01386897726575e-05,0.0,0.12204587609439126,1,0,0.0
LRRFIP1,0.0001907169117647059,7.009781238958227e-05,0.0,0.1734668574417738,2,0,0.0
NAPG,0.0,3.136010341742371e-05,0.0,0.10849494999305527,1,0,0.0
STK3,0.0,9.100530399750523e-05,0.6666666666666666,0.1261863873242722,3,0,0.0
STK4,7.577150628945021e-05,0.00011123413393992737,0.3333333333333333,0.13830091951569376,4,0,0.0
LATS1,0.00034295377478729645,0.000164239505330335,0.3333333333333333,0.15031053918927792,6,0,0.0
PTPA,0.0,5.042930755738611e-05,1.0,0.13038962514969277,3,0,0.0
TIPRL,0.0,3.793776184466021e-05,1.0,0.13036945393317867,2,0,0.0
PPME1,0.0,3.793776184466021e-05,1.0,0.13036945393317867,2,0,0.0
PPP2R3B,0.0,3.793776184466021e-05,1.0,0.13036945393317867,2,0,0.0
GSKIP,0.0,2.8851510206224978e-05,0.0,0.16032742895641683,1,0,0.0
SEMA6D,0.0,3.423053346963586e-05,0.0,0.12634043135917075,1,0,0.0
MTMR4,0.0,0.00011486331265793706,0.0,0.00011487650775416428,1,0,0.0
MTMR3,0.0,0.00011486331265793706,0.0,0.00011487650775416428,1,0,0.0
PKD1L3,0.0,9.367082172871192e-05,0.0,0.00015316867700555236,1,0,0.0
MAP1S,0.0,3.858644708983574e-05,0.0,0.1270123247071246,1,0,0.0
RASSF1,0.00028530927912809756,7.494521272192269e-05,0.0,0.15018043332541753,3,0,0.0
ZNF335,0.0,2.7445401044611713e-05,0.0,0.11153713288249734,1,0,0.0
HNRNPM,9.535845588235295e-05,6.154263520400616e-05,0.0,0.14664862081793867,2,0,0.0
HNRNPH2,0.0,4.364444151992838e-05,0.0,0.12447695598367624,1,0,0.0
CPSF4L,0.0,2.970501700999885e-05,0.0,0.11973223367680287,1,0,0.0
FBN1,0.00012876430304175696,0.00013856758623487025,0.26666666666666666,0.16719347620730668,6,0,0.03
FBLN2,1.2148141332350423e-05,0.00010171625170272939,0.5,0.16821853031317444,5,0,0.0
ADAMTS10,0.0,3.700356054907376e-05,0.0,0.1389720934089333,1,0,0.0
CNDP2,0.0,0.00011486331265793706,1.0,0.00022975301550832856,2,0,0.0
CARNS1,0.0,0.00011486331265793706,1.0,0.00022975301550832856,2,0,0.0
CNDP1,0.0,0.00011486331265793706,1.0,0.00022975301550832856,2,0,0.0
PTPRCAP,0.0,3.398336788702094e-05,0.0,0.14058835607775028,1,0,0.0
RUFY1,0.0,4.4100281198298046e-05,0.0,0.11399643311862102,1,0,0.0
NR2F1,0.0,2.2459990175265663e-05,0.0,0.14035420939858198,1,0,0.0
PRX,9.535845588235295e-05,0.00010714439294781767,0.5,0.15836051169156268,4,0,0.0
PPL,0.0001907169117647059,0.0001417138696282802,0.3,0.15836476298046714,5,0,0.0
AHNAK,9.671229885991908e-05,0.0001454668954123422,0.3333333333333333,0.16864654281204153,7,0,0.02
DRP2,0.0,3.999336915946107e-05,0.0,0.13281446823267293,1,0,0.0
COX14,0.0,0.00011486331265793706,0.0,0.00011487650775416428,1,0,0.0
COA3,0.0,0.00011486331265793706,0.0,0.00011487650775416428,1,0,0.0
DHRS4,0.0,0.00011486331265793706,1.0,0.00022975301550832856,2,0,0.0
DHRS3,0.0,0.00011486331265793706,1.0,0.00022975301550832856,2,0,0.0
DHRS9,0.0,0.00011486331265793706,1.0,0.00022975301550832856,2,0,0.0
SLC25A20,0.0,0.00011486331265793706,0.0,0.00011487650775416428,1,0,0.0
SLC25A29,0.0,0.00011486331265793706,0.0,0.00011487650775416428,1,0,0.0
ATG16L2,0.0,5.247688652509905e-05,1.0,0.15129356572086894,3,0,0.0
CKAP5,0.0,3.83015857907213e-05,0.0,0.13293119005391085,1,0,0.0
YTHDC1,6.661510637444198e-06,6.495447445330019e-05,0.0,0.13891645875479575,3,0,0.0
HPS1,0.0,0.00011486331265793706,0.0,0.00011487650775416428,1,0,0.0
HPS4,0.0,0.00011486331265793706,0.0,0.00011487650775416428,1,0,0.0
FBXO6,1.88936096895278e-07,3.8037813955040144e-05,0.0,0.15829676973709012,2,0,0.0
FBXO11,0.0,2.659160729080454e-05,0.0,0.15822883485388126,1,0,0.0
NCBP2L,0.0,3.951823674150886e-05,1.0,0.15413988192162215,3,0,0.0
LIMS2,0.0,4.096399753691397e-05,1.0,0.14824807551825495,2,0,0.0
FTSJ1,0.0,0.00011486331265793706,0.0,0.00011487650775416428,1,0,0.0
WDR6,0.0,0.00011486331265793706,0.0,0.00011487650775416428,1,0,0.0
NFE2L2,0.00020090601124079938,0.0001235182258288653,0.1,0.16136683592806852,5,0,0.0
FMOD,0.0,3.26980003527491e-05,0.0,0.14677998061762632,1,0,0.0
HBG1,0.0,3.20210022933043e-05,0.0,0.127962850781397,1,0,0.0
BMP8A,0.0,0.00011486331265793706,0.0,0.00011487650775416428,1,0,0.0
BMP8B,0.0,0.00011486331265793706,0.0,0.00011487650775416428,1,0,0.0
MCU,0.0,9.362623270566215e-05,1.0,0.0005628948879954049,4,0,0.0
STAC2,0.0,2.746705296912238e-05,0.0,0.13753030613439024,1,0,0.0
VIPAS39,0.0,3.396347090660421e-05,0.0,0.10699545509163856,1,0,0.0
IZUMO1,0.0,0.00011486331265793706,0.0,0.00011487650775416428,1,0,0.0
IZUMO1R,0.0,0.00011486331265793706,0.0,0.00011487650775416428,1,0,0.0
XPOT,0.0,2.7236115973793264e-05,0.0,0.14563849946975438,1,0,0.0
TGIF2,0.0,4.594507131490051e-05,0.0,0.1340397050902613,1,0,0.0
PAWR,0.0,0.00011486331265793706,0.0,0.00011487650775416428,1,0,0.0
SPSB1,0.0,0.00011486331265793706,0.0,0.00011487650775416428,1,0,0.0
TNFRSF18,0.0,0.00011486331265793706,0.0,0.00011487650775416428,1,0,0.0
TNFSF18,0.0,0.00011486331265793706,0.0,0.00011487650775416428,1,0,0.0
CDCA2,0.0,3.048887486879928e-05,0.0,0.13721041613803178,1,0,0.0
RNF123,0.001741498161764706,9.873844335090737e-05,0.0,0.12822151892152067,2,0,0.01
UBAC1,0.0,6.148150651471831e-05,0.0,0.1109434932111337,1,0,0.0
USP19,0.0018363970588235294,7.503106009705775e-05,0.0,0.15186611628623214,2,0,0.0
RNF135,0.0,2.9462780231693425e-05,0.0,0.15499848711270398,1,0,0.0
DEFA3,0.0,0.00011486331265793706,1.0,0.00022975301550832856,2,0,0.0
DEFA1,0.0,0.00011486331265793706,1.0,0.00022975301550832856,2,0,0.0
DEFA1B,0.0,0.00011486331265793706,1.0,0.00022975301550832856,2,0,0.0
PDE5A,0.0,0.00012153851343726104,0.0,0.0003063373540111047,2,0,0.01
S1PR5,0.0,3.445008334049108e-05,0.0,0.1444544756231457,1,0,0.0
KCNA4,5.585929824329366e-05,7.326427950139299e-05,0.3333333333333333,0.15753164261549393,3,0,0.0
GLRX5,9.191176470588236e-07,0.00012948337975540204,0.0,0.0002871912693854107,2,0,0.0
BOLA1,6.893382352941177e-07,0.00013997725138453358,0.0,0.00035898908673176336,2,0,0.0
BOLA3,0.0,7.970746103613437e-05,0.0,0.00020513662098957906,1,0,0.0
HOXD1,0.0,9.574261488867026e-05,1.0,0.00044838894962109284,2,0,0.0
HOXB1,0.0,0.00013335586109842134,0.3333333333333333,0.0006318207926479035,3,0,0.01
HOXA1,0.0,9.574261488867026e-05,1.0,0.00044838894962109284,2,0,0.0
EPHA5,0.0,3.6373575885025125e-05,0.0,0.12914787356924493,1,0,0.0
EPHA7,0.0,3.6373575885025125e-05,0.0,0.12914787356924493,1,0,0.0
GABRA5,0.00011111729391796902,7.277096988445084e-05,0.0,0.1394286657926777,4,0,0.0
GABRG3,0.00011111729391796902,7.277096988445084e-05,0.0,0.1394286657926777,4,0,0.0
GABRA3,0.00011111729391796902,7.277096988445084e-05,0.0,0.1394286657926777,4,0,0.0
GABRP,0.00011111729391796902,7.277096988445084e-05,0.0,0.1394286657926777,4,0,0.0
GABRE,0.00011111729391796902,7.277096988445084e-05,0.0,0.1394286657926777,4,0,0.0
GABRQ,0.00011111729391796902,7.277096988445084e-05,0.0,0.1394286657926777,4,0,0.0
RHOT1,0.0,5.290682134018281e-05,1.0,0.10799837832782397,2,0,0.0
FGF12,0.0,2.9272345102885593e-05,0.0,0.13998451439269122,1,0,0.0
PHF6,0.0,2.340026377391453e-05,0.0,0.1545558431414379,1,0,0.0
FMNL1,0.00017511330037748253,6.153234967496061e-05,0.0,0.16040590115897327,2,0,0.01
SRGAP2,8.43080986154424e-05,0.00010556024699673032,0.3333333333333333,0.13493806576440287,3,0,0.0
ZBTB17,5.565736901945555e-07,3.588573613413982e-05,0.0,0.1695627312739983,2,0,0.0
DRG1,0.0,0.00011486331265793706,0.0,0.00011487650775416428,1,0,0.0
ZC3H15,0.0,0.00011486331265793706,0.0,0.00011487650775416428,1,0,0.0
EPB41L3,0.0,3.884723239119819e-05,0.0,0.12423054482515324,1,0,0.0
PHACTR1,0.0,2.9460653138330098e-05,0.0,0.15219916460750796,1,0,0.0
DEFA5,0.0,3.577165834039179e-05,0.0,0.1400410080007217,1,0,0.0
CALHM1,0.0,0.00011486331265793706,0.0,0.00011487650775416428,1,0,0.0
CALHM3,0.0,0.00011486331265793706,0.0,0.00011487650775416428,1,0,0.0
AZI2,4.420198123912498e-06,6.484223261027754e-05,0.5,0.15822034709318744,4,0,0.0
DDX3X,0.0011540596566575658,9.025379427761176e-05,0.19047619047619047,0.1762499976403466,7,0,0.0
STING1,0.0,3.799301981177614e-05,1.0,0.1645950731312054,2,0,0.0
UPP1,0.0,0.00011486331265793704,1.0,0.0003446295232624928,3,0,0.0
PNP,0.0,0.00011486331265793704,1.0,0.0003446295232624928,3,0,0.0
UPP2,0.0,0.00011486331265793704,1.0,0.0003446295232624928,3,0,0.0
TYMP,0.0,0.00011486331265793704,1.0,0.0003446295232624928,3,0,0.0
BTNL9,0.0,5.367798956262071e-05,0.0,0.11552341025032117,1,0,0.0
NPBWR1,0.0,0.00011486331265793704,1.0,0.0003446295232624928,3,0,0.0
NPW,0.0,0.00011486331265793704,1.0,0.0003446295232624928,3,0,0.0
NPB,0.0,0.00011486331265793704,1.0,0.0003446295232624928,3,0,0.0
NPBWR2,0.0,0.00011486331265793704,1.0,0.0003446295232624928,3,0,0.0
LYPLA2,0.0,8.39040905430523e-05,1.0,0.0004102732419791581,3,0,0.0
AMY1B,0.0,0.00018336509838857526,0.3333333333333333,0.0004595060310166571,4,0,0.0
AMY1A,0.0,9.773786622527749e-05,1.0,0.0003063373540111047,2,0,0.0
AMY1C,0.0,9.773786622527749e-05,1.0,0.0003063373540111047,2,0,0.0
AMY2B,0.0,9.773786622527749e-05,1.0,0.0003063373540111047,2,0,0.0
AMY2A,0.0,9.773786622527749e-05,1.0,0.0003063373540111047,2,0,0.0
CNTN2,0.00010296852227608141,0.00010051612373024104,0.1,0.15693653518376122,5,0,0.0
CNTNAP2,1.5793085969220698e-05,9.889376840840538e-05,0.3333333333333333,0.14043440034810267,4,0,0.0
BRWD1,0.0,2.194901552588163e-05,0.0,0.1664528053335892,1,0,0.0
RPS27L,0.0,1.9715115463670092e-05,0.0,0.15372214777908536,1,0,0.0
BOLA2,0.0,7.74992872470898e-05,0.0,0.00023932605782117557,1,0,0.0
MXI1,0.0,2.2563747862978082e-05,0.0,0.15064448584035345,1,0,0.0
HPSE,9.535845588235295e-05,6.106929897228106e-05,0.0,0.13542130394211338,2,0,0.0
PTPRZ1,6.62042427709549e-05,0.00012191834813555995,0.1,0.14350217527056539,5,0,0.0
ELOA2,0.0,2.2714162847151165e-05,0.0,0.15259680844902482,1,0,0.0
ASH1L,0.0,2.2882125448712106e-05,0.0,0.15309580143834736,1,0,0.0
CCKBR,0.0001907169117647059,9.629226765235508e-05,0.0,0.11144441881288422,2,0,0.0
FBLN1,0.0,4.766434064269991e-05,1.0,0.16694270491913066,2,0,0.0
RIPK4,0.0,3.721281643234306e-05,0.0,0.12757266108047838,1,0,0.0
TMEM186,0.0,2.0075494088484322e-05,0.0,0.11472806062122994,1,0,0.0
PKP3,0.0,3.05477351830505e-05,0.0,0.13803555365552228,1,0,0.0
TAS1R1,0.0,0.00011486331265793706,1.0,0.00022975301550832856,2,0,0.0
TAS1R3,0.0,0.00011486331265793706,1.0,0.00022975301550832856,2,0,0.0
TAS1R2,0.0,0.00011486331265793706,1.0,0.00022975301550832856,2,0,0.0
EEF1G,0.0,5.256765254601756e-05,1.0,0.12204587609439126,2,0,0.0
EEF1D,4.2503140854170656e-05,6.482013876864793e-05,0.6666666666666666,0.14327910767080543,3,0,0.0
COL4A5,0.0,2.9617474735007e-05,0.0,0.1531434948344341,1,0,0.0
CARMIL1,0.0,2.9178295794422526e-05,0.0,0.13197063581705595,1,0,0.0
RCC1,7.609219864184569e-05,3.896808806340642e-05,0.5,0.1659284265589109,4,0,0.0
DLG3,6.475409525984489e-05,0.00011885826319199555,0.5238095238095238,0.15896220482410134,7,0,0.0
DLG2,5.203886060151833e-06,0.00010165000190307838,0.7333333333333333,0.15836476298046714,6,0,0.0
NPY2R,9.635233837688152e-05,8.103405854108813e-05,0.3333333333333333,0.14468476947469833,3,0,0.0
PYY,0.0,0.0001109587664318506,0.5,0.12347645046619363,4,0,0.0
PURA,0.0,3.1993194052486594e-05,0.0,0.13899173981015034,1,0,0.0
COLEC10,0.0,5.9266078691617904e-05,0.0,0.11077682380046572,2,0,0.0
CLCNKA,0.0,9.367082172871192e-05,0.0,0.00015316867700555236,1,0,0.0
BSND,0.0,0.00015724829451638727,0.0,0.00022975301550832856,2,0,0.0
ADGRG3,0.0,3.437029741068302e-05,0.0,0.14853176102886495,1,0,0.0
FOXL2,0.0,2.7147641407185275e-05,0.0,0.16552337105481077,1,0,0.0
SS18L1,0.0,2.3331622159849763e-05,0.0,0.13877593443639788,1,0,0.0
ADSS1,0.0,0.00011486331265793706,0.0,0.00011487650775416428,1,0,0.0
ADSS2,0.0,0.00011486331265793706,0.0,0.00011487650775416428,1,0,0.0
CARD16,0.00022018580516782786,0.00011597601542715806,0.16666666666666666,0.13711155218069918,4,0,0.0
CDYL2,2.003633774108645e-08,7.253955617633405e-05,0.8666666666666667,0.16922709833966554,15,0,0.0
TRIM24,0.0,6.855064745833154e-05,1.0,0.16920282873515377,14,0,0.0
LAMP2,0.0,6.522490364476816e-05,0.0,0.00020677771395749567,1,0,0.0
DPP6,0.0,4.218681571145641e-05,0.0,0.11982465156146332,1,0,0.0
MX2,0.0,5.280236249289165e-05,0.0,0.11302665966091358,1,0,0.0
MX1,9.535845588235295e-05,8.280430121777681e-05,0.0,0.13101222424372935,2,0,0.0
MAPK11,2.6150972381538023e-05,9.083830070853602e-05,0.3333333333333333,0.14384158935462193,4,0,0.0
XKR8,0.0,3.650864785650695e-05,0.0,0.14702874784463388,1,0,0.0
SLC16A3,0.0,3.650864785650695e-05,0.0,0.14702874784463388,1,0,0.0
SLC16A4,0.0,3.650864785650695e-05,0.0,0.14702874784463388,1,0,0.0
CENPS-CORT,0.0,3.6530347269819405e-05,0.0,0.1291422189851442,1,0,0.0
MC2R,0.00011201338435029545,8.998557874186044e-05,0.3333333333333333,0.1493818035204457,3,0,0.0
MRAP,0.0,6.898778269656915e-05,1.0,0.1301795745563809,2,0,0.0
GFM2,0.0,2.018778902892026e-05,0.0,0.11205621573251275,1,0,0.0
RPS6KA4,0.0,0.00011486331265793706,0.0,0.00011487650775416428,1,0,0.0
RPS6KA5,0.0,0.00011486331265793706,0.0,0.00011487650775416428,1,0,0.0
BTLA,0.00013583303648530084,8.006707779871901e-05,0.0,0.1634232047267751,3,0,0.0
TNFRSF14,9.986922142415874e-05,0.00011721418220917439,0.06666666666666667,0.15548054666514854,6,0,0.0
VTCN1,0.0,3.995948802067181e-05,0.0,0.13635725165323842,1,0,0.0
TRMT11,0.0,4.0877388427341935e-05,0.0,0.12174865170417522,1,0,0.0
NDEL1,0.0005009407451545195,8.487779998868617e-05,0.16666666666666666,0.15601098648636413,4,0,0.0
NDE1,0.000267561968809741,0.00010773115030487986,0.16666666666666666,0.14914386825329054,4,0,0.0
CPLANE2,0.0,6.522490364476816e-05,0.0,0.00020677771395749567,1,0,0.0
PARVG,8.212152370227215e-06,8.060382377112252e-05,0.7333333333333333,0.16693325657995361,6,0,0.0
TESK1,0.0,2.980445887510957e-05,0.0,0.14231815249752475,1,0,0.0
RSU1,0.0,5.245195114909643e-05,1.0,0.14446155065562388,3,0,0.0
IGKV2-40,0.0,7.971379130431985e-05,1.0,0.10839128731850656,2,0,0.0
IGKV2D-40,0.0,7.971379130431985e-05,1.0,0.10839128731850656,2,0,0.0
CACNA1H,0.0,0.00011486331265793706,1.0,0.00022975301550832856,2,0,0.0
CACNA1G,0.0,0.00011486331265793706,1.0,0.00022975301550832856,2,0,0.0
CACNA1I,0.0,0.00011486331265793706,1.0,0.00022975301550832856,2,0,0.0
ACTL7A,0.0,5.800937903747074e-05,0.0,0.10796477646044768,1,0,0.0
TES,9.535845588235295e-05,9.323373001389506e-05,0.0,0.12425932975991913,2,0,0.0
FLRT3,0.0004767922794117647,7.53656858085127e-05,0.0,0.136606706829595,2,0,0.0
RANBP3,0.0,3.0271432732278798e-05,0.0,0.14708373653034137,1,0,0.0
GRM2,0.00023658993574981725,0.0001573141346682936,0.06666666666666667,0.1486290607463442,6,0,0.0
BEND3,0.0,5.053386791882074e-05,0.0,0.11666114426734171,1,0,0.0
NCS1,5.2264735787608155e-05,6.899099677500017e-05,0.0,0.14022076113673404,2,0,0.0
PDE2A,0.0,6.952621711228461e-05,0.0,0.00020422490267406982,1,0,0.0
PTPRB,2.6040415338226432e-05,5.430923080584297e-05,0.0,0.1532389708287199,2,0,0.0
PTN,0.00010799929225099499,0.00011582704159662433,0.0,0.14706540239884328,4,0,0.0
FKBPL,0.0,3.658999163961864e-05,1.0,0.17918919294743177,2,0,0.01
SUGT1,0.0,3.658999163961864e-05,1.0,0.17918919294743177,2,0,0.01
HSF1,0.0,3.658999163961864e-05,1.0,0.17918919294743177,2,0,0.01
GLDN,0.0,3.480672311755743e-05,0.0,0.12798228410002388,1,0,0.0
PPFIA3,0.0,3.76691208275221e-05,0.0,0.1360302407651709,1,0,0.0
GSTA1,0.0,0.00011486331265793706,0.0,0.00011487650775416428,1,0,0.0
GSTA2,0.0,0.00011486331265793706,0.0,0.00011487650775416428,1,0,0.0
FMNL3,0.0,2.9460653138330098e-05,0.0,0.15219916460750796,1,0,0.0
PSME3IP1,2.2736449928761417e-07,3.366011789276508e-05,0.8333333333333334,0.15076383717599676,4,0,0.01
CEP63,0.0,6.775458108097734e-05,0.0,0.08464268690306771,1,0,0.0
NR1I2,0.0,3.9587178988051084e-05,1.0,0.15709953185146208,2,0,0.0
CLDN2,0.0,2.9114219275307753e-05,0.0,0.15833075905905847,1,0,0.0
RAD54B,9.535845588235295e-05,6.0813149064904966e-05,0.3333333333333333,0.1576116121893342,3,0,0.0
RAD54L,0.0,3.452086486014844e-05,0.0,0.1322872966838383,1,0,0.0
RAD51D-2,0.0,5.633161497501469e-05,1.0,0.131321373545166,3,0,0.0
HNRNPA1L2,0.0,2.437299027128209e-05,0.0,0.14664132994487425,1,0,0.0
LIMK1,9.535845588235295e-05,7.095905410039594e-05,0.0,0.14252446052240642,2,0,0.0
LIMK2,0.0,4.788350378963912e-05,0.0,0.1214928930289857,1,0,0.0
CHERP,8.476543349874728e-06,4.869013812299569e-05,0.6666666666666666,0.13677774631970138,3,0,0.0
RBM5,0.0,2.274612061873441e-05,0.0,0.1367682328902532,1,0,0.0
NKRF,0.0,2.274612061873441e-05,0.0,0.1367682328902532,1,0,0.0
ANG,0.0,5.582702154473161e-05,0.0,0.10734591514762165,1,0,0.0
NES,0.0,4.606285957584731e-05,0.0,0.13518235072694443,1,0,0.0
VASH2,6.81794594030592e-05,6.702926182564278e-05,0.3333333333333333,0.14355805074034853,3,0,0.0
FGD3,0.0,0.00011486331265793706,0.0,0.00011487650775416428,1,0,0.0
FGD1,0.0,0.00011486331265793706,0.0,0.00011487650775416428,1,0,0.0
HFE,6.244573945419437e-05,8.296929787057655e-05,0.5,0.15594087660319864,4,0,0.0
TMPRSS6,0.0,3.220299778314675e-05,0.0,0.1311520358616777,1,0,0.0
TFR2,0.0,4.985554774512233e-05,1.0,0.135595619377598,2,0,0.0
SEL1L2,0.0,3.5751895870572845e-05,0.0,0.11801951466514086,1,0,0.0
CXCL14,0.0,2.7821586878556176e-05,0.0,0.14879401253650812,1,0,0.0
EPB41L1,0.0,3.643948906130592e-05,0.0,0.12803228260493546,1,0,0.0
AZIN1,0.0,7.459403737551407e-05,0.0,0.00020422490267406982,1,0,0.0
ARHGEF28,0.0,5.035113775079636e-05,1.0,0.13939242488238188,2,0,0.0
AKAP13,0.0,7.021595548079811e-05,1.0,0.15154230793594164,3,0,0.0
SIRT6,0.0,2.7746160916492823e-05,0.0,0.1630708340296448,1,0,0.0
SLC22A8,0.0,0.00011486331265793706,0.0,0.00011487650775416428,1,0,0.0
SLC22A7,0.0,0.00011486331265793706,0.0,0.00011487650775416428,1,0,0.0
LIPA,0.0,3.297228213285593e-05,0.0,0.0006304198596265113,1,0,0.0
NAIP,0.0,6.219696188323255e-05,1.0,0.15463687273310267,4,0,0.0
URI1,0.0,2.971927973900518e-05,1.0,0.15330667171762263,2,0,0.0
NXN,0.0,2.9370393453316163e-05,0.0,0.1516942866957005,1,0,0.0
AUTS2,0.0,2.1857559510044545e-05,0.0,0.14102190770056658,1,0,0.0
ZC3H11A,0.0,2.8149494139553803e-05,0.0,0.12139039058816364,1,0,0.0
PLIN5,0.0,3.415785166112365e-05,0.0,0.0006985733579645125,1,0,0.0
KLK5,0.0005721507352941177,0.0001656272563331237,0.1,0.15443850095615888,5,0,0.0
SPINK9,0.0,4.4073355957305755e-05,0.0,0.1300446942600062,1,0,0.0
SPINK5,0.0,4.4073355957305755e-05,0.0,0.1300446942600062,1,0,0.0
RTN4IP1,0.0,4.226633525706668e-05,0.0,0.12966737198361103,1,0,0.0
RTN3,0.0,4.226633525706668e-05,0.0,0.12966737198361103,1,0,0.0
IL21R,0.000181193934249549,8.485305231156333e-05,0.16666666666666666,0.16629326890179852,4,0,0.0
IL21,0.0,3.5255020545401725e-05,0.0,0.13834957248111826,1,0,0.0
TARS3,0.0,7.706717112342207e-05,1.0,0.12236739588911386,2,0,0.0
TARS2,0.0,7.706717112342207e-05,1.0,0.12236739588911386,2,0,0.0
KLRC3,0.0,2.7932531326036407e-05,0.0,0.14448985771725575,1,0,0.0
SNTB2,8.309376173568782e-07,6.0320986832629886e-05,0.0,0.1304501762681586,2,0,0.0
SNTB1,1.170713202072891e-05,5.881404402091584e-05,0.0,0.14099831304131175,2,0,0.0
UTRN,0.0002667916838995368,8.626615354508e-05,0.16666666666666666,0.15500255980404648,4,0,0.0
LMO1,0.0,2.9980485113321642e-05,0.0,0.14721220355915354,1,0,0.0
MTDH,0.0,4.106322558820828e-05,0.0,0.1251370870584502,1,0,0.0
HEYL,0.0,6.477434774700803e-05,1.0,0.13745339657996603,2,0,0.0
HEY2,0.0,6.477434774700803e-05,1.0,0.13745339657996603,2,0,0.0
SGCE,0.0,9.258678077955798e-05,1.0,0.15394278238576203,5,0,0.0
UBE2J1,0.0001907169117647059,8.890579292467394e-05,0.3333333333333333,0.14843458862217304,3,0,0.0
RERE,0.0,3.1450060714773994e-05,1.0,0.16747352433063822,2,0,0.0
RHOBTB1,0.0,4.467375819888183e-05,1.0,0.15968078989314352,4,0,0.0
RHOBTB2,0.0,4.467375819888183e-05,1.0,0.15968078989314352,4,0,0.0
UGP2,0.0,8.604111586838537e-05,1.0,0.0007001996663110966,3,0,0.0
GALT,0.0,8.604111586838537e-05,1.0,0.0007001996663110966,3,0,0.0
SSX2,0.0,0.00011486331265793706,0.0,0.00011487650775416428,1,0,0.0
SSX1,0.0,0.00011486331265793706,0.0,0.00011487650775416428,1,0,0.0
BAG5,0.0,4.080711851703545e-05,1.0,0.1522698799985132,2,0,0.0
PODXL,0.0,3.069540430832423e-05,0.0,0.15809737681297137,1,0,0.0
NF2,0.0005429768896283054,0.0001453957674138555,0.26666666666666666,0.17062206921450804,6,0,0.02
PRELID3A,0.0,8.660665808563686e-05,0.0,0.00020677771395749567,1,0,0.0
CAVIN1,0.0,2.8563584426455663e-05,0.0,0.16557912316564405,1,0,0.0
DPP8,0.0,2.924783318319585e-05,0.0,0.15493335314569667,1,0,0.0
ASCC1,0.0,9.416108205802443e-05,1.0,0.0002584721424468696,2,0,0.0
DFFB,0.0,0.00011486331265793706,0.0,0.00011487650775416428,1,0,0.0
DFFA,0.0,0.00011486331265793706,0.0,0.00011487650775416428,1,0,0.0
ID1,1.8873791420680242e-07,4.334579626860837e-05,0.0,0.16231701898639078,2,0,0.0
RHD,0.0,3.596151269189213e-05,0.0,0.12625930869873725,1,0,0.0
POFUT2,0.0,0.00011486331265793706,0.0,0.00011487650775416428,1,0,0.0
POFUT1,0.0,0.00011486331265793706,0.0,0.00011487650775416428,1,0,0.0
KIR2DL4,0.0,2.917062572395428e-05,0.0,0.13949460665947175,1,0,0.0
BRAT1,0.0,2.4053449063079038e-05,0.0,0.16820893701232967,1,0,0.0
RASSF4,0.0,0.00011486331265793706,0.0,0.00011487650775416428,1,0,0.0
RASSF2,0.0,0.00011486331265793706,0.0,0.00011487650775416428,1,0,0.0
NDUFA4L2,0.0,2.0387261056516217e-05,0.0,0.11478610330445206,1,0,0.0
ADGRL3,0.0003814338235294118,9.124518511051609e-05,0.0,0.11718489116055625,2,0,0.0
SERINC3,0.0,2.974347769803348e-05,0.0,0.1659050938218185,1,0,0.0
CAPRIN1,0.0,3.3341292681179265e-05,0.0,0.13887394465423045,1,0,0.0
DYRK1A,0.0,2.2662109953714896e-05,0.0,0.14690425891578845,1,0,0.0
GANAB,0.0,0.00011486331265793706,0.0,0.00011487650775416428,1,0,0.0
PRKCSH,0.0,0.00011486331265793706,0.0,0.00011487650775416428,1,0,0.0
KAZN,0.0,4.166248063981244e-05,0.0,0.13281745853928628,1,0,0.0
EVPL,0.0,4.166248063981244e-05,0.0,0.13281745853928628,1,0,0.0
SGK2,0.0,7.693535341643943e-05,1.0,0.13071031931537969,2,0,0.0
SGK1,0.0001907169117647059,9.356139561728692e-05,0.3333333333333333,0.15537407277431456,3,0,0.0
SGK3,0.0,7.693535341643943e-05,1.0,0.13071031931537969,2,0,0.0
AOC1,0.0,7.351032505625191e-05,1.0,0.10283246907614965,2,0,0.0
TENM2,0.00028607536764705885,0.00014125086225229828,0.0,0.10259460896750205,3,0,0.0
MIA3,0.0,9.367082172871192e-05,0.0,0.00015316867700555236,1,0,0.0
TRPC6,8.161623895715506e-05,9.965782712554684e-05,0.2,0.15401914887398244,5,0,0.0
DMP1,0.0,3.474700992678161e-05,0.0,0.13619040565675633,1,0,0.0
PADI6,0.0,2.9660311679180787e-05,0.0,0.16292671088525426,1,0,0.0
PLN,0.0019741650927664676,9.978638117773725e-05,0.5,0.16299423687617157,4,0,0.0
WNT7B,0.0,3.283957435175756e-05,0.0,0.1274045920483435,1,0,0.0
NPR2,3.178615196078421e-05,9.928849328202263e-05,0.3333333333333333,0.13174957947565383,3,0,0.0
NPR1,0.0,9.35236898686097e-05,0.3333333333333333,0.13174957947565383,3,0,0.0
SIGLEC1,9.383924571420971e-06,5.981448644161719e-05,0.0,0.16677279828741381,3,0,0.0
SDC3,0.0,4.1883668573691233e-05,0.0,0.12477710982131694,1,0,0.0
GPER1,0.0,3.767943682312169e-05,1.0,0.17971324968842042,2,0,0.01
RBPJL,5.589247265593495e-06,5.040429668454774e-05,0.6666666666666666,0.14811407605258614,3,0,0.0
PTF1A,0.0,4.283710582374095e-05,1.0,0.14317478328776276,2,0,0.0
SEPTIN3,0.00025868028753245326,0.00010531250407782202,0.8571428571428571,0.16404125082790802,8,0,0.02
NCR3LG1,6.0771743760921905e-06,5.092597468967765e-05,0.0,0.13693649854969708,2,0,0.0
PPP1R15B,0.0,6.46279475416664e-05,1.0,0.14661217370072574,3,0,0.0
PPP1R9B,0.0,6.46279475416664e-05,1.0,0.14661217370072574,3,0,0.0
BTNL3,0.0,5.367798956262071e-05,0.0,0.11552341025032117,1,0,0.0
FPR3,0.0,5.62319616564919e-05,1.0,0.1408569107216428,2,0,0.0
FPR1,3.647014027691785e-05,9.494087725555502e-05,0.5,0.1528181809497539,4,0,0.0
HNRNPC,0.00041352867796250534,6.18925030484855e-05,0.16666666666666666,0.166617354074916,4,0,0.0
ETV7,0.0,0.00011486331265793706,0.0,0.00011487650775416428,1,0,0.0
ETV6,0.0,0.00011486331265793706,0.0,0.00011487650775416428,1,0,0.0
RPL36AL,1.4638426711592296e-05,5.62811864348808e-05,0.7564102564102564,0.15880814679972005,13,0,0.0
CYP1A1,1.7726891329899096e-06,9.380572325659097e-05,0.6666666666666666,0.13163786001879813,3,0,0.0
CYP1B1,0.0,6.86007526203949e-05,1.0,0.1297757704378388,2,0,0.0
CYP2E1,0.00024170709283332075,0.00010512815505889957,0.3333333333333333,0.14087036538882416,4,0,0.0
CS,0.0,0.00011486331265793706,0.0,0.00011487650775416428,1,0,0.0
ACLY,0.0,0.00011486331265793706,0.0,0.00011487650775416428,1,0,0.0
SLPI,0.0,3.700280596277182e-05,0.0,0.1240216003578766,1,0,0.0
HGFAC,5.9410463561944766e-05,6.505425499273093e-05,0.3333333333333333,0.16892664645979213,3,0,0.0
ICAM4,0.0,2.771552416141789e-05,0.0,0.1418083949379168,1,0,0.0
BTNL8,0.0,5.367798956262071e-05,0.0,0.11552341025032117,1,0,0.0
TRPV2,0.0,0.00011314315762552415,1.0,0.0002584721424468696,2,0,0.0
TRPM7,0.0,0.0001679420317359317,0.3333333333333333,0.0003446295232624928,3,0,0.0
TRPM2,0.0,0.00011314315762552415,1.0,0.0002584721424468696,2,0,0.0
SLC25A15,0.0,3.3067761958535025e-05,0.0,0.12881228537475764,1,0,0.0
PTGES,0.0,4.357045653556913e-05,1.0,0.15428904694832873,2,0,0.0
PTGES2,0.0,4.357045653556913e-05,1.0,0.15428904694832873,2,0,0.0
DEK,0.00012526341799480497,5.7512538494662816e-05,0.3333333333333333,0.1386715425722238,3,0,0.0
MYBBP1A,0.0004878219339713657,6.705604570687197e-05,0.3333333333333333,0.13602710404276064,3,0,0.0
CEP97,0.0,4.954148650472997e-05,0.0,0.10247520100445404,1,0,0.0
CCP110,9.535845588235295e-05,7.511131432033165e-05,0.0,0.11704306305474892,2,0,0.0
PDE4B,0.0,3.5812335673625196e-05,0.0,0.14138694295765886,1,0,0.0
ADGRG5,0.0,3.437029741068302e-05,0.0,0.14853176102886495,1,0,0.0
UBE4B,0.0,3.27622680045511e-05,0.0,0.13964650761125869,1,0,0.0
TCL1B,0.0,0.00011486331265793706,1.0,0.00022975301550832856,2,0,0.0
MTCP1,0.0,0.00011486331265793706,1.0,0.00022975301550832856,2,0,0.0
TCL1A,0.0,0.00011486331265793706,1.0,0.00022975301550832856,2,0,0.0
FOXN3,0.0,2.5681058679894487e-05,0.0,0.14948400833749084,1,0,0.0
MAP3K20,0.0,5.523508265069786e-05,1.0,0.13526294187430984,2,0,0.0
GMPS,0.0,2.7222541233269002e-05,0.0,0.1587098770755845,1,0,0.0
MAGEL2,3.7175391763771416e-05,5.0065057245951377e-05,0.0,0.15974132581500722,2,0,0.0
PC,1.1488970588235294e-07,0.0001018193279099299,0.0,0.00035898908673176336,2,0,0.0
CDK5RAP2,0.0,2.9508819633297312e-05,0.0,0.12532584280905887,1,0,0.0
PPA2,0.0,0.00011486331265793706,1.0,0.00022975301550832856,2,0,0.0
LHPP,0.0,0.00011486331265793706,1.0,0.00022975301550832856,2,0,0.0
PPA1,0.0,0.00011486331265793706,1.0,0.00022975301550832856,2,0,0.0
WWC1,0.00011689141096715948,0.0001267498693632892,0.3333333333333333,0.15009636713201369,4,0,0.0
TMEM189,0.0,2.7729789966172986e-05,0.0,0.14840844854014945,1,0,0.0
TP53INP1,0.0,3.557514240831791e-05,0.0,0.14918158513573582,1,0,0.0
PDPK1,0.00018014439599719484,5.6515850690179497e-05,0.0,0.17676227552279988,3,0,0.0
OFD1,0.0,4.0213048213411504e-05,0.0,0.1262701190338285,1,0,0.0
DOK7,0.0,4.9377033224989896e-05,0.0,0.12038953920453878,1,0,0.0
MUSK,0.0001907169117647059,0.0001444141759487599,0.16666666666666666,0.1410084240712896,4,0,0.0
PTMA,7.405007766394735e-06,3.373857597195152e-05,0.0,0.16153917030019171,2,0,0.0
GFI1B,0.0,2.5038558957971833e-05,0.0,0.15519421801642685,1,0,0.0
SDCBP,0.0005663548324797548,8.352203259424667e-05,0.1,0.16334175331641704,5,0,0.0
MAFK,1.205643481956175e-06,8.589977235796828e-05,0.3333333333333333,0.13842099211634795,3,0,0.0
BACH1,4.6716406844635e-06,5.603376464894968e-05,0.0,0.1419653796602508,2,0,0.0
CCM2,0.0001298775190047482,0.0001173759135578453,0.0,0.14757679986546923,5,0,0.0
APOD,0.0,3.288506234437385e-05,0.0,0.13218058708513303,1,0,0.0
NRARP,0.0,4.159985929849616e-05,1.0,0.15473422046538665,2,0,0.0
GNLY,2.0078431318694526e-05,4.9770731453712926e-05,0.0,0.14590144986699646,2,0,0.0
SIGLEC10,0.0,3.748004878383483e-05,0.0,0.13781304569611963,1,0,0.0
DNAJC11,0.0,4.7477259145074573e-05,1.0,0.12258608164711361,2,0,0.0
NHLRC1,0.0,0.00011486331265793706,0.0,0.00011487650775416428,1,0,0.0
EPM2A,0.0,0.00011486331265793706,0.0,0.00011487650775416428,1,0,0.0
CERT1,0.0,6.50517300276727e-05,0.0,0.0745455483233806,1,0,0.0
ACBD5,5.649152924802579e-05,0.00011147929764440724,0.0,0.07712435180711225,2,0,0.0
CST3,0.0,4.007175638066075e-05,0.0,0.1353560511454821,1,0,0.0
TOR1A,9.535845588235295e-05,7.89043393619424e-05,0.0,0.13196473135480294,2,0,0.0
TOR1AIP2,0.0,5.132008022579304e-05,0.0,0.1137348877132358,1,0,0.0
SBF1,0.0,7.668104448904157e-05,0.0,0.0002871912693854107,1,0,0.0
MTMR10,0.0,7.668104448904157e-05,0.0,0.0002871912693854107,1,0,0.0
MTMR12,0.0,0.00014464015344772298,0.0,0.00035898908673176336,2,0,0.0
TEAD3,0.0,4.278380402642003e-05,1.0,0.15804231423196702,2,0,0.0
ARHGAP12,0.0,2.9460653138330098e-05,0.0,0.15219916460750796,1,0,0.0
TSPOAP1,0.0,3.0071143145226836e-05,0.0,0.13475312198237432,1,0,0.0
LYAR,0.0,1.975955615375907e-05,0.0,0.1548886052886205,1,0,0.0
TRAF3IP2,0.0,2.8532933526874825e-05,0.0,0.1549903423720449,1,0,0.0
RPL36A-HNRNPH2,0.0,2.3742299434819788e-05,1.0,0.14488732459836426,2,0,0.0
AHNAK2,0.0,6.63784290073599e-05,1.0,0.16141982271233823,3,0,0.01
RPL22L1,0.0,1.9555282337560532e-05,0.0,0.15332261003307085,1,0,0.0
DDX21,0.004153881436739104,9.676500315747939e-05,0.16666666666666666,0.1316173007814012,4,0,0.01
SVIP,0.0,3.27622680045511e-05,0.0,0.13964650761125869,1,0,0.0
UCKL1,0.0,0.00011486331265793706,1.0,0.00022975301550832856,2,0,0.0
UCK1,0.0,0.00011486331265793706,1.0,0.00022975301550832856,2,0,0.0
UCK2,0.0,0.00011486331265793706,1.0,0.00022975301550832856,2,0,0.0
ETFB,0.0,0.00011486331265793706,1.0,0.00022975301550832856,2,0,0.0
ETFA,0.0,0.00011486331265793706,1.0,0.00022975301550832856,2,0,0.0
ACADM,0.0,0.00011486331265793706,1.0,0.00022975301550832856,2,0,0.0
SLC6A20,0.0,3.577165834039179e-05,0.0,0.1400410080007217,1,0,0.0
DDRGK1,0.0,9.367082172871192e-05,0.0,0.00015316867700555236,1,0,0.0
UFL1,0.0,0.00015724829451638727,0.0,0.00022975301550832856,2,0,0.0
ERO1B,0.0,6.398635505716324e-05,0.0,0.11253505190809616,1,0,0.0
PTPRA,0.0,2.8750943201428006e-05,0.0,0.16458129679497813,1,0,0.0
SH2D1A,0.00018890305811729538,7.514264854032685e-05,0.3333333333333333,0.16610597006877292,3,0,0.0
YES1,0.00018415530059232184,8.631080817451789e-05,0.4,0.18693435437533354,6,0,0.0
WNT8A,0.0,4.947434214720057e-05,0.0,0.10899812311343843,1,0,0.0
TGM2,0.0,3.0347033366412822e-05,0.0,0.1669379806158531,1,0,0.0
TGFBI,0.0,3.0347033366412822e-05,0.0,0.1669379806158531,1,0,0.0
FAR1,0.0,0.00011486331265793706,0.0,0.00011487650775416428,1,0,0.0
FAR2,0.0,0.00011486331265793706,0.0,0.00011487650775416428,1,0,0.0
EGFLAM,0.0,3.245045018321518e-05,0.0,0.13406712167956186,1,0,0.0
PIP4K2C,0.0,0.00011486331265793706,1.0,0.00022975301550832856,2,0,0.0
PIP4K2A,0.0,0.00011486331265793706,1.0,0.00022975301550832856,2,0,0.0
PIP4K2B,0.0,0.00011486331265793706,1.0,0.00022975301550832856,2,0,0.0
NET1,0.0,3.4975169247808364e-05,0.0,0.1494499245293474,1,0,0.0
F8A1,0.0,2.8601930034560784e-05,0.0,0.1615657159570114,1,0,0.0
F8A3,0.0,2.8601930034560784e-05,0.0,0.1615657159570114,1,0,0.0
ZDHHC17,0.0,2.8601930034560784e-05,0.0,0.1615657159570114,1,0,0.0
SRGAP1,3.272063929416063e-05,0.0001037117462367534,0.3333333333333333,0.12842808919561974,3,0,0.0
SRGAP3,0.0,7.678410324912444e-05,1.0,0.11812349661638769,2,0,0.0
EPS15L1,1.8344535737375033e-06,7.539045388121569e-05,0.6666666666666666,0.14840471499427424,3,0,0.0
FCHO1,2.9565238924517174e-07,6.893173538179983e-05,0.6666666666666666,0.14934398534233925,3,0,0.0
CLDN3,5.744485294117647e-08,5.650036297742964e-05,0.6666666666666666,0.14212956080044334,3,0,0.0
CLDN5,1.863661085457447e-05,8.250567629663992e-05,0.6,0.1625137723083942,5,0,0.0
KEL,0.0,0.00011486331265793706,0.0,0.00011487650775416428,1,0,0.0
XK,0.0,0.00011486331265793706,0.0,0.00011487650775416428,1,0,0.0
DNM3,0.0,5.28577748319528e-05,1.0,0.14423549282433315,2,0,0.0
SHTN1,0.0,3.4290665612039354e-05,0.0,0.1461508664128633,1,0,0.0
GRK6,0.0,3.3626097272993405e-05,0.0,0.14008756639806225,1,0,0.0
TASOR,0.0,3.8380510526450604e-05,1.0,0.14102527901081524,2,0,0.0
PPHLN1,0.0,3.8380510526450604e-05,1.0,0.14102527901081524,2,0,0.0
CLEC12A,0.0,2.9332618323419995e-05,0.0,0.16223666623641816,1,0,0.0
CD160,1.9934755866361566e-05,7.329506666194397e-05,0.16666666666666666,0.14602062974386498,4,0,0.0
RGPD2,1.6946995315666915e-05,5.6108820420938216e-05,0.3333333333333333,0.14709840712720745,4,0,0.0
RWDD3,0.0,3.073858460968169e-05,0.0,0.14009089318251208,1,0,0.0
IPO13,5.918377848988039e-05,4.603584369108079e-05,0.0,0.15236033423788423,3,0,0.0
PIAS1,3.669955845121518e-05,5.2723871205576515e-05,0.3333333333333333,0.16684826962955088,3,0,0.0
PLS3,0.0,2.9460653138330098e-05,0.0,0.15219916460750796,1,0,0.0
PRELID3B,0.0,8.660665808563686e-05,0.0,0.00020677771395749567,1,0,0.0
ADAM12,0.0,3.438585714066281e-05,0.0,0.13982193460588768,1,0,0.0
MYO9A,0.0,6.746511949937497e-05,1.0,0.16194716469067152,4,0,0.0
MYO18B,0.0,6.746511949937497e-05,1.0,0.16194716469067152,4,0,0.0
MYO1F,0.0,6.746511949937497e-05,1.0,0.16194716469067152,4,0,0.0
S100A8,0.00019643012799798722,7.368508059640779e-05,0.0,0.17225624659879696,3,0,0.0
TJAP1,1.0051539644060917e-05,5.808549428632023e-05,0.3333333333333333,0.158829525888436,3,0,0.0
KIRREL1,0.0,6.656866803801342e-05,1.0,0.1701545305899334,4,0,0.0
CLDN8,0.0,2.9114219275307753e-05,0.0,0.15833075905905847,1,0,0.0
SH3GLB1,0.0,4.734820389760356e-05,1.0,0.1627154912843383,3,0,0.0
GTF3A,0.0003062379100713076,4.7325044763798264e-05,0.0,0.15730480309918138,2,0,0.0
UFC1,0.00015146298005094648,5.822457945465959e-05,0.0,0.1454553560761022,2,0,0.0
UFM1,0.0,4.3426876288853085e-05,0.0,0.12690303153753688,1,0,0.0
PDE4DIP,0.0,3.580182512145905e-05,0.0,0.12691122200039587,1,0,0.0
TRIM17,0.0,2.770539307752584e-05,0.0,0.1497838569221613,1,0,0.0
MYOM1,0.0,3.70119654274937e-05,0.0,0.13162611109673564,1,0,0.0
WDR45,0.0,5.988130582269797e-05,1.0,0.11066252876774908,2,0,0.0
TSR2,0.0,1.964183369626231e-05,0.0,0.1555010391454661,1,0,0.0
MAN1A2,0.0,0.00011486331265793706,1.0,0.00022975301550832856,2,0,0.0
MAN1A1,0.0,0.00011486331265793706,1.0,0.00022975301550832856,2,0,0.0
MAN1C1,0.0,0.00011486331265793706,1.0,0.00022975301550832856,2,0,0.0
PTGER3,0.0,5.159088385248355e-05,1.0,0.14934398534233925,2,0,0.0
PEX19,2.4937306645666916e-05,5.2282080874760514e-05,0.0,0.135142091155355,2,0,0.0
SEPTIN8,0.0002732672404750663,7.303973574996791e-05,0.6,0.16400020631143733,5,0,0.0
RSPO3,0.0,4.1713021672616743e-05,0.0,0.10898201372688211,1,0,0.0
BTN2A2,0.0,5.367798956262071e-05,0.0,0.11552341025032117,1,0,0.0
HNRNPH1,0.0,0.00011486331265793706,1.0,0.00022975301550832856,2,0,0.0
HNRNPF,0.0,0.00011486331265793706,1.0,0.00022975301550832856,2,0,0.0
RBFOX2,0.0,0.00011486331265793706,1.0,0.00022975301550832856,2,0,0.0
SPTA1,0.0,6.545304170383269e-05,0.6666666666666666,0.13878899447163565,3,0,0.0
MYLIP,0.0,2.6415274323130682e-05,0.0,0.15483169084048296,1,0,0.0
CACNB1,0.0,4.769912453234352e-05,0.6666666666666666,0.13754633979253875,3,0,0.0
LMBRD1,0.0,4.413476389325731e-05,0.0,0.0003191014104282341,1,0,0.0
SLN,0.0,4.1438268294523444e-05,0.0,0.11695952219645105,1,0,0.0
UBE2D3,0.00016645547245524914,4.376802266804875e-05,0.3333333333333333,0.18542426042064503,3,0,0.0
PTBP2,0.0,3.9341143767222805e-05,0.0,0.11818976240227604,1,0,0.0
COL9A1,0.0,0.00011486331265793706,1.0,0.00022975301550832856,2,0,0.0
COL9A2,0.0,0.00011486331265793706,1.0,0.00022975301550832856,2,0,0.0
COL9A3,0.0,0.00011486331265793706,1.0,0.00022975301550832856,2,0,0.0
SMARCAL1,0.0,2.5097204308015398e-05,0.0,0.13501218549933403,1,0,0.0
RARRES2,0.0003814338235294118,0.00011477375566812799,0.0,0.1288882741817038,3,0,0.0
ERGIC3,0.0,0.00011486331265793706,0.0,0.00011487650775416428,1,0,0.0
ERGIC2,0.0,0.00011486331265793706,0.0,0.00011487650775416428,1,0,0.0
GIP,3.471266031484537e-07,5.3280366512373136e-05,0.0,0.13898191591524092,2,0,0.0
GIPR,0.00031163892118201016,0.00010356520734716827,0.2,0.16719347620730668,5,0,0.0
SIKE1,7.659313725490196e-08,4.948586388514269e-05,0.0,0.12570238916282897,2,0,0.0
SYCP2,0.0,0.00011486331265793706,0.0,0.00011487650775416428,1,0,0.0
SYCP3,0.0,0.00011486331265793706,0.0,0.00011487650775416428,1,0,0.0
MYBPC2,0.0,3.950921956563712e-05,0.0,0.1408300090962185,1,0,0.0
GRM7,9.212202505920265e-06,6.950370302558497e-05,0.0,0.1259062903340747,2,0,0.0
GRM8,5.687806495733672e-07,7.044044883896377e-05,0.0,0.1164446786621082,2,0,0.0
NFE2,0.0,4.0717427125706586e-05,0.0,0.1286521584415938,1,0,0.0
NFE2L1,0.0,4.0717427125706586e-05,0.0,0.1286521584415938,1,0,0.0
CHM,0.0,5.8546060576556485e-05,0.0,0.10363275690006503,1,0,0.0
NR3C2,0.0,2.7521170851249587e-05,0.0,0.1556939328307002,1,0,0.0
PAX5,0.0,3.0795768863371766e-05,0.0,0.15187002602843241,1,0,0.0
CCL26,6.258778353648757e-09,4.036598549001404e-05,0.0,0.13496893909493676,2,0,0.01
MIGA2,0.0,0.00011486331265793706,0.0,0.00011487650775416428,1,0,0.0
MIGA1,0.0,0.00011486331265793706,0.0,0.00011487650775416428,1,0,0.0
WT1,0.0,2.996390442480646e-05,0.0,0.1353902233371371,1,0,0.0
BCL10,0.0004368111424076688,0.00016544449083673662,0.3333333333333333,0.1787602248794667,10,0,0.07
MALT1,0.0002498285879756145,0.00011004044524439547,0.5238095238095238,0.17874397542715514,7,0,0.0
CASP8AP2,0.0,2.835269932668707e-05,0.0,0.15246665687168595,1,0,0.0
PSMB11,0.0,2.6019773994519765e-05,1.0,0.12835543464876087,2,0,0.0
GK2,0.0,0.00011486331265793706,0.0,0.00011487650775416428,1,0,0.0
GK,0.0,0.00011486331265793706,0.0,0.00011487650775416428,1,0,0.0
TMC2,0.0,5.70922191865416e-05,0.0,0.00026257487486666117,1,0,0.0
VCPKMT,0.0,3.27622680045511e-05,0.0,0.13964650761125869,1,0,0.0
RHBDD1,0.0,3.27622680045511e-05,0.0,0.13964650761125869,1,0,0.0
UBE4A,0.0,3.27622680045511e-05,0.0,0.13964650761125869,1,0,0.0
MFAP4,0.0,3.6345490598876e-05,0.0,0.14211928835459192,1,0,0.0
MARCHF5,0.0,3.660082461886637e-05,0.0,0.13515137969717744,1,0,0.0
RAB3GAP2,0.0,0.00011486331265793706,0.0,0.00011487650775416428,1,0,0.0
RAB3GAP1,0.0,0.00011486331265793706,0.0,0.00011487650775416428,1,0,0.0
SLFN12,0.0,9.367082172871192e-05,0.0,0.00015316867700555236,1,0,0.0
MYOZ1,0.0,3.610065992532243e-05,0.0,0.14230098711910266,1,0,0.0
ACTN2,0.002452272561482855,0.00013394250339232493,0.06666666666666667,0.17203521204498107,6,0,0.0
RPE,0.0,0.00011486331265793706,0.0,0.00011487650775416428,1,0,0.0
RPEL1,0.0,0.00011486331265793706,0.0,0.00011487650775416428,1,0,0.0
MFAP5,0.0,3.9125992454904895e-05,0.0,0.13007623693021989,1,0,0.0
HAND2,0.0,3.260925912054227e-05,0.0,0.1448517476003045,1,0,0.0
FAM181B,0.0,4.449156093906274e-05,0.0,0.13260846175165564,1,0,0.0
VGLL4,0.0,4.449156093906274e-05,0.0,0.13260846175165564,1,0,0.0
VIM,9.535845588235295e-05,6.826385850204084e-05,0.3333333333333333,0.14735561714141834,3,0,0.0
MLANA,0.0,3.714953139445544e-05,1.0,0.1473482558017335,2,0,0.0
TPBG,0.0,3.714953139445544e-05,1.0,0.1473482558017335,2,0,0.0
DHDDS,0.0,0.00011486331265793706,0.0,0.00011487650775416428,1,0,0.0
NUS1,0.0,0.00011486331265793706,0.0,0.00011487650775416428,1,0,0.0
PPY,1.4866833830306317e-07,8.920203995128816e-05,0.3333333333333333,0.12347386597920296,3,0,0.0
NPY1R,9.635233837688152e-05,8.103405854108813e-05,0.3333333333333333,0.14468476947469833,3,0,0.0
MAK16,7.237524275322561e-05,0.00010272692997309535,0.3333333333333333,0.1306292748072898,4,0,0.0
WDR74,3.167397853919598e-05,7.551532798907466e-05,0.3333333333333333,0.12347903506138068,3,0,0.0
FTSJ3,0.0,5.3955346721191127e-05,1.0,0.13062059742753646,2,0,0.0
RPF1,0.0,6.088221731388395e-05,1.0,0.11431675330935023,2,0,0.0
KIRREL2,0.0,3.057305527955243e-05,0.0,0.15078310510498688,1,0,0.0
TACSTD2,0.0,3.161535952278337e-05,0.0,0.1389851903925738,1,0,0.0
SULT1A4,0.0,0.0001679420317359317,0.3333333333333333,0.0003446295232624928,3,0,0.0
SULT1A3,0.0,6.522490364476817e-05,0.0,0.00020677771395749567,1,0,0.0
SULT1A1,0.0,0.00011314315762552416,1.0,0.0002584721424468696,2,0,0.0
SULT1A2,0.0,0.00011314315762552416,1.0,0.0002584721424468696,2,0,0.0
COL4A2,0.0,0.00011486331265793706,0.0,0.00011487650775416428,1,0,0.0
COL4A1,0.0,0.00011486331265793706,0.0,0.00011487650775416428,1,0,0.0
CES1,0.0,0.00011486331265793706,0.0,0.00011487650775416428,1,0,0.0
CES2,0.0,0.00011486331265793706,0.0,0.00011487650775416428,1,0,0.0
ADA,9.535845588235295e-05,7.369998802720846e-05,0.0,0.1490571917581969,2,0,0.0
TPPP,0.0,3.572702111888745e-05,1.0,0.1419653796602508,2,0,0.0
ITGB1BP1,9.03170992606298e-05,7.12354143079187e-05,0.0,0.15987120033123933,3,0,0.0
HTR4,0.0,5.159088385248355e-05,1.0,0.14934398534233925,2,0,0.0
TRPM6,0.0,6.522490364476816e-05,0.0,0.00020677771395749567,1,0,0.0
TRIM40,0.0,4.3233431451280936e-05,1.0,0.16056744661047936,2,0,0.0
C11orf80,0.0,0.00011486331265793706,0.0,0.00011487650775416428,1,0,0.0
SPO11,0.0,0.00011486331265793706,0.0,0.00011487650775416428,1,0,0.0
RAB25,0.0,3.930486737396107e-05,0.0,0.119390556992965,1,0,0.0
PHETA1,0.0,3.209035922216875e-05,0.0,0.13183791308576157,1,0,0.0
ZEB2,0.0,3.0787489092121324e-05,0.0,0.14323040404560775,1,0,0.0
TOP1,0.0,2.6278007276393187e-05,0.0,0.1334484203375727,1,0,0.0
K7ERJ3_HUMAN,0.0,2.829818459503268e-05,0.0,0.14166536396874235,1,0,0.0
KIF3B,0.0,7.655499471735587e-05,1.0,0.12023005036222158,2,0,0.0
PPT2,0.0,0.00011486331265793706,0.0,0.00011487650775416428,1,0,0.0
PPT1,0.0,0.00011486331265793706,0.0,0.00011487650775416428,1,0,0.0
PTGS1,0.0,0.00011486331265793706,0.0,0.00011487650775416428,1,0,0.0
PTGS2,0.0,0.00011486331265793706,0.0,0.00011487650775416428,1,0,0.0
MYO15A,9.535845588235295e-05,9.585394260619476e-05,0.3333333333333333,0.1349041214101354,3,0,0.0
DIO1,0.0,0.00011486331265793706,0.0,0.00011487650775416428,1,0,0.0
DIO2,0.0,0.00011486331265793706,0.0,0.00011487650775416428,1,0,0.0
MAST2,0.0,3.245881482967722e-05,0.0,0.14378899773369086,1,0,0.0
XAF1,0.0,2.8728360685382755e-05,0.0,0.14117715498438196,1,0,0.0
ARHGEF2,0.0,3.4975169247808364e-05,0.0,0.1494499245293474,1,0,0.0
KIF21A,9.535845588235295e-05,7.703804703696268e-05,0.0,0.13420742625463317,2,0,0.0
KANK2,0.0,5.082397273606887e-05,0.0,0.1153968587836933,1,0,0.0
TIFA,0.0,2.7783493268330527e-05,0.0,0.17601860180886797,1,0,0.0
CDC14B,0.0,3.875318428516872e-05,0.0,0.1315468606953528,1,0,0.0
SNTG1,0.0,3.28599681159646e-05,0.0,0.14099157316019123,1,0,0.0
ILF2,4.2679992486635705e-05,4.1527339443368986e-05,0.0,0.1585904083937522,2,0,0.0
PJA1,0.0,4.262591560121122e-05,0.0,0.12942271656477405,1,0,0.0
COA1,0.0,2.0075494088484322e-05,0.0,0.11472806062122994,1,0,0.0
GRM3,0.0,3.950561766145953e-05,0.0,0.12590091603932133,1,0,0.0
CNST,0.0,2.319994335828996e-05,0.0,0.10888545731624862,1,0,0.0
TFB2M,0.0,5.823870130799729e-05,1.0,0.1473261761949602,2,0,0.0
POLRMT,9.688143320271371e-05,0.00010522709367944052,0.3333333333333333,0.14816615816100873,4,0,0.0
CEP170,6.907196746434044e-07,0.00021217623809015622,0.3,0.0005907934684499876,5,0,0.0
CEP128,0.0,0.00012304033455141973,1.0,0.00041355542791499133,3,0,0.0
CCDC120,0.0,0.00012304033455141973,1.0,0.00041355542791499133,3,0,0.0
NIN,0.0,5.340760067186504e-05,0.0,0.0003446295232624928,1,0,0.0
CNTRL,4.595588235294118e-07,0.0001068668739844624,0.0,0.00041355542791499133,2,0,0.0
CCDC68,0.0,0.00012304033455141973,1.0,0.00041355542791499133,3,0,0.0
CHML,0.0,5.8546060576556485e-05,0.0,0.10363275690006503,1,0,0.0
GPR158,0.0,4.964311499475348e-05,0.0,0.12055684257791222,1,0,0.0
ACTN3,0.0,3.610065992532243e-05,0.0,0.14230098711910266,1,0,0.0
IRF2BP2,0.0,4.9511347267556597e-05,0.0,0.12695765460071884,1,0,0.0
KCNK1,0.0,9.367082172871192e-05,0.0,0.00015316867700555236,1,0,0.0
TSNAX,0.0,0.00011486331265793706,0.0,0.00011487650775416428,1,0,0.0
TSN,0.0,0.00011486331265793706,0.0,0.00011487650775416428,1,0,0.0
AGTR2,0.0,6.580322049448197e-05,1.0,0.12409726146546618,2,0,0.0
ABCB10,0.0,9.72408734184229e-05,1.0,0.09982042102005856,2,0,0.0
SLC25A37,0.0,9.72408734184229e-05,1.0,0.09982042102005856,2,0,0.0
COBL,0.0,2.9460653138330098e-05,0.0,0.15219916460750796,1,0,0.0
LMOD1,0.0,2.9460653138330098e-05,0.0,0.15219916460750796,1,0,0.0
MRTFB,0.0,2.9460653138330098e-05,0.0,0.15219916460750796,1,0,0.0
RHOU,0.0,3.4215198585374954e-05,0.0,0.13837553472877487,1,0,0.0
IBA57,0.0,0.00011486331265793706,1.0,0.00022975301550832856,2,0,0.0
ISCA1,0.0,0.00011486331265793706,1.0,0.00022975301550832856,2,0,0.0
ISCA2,0.0,0.00011486331265793706,1.0,0.00022975301550832856,2,0,0.0
CDC42BPA,9.531931510078982e-05,7.251063256365534e-05,0.0,0.16036229600996035,2,0,0.0
LURAP1,0.0,4.811244328579948e-05,0.0,0.13421964053201066,1,0,0.0
ACBD3,0.0005725052619631492,9.378299053306924e-05,0.16666666666666666,0.15435364019630543,4,0,0.0
GOLGB1,0.0,3.7215888507171885e-05,0.0,0.12998451889523394,1,0,0.0
EARS2,0.0,2.7768334190155145e-05,0.0,0.1391130154704021,1,0,0.0
DUS2,0.0,2.7768334190155145e-05,0.0,0.1391130154704021,1,0,0.0
PARS2,0.0,3.7575394357259974e-05,1.0,0.1391195769408391,2,0,0.0
SLC30A1,0.0,0.00011486331265793706,0.0,0.00011487650775416428,1,0,0.0
TMC6,0.0,0.00011486331265793706,0.0,0.00011487650775416428,1,0,0.0
TRAF3IP3,0.0,2.8532933526874825e-05,0.0,0.1549903423720449,1,0,0.0
CHIT1,0.0,0.00011486331265793706,0.0,0.00011487650775416428,1,0,0.0
CHIA,0.0,0.00011486331265793706,0.0,0.00011487650775416428,1,0,0.0
KDM5B,1.448900763445157e-05,4.3321523974044485e-05,0.6666666666666666,0.17427141568751556,3,0,0.0
NR0B1,0.0,3.237851398758213e-05,0.0,0.14479130678470378,1,0,0.0
KATNA1,0.0,9.367082172871192e-05,0.0,0.00015316867700555236,1,0,0.0
B3GALT2,0.0,0.00011486331265793706,1.0,0.00022975301550832856,2,0,0.0
B3GALT5,0.0,0.00011486331265793706,1.0,0.00022975301550832856,2,0,0.0
B3GALT1,0.0,0.00011486331265793706,1.0,0.00022975301550832856,2,0,0.0
RGS1,0.0,3.445008334049108e-05,0.0,0.1444544756231457,1,0,0.0
EWSR1,0.0,2.8309841243355513e-05,1.0,0.1629672197641417,2,0,0.0
S100A6,0.00020890840284695154,8.962380772890806e-05,0.0,0.14731881779642886,3,0,0.0
GPR52,0.0,5.065591398726865e-05,1.0,0.15054068853729394,2,0,0.0
TNFRSF6B,5.062691815687696e-06,7.211303621418205e-05,0.0,0.13798066617599702,3,0,0.0
POU2AF1,0.0,3.9497438960118144e-05,0.0,0.1327905506262921,1,0,0.0
FCGR1A,7.449093128947381e-05,6.581407351416065e-05,0.5,0.16728355889922872,4,0,0.0
CCN2,0.0,2.979658330067672e-05,0.0,0.15029905019293233,1,0,0.0
NR1I3,0.0,2.929550503549206e-05,0.0,0.14876774571967824,1,0,0.0
CD244,0.0,4.764407032445097e-05,0.0,0.12499125817913384,1,0,0.0
CD48,9.535845588235295e-05,7.088712940952395e-05,0.0,0.1473629792166671,2,0,0.0
SLAMF6,0.0,5.956585985396638e-05,1.0,0.1420542639974571,2,0,0.0
CD1B,0.0,2.903105757685916e-05,0.0,0.14727835973991113,1,0,0.0
CD1C,0.0,2.903105757685916e-05,0.0,0.14727835973991113,1,0,0.0
RBMX,0.0,4.0176495768811735e-05,1.0,0.14595559841211372,2,0,0.0
ANXA11,9.535845588235295e-05,8.936384927599169e-05,0.0,0.1249647803461933,2,0,0.0
S100A7,0.0,0.00011486331265793706,0.0,0.00011487650775416428,1,0,0.0
S100A7A,0.0,0.00011486331265793706,0.0,0.00011487650775416428,1,0,0.0
S100A9,0.0,3.8106278461555305e-05,0.0,0.1424521847099177,1,0,0.0
S100A12,1.6435890514775416e-05,4.9075213912318265e-05,0.0,0.1634232047267751,2,0,0.0
LOR,0.0,9.367082172871192e-05,0.0,0.00015316867700555236,1,0,0.0
SLC16A10,0.0,0.00011486331265793706,0.0,0.00011487650775416428,1,0,0.0
SLC16A2,0.0,0.00011486331265793706,0.0,0.00011487650775416428,1,0,0.0
ZNF207,0.0,2.96072329929128e-05,0.0,0.12690030161817326,1,0,0.0
DMBT1,0.0,9.367082172871192e-05,0.0,0.00015316867700555236,1,0,0.0
SFTPD,0.0,0.00015724829451638727,0.0,0.00022975301550832856,2,0,0.0
PLEKHA1,0.0,5.0736093645360695e-05,0.0,0.12535513761495998,1,0,0.0
PTPN13,0.0001907169117647059,0.00011172218254742954,0.0,0.14786903847752547,3,0,0.0
PDSS2,0.0,0.00011486331265793706,0.0,0.00011487650775416428,1,0,0.0
PDSS1,0.0,0.00011486331265793706,0.0,0.00011487650775416428,1,0,0.0
RPRD2,0.0,8.061241979261792e-05,0.0,0.0001723147616312464,1,0,0.0
RPAP2,0.0,0.00014911420552325612,0.0,0.0002584721424468696,2,0,0.0
TIAL1,3.71795420950784e-06,6.324754608177126e-05,0.6666666666666666,0.14762481033589592,3,0,0.0
RGS10,0.0,3.400271532178097e-05,0.0,0.13242389882646197,1,0,0.0
SV2A,0.0,0.00011486331265793706,1.0,0.00022975301550832856,2,0,0.0
SV2C,0.0,0.00011486331265793706,1.0,0.00022975301550832856,2,0,0.0
SV2B,0.0,0.00011486331265793706,1.0,0.00022975301550832856,2,0,0.0
CDK5RAP3,0.0,9.367082172871192e-05,0.0,0.00015316867700555236,1,0,0.0
HSD3B1,0.0,0.00011486331265793706,0.0,0.00011487650775416428,1,0,0.0
HSD3B2,0.0,0.00011486331265793706,0.0,0.00011487650775416428,1,0,0.0
RNGTT,5.137568169767286e-05,3.15769792959442e-05,0.0,0.1514411578318076,2,0,0.0
CNR2,9.496000255302252e-07,6.948907013014901e-05,0.6666666666666666,0.14972303099041626,3,0,0.0
DMAC2L,0.0,2.370954947445747e-05,0.0,0.11593434783763538,1,0,0.0
KCNA3,9.219310658281877e-05,7.171084742936273e-05,0.3333333333333333,0.15236426946877085,3,0,0.0
KCNAB2,2.4012453812755976e-06,7.989490360551457e-05,0.6666666666666666,0.13700328443082357,3,0,0.0
DDX52,0.0,2.1736313891485117e-05,0.0,0.1353902233371371,1,0,0.0
TTK,0.0,3.0757398034795726e-05,1.0,0.15192478356440808,3,0,0.0
ELOVL1,0.0001907169117647059,9.924423598803639e-05,0.3333333333333333,0.09197922228147504,3,0,0.0
BANF2,0.0,3.181502951533985e-05,0.0,0.14539799420838018,1,0,0.0
ARHGAP24,0.0,2.9040683502352413e-05,0.0,0.15058295905609193,1,0,0.0
ATXN7L2,0.0,2.643491253853206e-05,1.0,0.15055989946714993,2,0,0.0
CNNM2,0.0,0.00011486331265793706,0.0,0.00011487650775416428,1,0,0.0
PTP4A1,0.0,0.00011486331265793706,0.0,0.00011487650775416428,1,0,0.0
ULK3,1.0216991379917897e-05,4.181177004654228e-05,0.0,0.12582840793955893,2,0,0.0
SARS1,0.0,9.367082172871192e-05,0.0,0.00015316867700555236,1,0,0.0
SARS2-2,0.0,0.00015724829451638727,0.0,0.00022975301550832856,2,0,0.0
HTR1D,3.4877273401819256e-07,7.008839162664698e-05,0.6666666666666666,0.1493477662984481,3,0,0.0
TNFSF15,8.910537594667496e-08,5.584041300846504e-05,0.0,0.13217762538701322,2,0,0.0
ELOVL3,0.0,7.956245828700286e-05,1.0,0.08273730937351717,2,0,0.0
ELOVL7,0.0,7.956245828700286e-05,1.0,0.08273730937351717,2,0,0.0
NCAM2,8.715362900712441e-06,6.489598722441415e-05,0.6666666666666666,0.15346620414220977,3,0,0.0
COL2A1,0.0,5.788419170530276e-05,1.0,0.0005791690599272448,2,0,0.0
TLX1,0.0,0.00011486331265793706,0.0,0.00011487650775416428,1,0,0.0
EYA1,0.0,0.00011486331265793706,0.0,0.00011487650775416428,1,0,0.0
ALG14,0.0,0.00011486331265793706,1.0,0.00022975301550832856,2,0,0.0
DPAGT1,0.0,0.00011486331265793706,1.0,0.00022975301550832856,2,0,0.0
ALG13,0.0,0.00011486331265793706,1.0,0.00022975301550832856,2,0,0.0
GCLM,0.0,0.00011486331265793706,0.0,0.00011487650775416428,1,0,0.0
GCLC,0.0,0.00011486331265793706,0.0,0.00011487650775416428,1,0,0.0
PAX2,0.0,2.4767951644931553e-05,0.0,0.14058835607775028,1,0,0.0
EPOP,0.0,3.605167707884876e-05,1.0,0.14539799420838018,3,0,0.0
YTHDF3,2.5401002154771536e-05,6.846216558505128e-05,0.0,0.13611812776368085,3,0,0.0
SAR1B,0.0,4.797503426763966e-05,1.0,0.13756879319564377,4,0,0.0
MTM1,0.0,7.114121107484405e-05,0.0,0.00023932605782117557,1,0,0.0
MAP3K14,0.0,3.9235380283820885e-05,1.0,0.16219651968717078,2,0,0.0
GBP5,0.0,0.00011486331265793706,0.0,0.00011487650775416428,1,0,0.0
GBP2,0.0,0.00011486331265793706,0.0,0.00011487650775416428,1,0,0.0
STAU1,0.0,3.1993194052486594e-05,0.0,0.13899173981015034,1,0,0.0
CTDP1,0.0,2.46631359073598e-05,1.0,0.15091425774571876,2,0,0.0
HPSE2,0.0,4.352051250500793e-05,0.0,0.11629317156926232,1,0,0.0
ZNHIT6,0.0,4.6166898802613565e-05,0.0,0.12249444372736411,1,0,0.0
GNG5,1.1501015476755218e-07,4.9827874894455517e-05,0.0,0.14728939155133208,2,0,0.0
SLC9A6,0.0,0.00011486331265793706,0.0,0.00011487650775416428,1,0,0.0
SLC9A7,0.0,0.00011486331265793706,0.0,0.00011487650775416428,1,0,0.0
FUBP1,0.0,3.222220781841481e-05,0.0,0.1302917090958212,1,0,0.0
TDG,0.00023175399672573072,5.6330183976637904e-05,0.3333333333333333,0.16018811223109763,3,0,0.0
SGIP1,0.0,3.4386088165281986e-05,0.0,0.1448517476003045,1,0,0.0
DNAJC6,0.000272783390898272,3.703491509655486e-05,0.0,0.166829395390905,2,0,0.0
EFCAB7,0.0,0.00011486331265793706,0.0,0.00011487650775416428,1,0,0.0
IQCE,0.0,0.00011486331265793706,0.0,0.00011487650775416428,1,0,0.0
GCGR,3.801775694109836e-06,8.485304752982996e-05,0.5,0.15497812686586804,4,0,0.0
ADCYAP1R1,1.6391171238540416e-05,7.196037288845004e-05,0.3333333333333333,0.1505483723209065,3,0,0.0
TAS2R46,0.0,5.065591398726865e-05,1.0,0.15054068853729394,2,0,0.0
ANGPTL8,0.0,9.367082172871192e-05,0.0,0.00015316867700555236,1,0,0.0
DIABLO-2,1.217102697426894e-05,6.303772898121974e-05,0.5,0.1663542320019853,4,0,0.0
HMGA1,0.0,2.7318345890398583e-05,0.0,0.1632513469218874,1,0,0.0
DAB1,0.0,4.160982697886249e-05,0.0,0.1323733825738803,1,0,0.0
ADGRF1,0.0,5.159088385248355e-05,1.0,0.14934398534233925,2,0,0.0
STRA6,0.0,9.367082172871192e-05,0.0,0.00015316867700555236,1,0,0.0
NDOR1,0.0,0.00011486331265793706,0.0,0.00011487650775416428,1,0,0.0
CIAPIN1,0.0,0.00011486331265793706,0.0,0.00011487650775416428,1,0,0.0
ADNP,0.0,2.194912972849625e-05,0.0,0.15118112304004103,1,0,0.0
ARPIN-AP3S2,0.0,3.36721112465928e-05,0.0,0.13773581967877843,1,0,0.0
ANKRD1,0.0,3.950921956563712e-05,0.0,0.1408300090962185,1,0,0.0
ARL13B,0.0,3.220863681853558e-05,0.0,0.12357991873934013,1,0,0.0
EPN1,0.0,5.585287090040818e-05,1.0,0.14485530451385917,2,0,0.0
FCHO2,0.0,5.173182267276347e-05,1.0,0.14934020457766642,2,0,0.0
STON2,0.0,5.173182267276347e-05,1.0,0.14934020457766642,2,0,0.0
KCNS3,0.0,5.075380447868997e-05,0.0,0.11069783113196473,1,0,0.0
IFIT1,0.0,0.00014911420552325612,0.0,0.0002584721424468696,2,0,0.0
IFIT1B,0.0,8.061241979261792e-05,0.0,0.0001723147616312464,1,0,0.0
IFIT3,0.0,0.00014911420552325612,0.0,0.0002584721424468696,2,0,0.0
IFIT2,0.0,8.061241979261792e-05,0.0,0.0001723147616312464,1,0,0.0
TRIM27,3.7995950147269634e-06,5.384478528359165e-05,0.0,0.14838978268909797,2,0,0.0
FRK,0.0,3.245881482967722e-05,0.0,0.14378899773369086,1,0,0.0
IGHV3OR16-9,0.0019789707037669636,0.00010453734443681204,0.2,0.17072576682263194,6,0,0.01
GBGT1,0.0,0.00011486331265793706,0.0,0.00011487650775416428,1,0,0.0
NAGA,0.0,0.00011486331265793706,0.0,0.00011487650775416428,1,0,0.0
ENSP00000493691,0.0,4.833130111895283e-05,1.0,0.1599579007300198,2,0,0.0
LRPAP1,0.0,3.541748355217519e-05,0.0,0.13679360497686674,1,0,0.0
KIF18B,0.0,3.836867965651417e-05,0.0,0.12225581159376607,1,0,0.0
LAIR1,0.0,9.367082172871192e-05,0.0,0.00015316867700555236,1,0,0.0
SFTPA2,0.0,0.00011486331265793706,0.0,0.00011487650775416428,1,0,0.0
SFTPA1,0.0,0.00011486331265793706,0.0,0.00011487650775416428,1,0,0.0
ABL2,0.0,3.1445394530316424e-05,0.0,0.15536998053683104,1,0,0.0
TSC22D3,0.0,2.9781127049452198e-05,0.0,0.15765794748436276,1,0,0.0
MPL,1.2707380880371024e-05,4.0606872604126025e-05,0.0,0.15415196563767117,2,0,0.0
ERMAP,0.0,5.367798956262071e-05,0.0,0.11552341025032117,1,0,0.0
HIVEP3,0.0,2.8946569494989144e-05,0.0,0.14713142667287876,1,0,0.0
WWP1,9.535845588235295e-05,6.897764495709336e-05,0.6,0.17914565948016645,5,0,0.0
SET,0.0,3.6452445678779495e-05,0.0,0.12875324488775783,1,0,0.0
MOB1A,0.0001449939130701377,0.0001704937860357022,0.26666666666666666,0.1429631248581635,6,0,0.0
MFSD2A,1.1607964133242755e-06,5.205807515330636e-05,0.0,0.15021867636929975,2,0,0.0
ADA2,0.0,4.9001384487674975e-05,0.0,0.1262079848745727,1,0,0.0
ANXA7,0.0,5.6808190857207604e-05,0.0,0.10849694544927262,1,0,0.0
SYTL4,9.644685068696947e-05,6.523473954388886e-05,0.0,0.12169590751789415,2,0,0.0
SLC22A17,0.0,3.765754673938793e-05,0.0,0.14041768634458596,1,0,0.0
FRS3,1.0103250905792733e-05,4.795620316702963e-05,0.0,0.16421020546215345,2,0,0.0
SLC29A3,0.0,0.00011486331265793706,1.0,0.00022975301550832856,2,0,0.0
SLC29A1,0.0,0.00011486331265793706,1.0,0.00022975301550832856,2,0,0.0
SLC29A2,0.0,0.00011486331265793706,1.0,0.00022975301550832856,2,0,0.0
FSBP,0.0,2.2619243975520174e-05,0.0,0.1536780967285573,1,0,0.0
DLGAP3,0.0,4.707073309917167e-05,1.0,0.15720000588984706,2,0,0.0
ANGPTL2,0.0,2.996765539755122e-05,0.0,0.13859009564248562,1,0,0.0
RPRD1B,0.0,8.061241979261792e-05,0.0,0.0001723147616312464,1,0,0.0
RPRD1A,0.0,0.00014911420552325612,0.0,0.0002584721424468696,2,0,0.0
HDAC8,0.0,2.340026377391453e-05,0.0,0.1545558431414379,1,0,0.0
ZNF827,0.0,2.340026377391453e-05,0.0,0.1545558431414379,1,0,0.0
PIM1,0.0,0.00011486331265793706,0.0,0.00011487650775416428,1,0,0.0
PIM2,0.0,0.00011486331265793706,0.0,0.00011487650775416428,1,0,0.0
MIER1,0.0,3.1450060714773994e-05,1.0,0.16747352433063822,2,0,0.0
KDM5C,0.0,3.0638834120681936e-05,1.0,0.16835295151319637,2,0,0.0
BANP,0.0,2.5315151098549163e-05,0.0,0.16640585108666858,1,0,0.0
AFAP1,0.0,2.7310062168721534e-05,0.0,0.17897716689995147,1,0,0.01
SRY,0.0,3.566380451562281e-05,0.0,0.13340013615753604,1,0,0.0
TRA2B,0.0,3.186901617448434e-05,0.0,0.12473489567213754,1,0,0.0
TET3,0.0,4.752416898192371e-05,1.0,0.1419312229873301,2,0,0.0
EOGT,0.0,2.66238265724494e-05,0.0,0.1406688148851202,1,0,0.0
ODF2,0.0,6.247147220481646e-05,0.0,0.00027570361860999426,1,0,0.0
DES,0.0,3.6511203998138873e-05,0.0,0.12498596171495405,1,0,0.0
PRSS2,6.61941879158812e-06,5.9771641537664376e-05,0.0,0.1328114780607065,2,0,0.0
CKAP4,0.0,3.696262912258095e-05,0.0,0.12559533779774748,1,0,0.0
SARM1,0.0,3.0095612229105786e-05,0.0,0.16289071989568965,1,0,0.0
TUT7,0.0,9.367082172871192e-05,0.0,0.00015316867700555236,1,0,0.0
TRIM63,0.0,3.950921956563712e-05,0.0,0.1408300090962185,1,0,0.0
LDLRAP1,0.00019240318052356106,6.144098009665625e-05,0.0,0.15057142837874318,3,0,0.0
ALOX5,0.0,0.00011486331265793706,0.0,0.00011487650775416428,1,0,0.0
ALOX5AP,0.0,0.00011486331265793706,0.0,0.00011487650775416428,1,0,0.0
LRP4,0.0,6.716002310014568e-05,1.0,0.14100168322351989,2,0,0.0
COLQ,0.0,4.9377033224989896e-05,0.0,0.12038953920453878,1,0,0.0
CSGALNACT2,0.0,0.00011486331265793706,0.0,0.00011487650775416428,1,0,0.0
CSGALNACT1,0.0,0.00011486331265793706,0.0,0.00011487650775416428,1,0,0.0
HMGCL,0.0,0.00011486331265793706,0.0,0.00011487650775416428,1,0,0.0
HMGCLL1,0.0,0.00011486331265793706,0.0,0.00011487650775416428,1,0,0.0
TXNRD1,0.0001907169117647059,0.0001055296119501913,0.3333333333333333,0.13948800976620088,3,0,0.0
IGBP1,0.0,2.818879785232616e-05,0.0,0.13010779490565505,1,0,0.0
EDA2R,0.0,6.75783529548138e-05,0.0,0.107261985581439,1,0,0.0
NR1H3,3.876269511464403e-06,6.907906160072377e-05,0.6666666666666666,0.15719162814491583,4,0,0.0
NR1H2,1.533712940710833e-05,7.795551815471557e-05,0.5,0.15032586058361963,4,0,0.0
CCNY,0.0,0.00011486331265793706,0.0,0.00011487650775416428,1,0,0.0
CDK14,0.0,0.00011486331265793706,0.0,0.00011487650775416428,1,0,0.0
NOL9,0.0,2.982546453104864e-05,1.0,0.14897437802470834,2,0,0.0
MAP1LC3A,2.872087896137211e-05,5.289890953461641e-05,0.0,0.16873337207237782,3,0,0.0
POMP,0.0,2.181455597318306e-05,0.0,0.12835822753432266,1,0,0.0
COL15A1,0.0,0.00011486331265793706,1.0,0.00022975301550832856,2,0,0.0
COL4A4,0.0,0.00011486331265793706,1.0,0.00022975301550832856,2,0,0.0
COL4A3,0.0,0.00011486331265793706,1.0,0.00022975301550832856,2,0,0.0
DXO,0.0,4.762502975316111e-05,0.0,0.10955479368982655,1,0,0.0
PAX7,0.0,4.2829679784892926e-05,0.0,0.13095696445905075,1,0,0.0
PAX3,0.00010184764022011805,8.827952587502706e-05,0.0,0.1557268134690848,3,0,0.0
SKIV2L,0.0,3.7300274893361545e-05,1.0,0.14137000146238501,2,0,0.0
TTC37,0.0,3.7300274893361545e-05,1.0,0.14137000146238501,2,0,0.0
VARS1,0.0,0.00011486331265793706,0.0,0.00011487650775416428,1,0,0.0
VARS2,0.0,0.00011486331265793706,0.0,0.00011487650775416428,1,0,0.0
CLCNKB,0.0,9.367082172871192e-05,0.0,0.00015316867700555236,1,0,0.0
CARD18,0.0,7.353723517790123e-05,1.0,0.11753979877704633,2,0,0.0
CARD17,0.0,7.353723517790123e-05,1.0,0.11753979877704633,2,0,0.0
RND3,1.2471036738030874e-06,6.732633061335818e-05,0.0,0.13432661037030696,2,0,0.0
LILRA5,4.269214518932687e-06,4.2885587228105e-05,0.0,0.15985387152866706,2,0,0.0
LILRA2,4.277770059050789e-06,4.2885587228105e-05,0.0,0.15985387152866706,2,0,0.0
LILRB5,4.269214518932687e-06,4.2885587228105e-05,0.0,0.15985387152866706,2,0,0.0
LILRB4,0.0001377794652103219,5.5399568027447916e-05,0.0,0.1723619407165055,3,0,0.0
LILRA6,4.269214518932687e-06,4.2885587228105e-05,0.0,0.15985387152866706,2,0,0.0
HCK,0.0,2.9348046665451862e-05,0.0,0.15284193753296718,1,0,0.0
RTL10,0.0,4.013219903262473e-05,1.0,0.1596375780321598,2,0,0.0
BAD,0.0,4.013219903262473e-05,1.0,0.1596375780321598,2,0,0.0
PGAM5,3.568848973410741e-05,3.60109593882695e-05,0.0,0.1670183301535221,2,0,0.0
COMMD8,0.0,4.1188263887371847e-05,0.0,0.12283112108071463,1,0,0.0
SPART,0.00027021913479099795,3.6079676781190244e-05,0.0,0.14392932760021473,2,0,0.0
KRT18,9.535845588235295e-05,7.478050449092961e-05,0.0,0.13447972053577717,2,0,0.0
PCCA,0.0,9.934808208276808e-05,1.0,0.0003191014104282341,2,0,0.0
ECHDC1,0.0,9.934808208276808e-05,1.0,0.0003191014104282341,2,0,0.0
PLP2,0.0,0.00011486331265793706,0.0,0.00011487650775416428,1,0,0.0
PLP1,0.0,0.00011486331265793706,0.0,0.00011487650775416428,1,0,0.0
GPR183,0.0,3.445008334049108e-05,0.0,0.1444544756231457,1,0,0.0
GRIPAP1,0.0,4.420410130111928e-05,0.0,0.11335025692259096,1,0,0.0
NMRK1,0.0,0.00011486331265793706,0.0,0.00011487650775416428,1,0,0.0
NMRK2,0.0,0.00011486331265793706,0.0,0.00011487650775416428,1,0,0.0
SLITRK1,0.0,4.4691510778921244e-05,0.0,0.11504578011199003,1,0,0.0
TRPM3,0.0,3.437029741068302e-05,0.0,0.14853176102886495,1,0,0.0
NKX2-2,0.0,2.804466977930428e-05,0.0,0.1490120092205315,1,0,0.0
KCTD12,0.0,3.437029741068302e-05,0.0,0.14853176102886495,1,0,0.0
SLC7A6,0.0,4.935004599146097e-05,0.0,0.12782421280655257,1,0,0.0
SLC7A7,0.0,4.935004599146097e-05,0.0,0.12782421280655257,1,0,0.0
GMFG,0.0,3.636800118508854e-05,1.0,0.14307755083731266,2,0,0.0
ITGA8,9.535845588235295e-05,6.79801634565312e-05,0.0,0.1595296506307102,2,0,0.0
NPNT,0.0,4.632552296885806e-05,0.0,0.13363585214014456,1,0,0.0
RPGRIP1,2.289589434905374e-05,7.282427247458172e-05,0.0,0.12080372339904982,2,0,0.0
EXT1,0.0,0.00011486331265793706,0.0,0.00011487650775416428,1,0,0.0
EXT2,0.0,0.00011486331265793706,0.0,0.00011487650775416428,1,0,0.0
SPIRE2,0.0,4.718888082885817e-05,0.0,0.1194582524203637,1,0,0.0
LRRC47,0.0,1.95223947512576e-05,0.0,0.1560068606305345,1,0,0.0
HSPA14,0.0,0.00011486331265793706,0.0,0.00011487650775416428,1,0,0.0
DNAJC2,0.0,0.00011486331265793706,0.0,0.00011487650775416428,1,0,0.0
TSPAN7,0.0,3.95861247441105e-05,0.0,0.1262079848745727,1,0,0.0
PLCB4,0.0,3.307813192344527e-05,0.0,0.1328772929614236,1,0,0.0
LTB4R,9.535845588235295e-05,8.76226511182204e-05,0.3333333333333333,0.14935154744600743,3,0,0.0
MC1R,5.5805044217861244e-05,6.078740776398181e-05,0.0,0.14937802084075869,2,0,0.0
GPR17,0.0,5.159088385248355e-05,1.0,0.14934398534233925,2,0,0.0
GPR139,0.0,5.159088385248355e-05,1.0,0.14934398534233925,2,0,0.0
ADGRD1,0.0,3.437029741068302e-05,0.0,0.14853176102886495,1,0,0.0
SEPHS1,0.0,0.00011486331265793706,0.0,0.00011487650775416428,1,0,0.0
SEPHS2,0.0,0.00011486331265793706,0.0,0.00011487650775416428,1,0,0.0
ID4,0.0,0.00011486331265793706,0.0,0.00011487650775416428,1,0,0.0
OLIG1,0.0,0.00011486331265793706,0.0,0.00011487650775416428,1,0,0.0
ENSP00000491596,0.0,3.2632319394481615e-05,0.0,0.13993802445789114,1,0,0.0
CCDC88C,0.0,2.9370393453316163e-05,0.0,0.1516942866957005,1,0,0.0
HECW1,0.0,2.9370393453316163e-05,0.0,0.1516942866957005,1,0,0.0
KIRREL3,0.0,3.057305527955243e-05,0.0,0.15078310510498688,1,0,0.0
MAGEB1,0.0,3.1942409214909856e-05,0.0,0.1414038885138885,1,0,0.0
IL1RAPL1,5.198145975619624e-05,8.327937303942427e-05,0.0,0.13165254912119267,3,0,0.0
PRKD3,0.0,0.00011486331265793706,1.0,0.00022975301550832856,2,0,0.0
PRKD2,0.0,0.00011486331265793706,1.0,0.00022975301550832856,2,0,0.0
PRKD1,0.0,0.00011486331265793706,1.0,0.00022975301550832856,2,0,0.0
BCAP29,0.0,0.00011486331265793706,0.0,0.00011487650775416428,1,0,0.0
DUS4L-BCAP29,0.0,0.00011486331265793706,0.0,0.00011487650775416428,1,0,0.0
PARG,0.0,2.803402649746326e-05,0.0,0.15548464472910917,1,0,0.0
ZNHIT3,0.0,4.6166898802613565e-05,0.0,0.12249444372736411,1,0,0.0
PDIA6,0.0,6.496094405129179e-05,0.0,0.11253934566413065,1,0,0.0
TXNDC5,0.0,6.496094405129179e-05,0.0,0.11253934566413065,1,0,0.0
SLC30A6,0.0,0.00011486331265793706,0.0,0.00011487650775416428,1,0,0.0
SLC30A5,0.0,0.00011486331265793706,0.0,0.00011487650775416428,1,0,0.0
INSC,0.0,8.660665808563686e-05,0.0,0.00020677771395749567,1,0,0.0
GPSM2,4.595588235294118e-07,0.00019963327637483752,0.0,0.0003446295232624928,3,0,0.0
B4GALT4,0.0,7.429301127667057e-05,1.0,0.11179289381864767,2,0,0.0
EIF1AD,0.0,2.8852012291317833e-05,0.8333333333333334,0.15727125279326032,4,0,0.0
USP25,0.0,2.9462780231693425e-05,0.0,0.15499848711270398,1,0,0.0
MPV17,0.0,0.00011486331265793706,1.0,0.00022975301550832856,2,0,0.0
MPV17L,0.0,0.00011486331265793706,1.0,0.00022975301550832856,2,0,0.0
MPV17L2,0.0,0.00011486331265793706,1.0,0.00022975301550832856,2,0,0.0
ITPA,2.297794117647059e-07,0.00010062777694735778,0.3333333333333333,0.0007172777069528307,3,0,0.0
DUT,0.0,4.5649407610219716e-05,0.0,0.0005251497497333223,1,0,0.0
EMSY,0.0,2.6526918987472885e-05,0.0,0.15206185031248132,1,0,0.0
GDI2,0.0,6.0544850500113934e-05,0.0,0.08683684543627398,1,0,0.0
KDM8,0.0,1.9598876898142547e-05,0.0,0.15682388932960445,1,0,0.0
AKR1C2,0.0,3.516156518541904e-05,0.0,0.08403976723113658,1,0,0.0
NACA,0.0,3.726709238129379e-05,1.0,0.13316525025446174,2,0,0.0
NACA2,0.0,3.726709238129379e-05,1.0,0.13316525025446174,2,0,0.0
ATXN2L,0.0,5.10511260180864e-05,1.0,0.15536179670851727,3,0,0.0
STEAP3,0.0,3.2218137880860296e-05,0.0,0.13907038099444577,1,0,0.0
FRMPD4,0.0,8.660665808563686e-05,0.0,0.00020677771395749567,1,0,0.0
PDE4A,9.53089458803553e-06,5.4590079202293545e-05,0.0,0.14295966026130286,2,0,0.0
SHROOM2,0.0,4.489753108282275e-05,0.0,0.1265029898143421,1,0,0.0
PAN3,0.0,0.00011486331265793706,0.0,0.00011487650775416428,1,0,0.0
PAN2,0.0,0.00011486331265793706,0.0,0.00011487650775416428,1,0,0.0
PDX1,0.0,2.3177015276712775e-05,0.0,0.1482592530855865,1,0,0.0
TMEM219,0.0,3.2008023534502745e-05,0.0,0.14989422998405286,1,0,0.0
RCAN1,0.0,2.781106124595729e-05,0.0,0.13833335102294347,1,0,0.0
CD99L2,0.0,4.1769061723805116e-05,0.0,0.12739358659833286,1,0,0.0
SLC39A14,0.0,0.00011486331265793706,0.0,0.00011487650775416428,1,0,0.0
SLC39A8,0.0,0.00011486331265793706,0.0,0.00011487650775416428,1,0,0.0
KDM4C,0.0,2.7221000572556992e-05,0.0,0.16660323715042932,1,0,0.0
FCHSD2,0.0,3.4575231406172056e-05,0.0,0.13947152026249293,1,0,0.0
NPSR1,0.0,0.00011486331265793706,0.0,0.00011487650775416428,1,0,0.0
NPS,0.0,0.00011486331265793706,0.0,0.00011487650775416428,1,0,0.0
CCDC91,0.0,3.611720693250364e-05,0.0,0.1327905506262921,1,0,0.0
CATSPER2,0.0,6.878381769623541e-05,0.0,0.00028144744399770247,1,0,0.0
SDCBP2,0.0,3.081338931754053e-05,0.0,0.15189348870979738,1,0,0.0
TNK2,0.0,3.133446790647348e-05,0.0,0.16035357782489945,1,0,0.0
RELN,0.0,4.160982697886249e-05,0.0,0.1323733825738803,1,0,0.0
ARHGAP5,0.0,3.965829642922599e-05,0.0,0.13431131852695524,1,0,0.0
SEMA5A,9.535845588235295e-05,7.85500756440092e-05,0.0,0.13572977361884866,2,0,0.0
SEMA5B,0.0,5.12086354914417e-05,0.0,0.11652058034294746,1,0,0.0
KCNAB1,0.0,5.949045049924082e-05,1.0,0.13205630993311995,2,0,0.0
MOB1B,0.0,8.589183129889415e-05,1.0,0.14241435519826182,3,0,0.0
FBXO25,0.0,3.657697305487479e-05,0.0,0.13744378893342035,1,0,0.0
MSLN,0.0,4.933617196657866e-05,0.0,0.128291231808586,1,0,0.0
SNRNP25,0.0,2.432204295612725e-05,0.0,0.12448483626703809,1,0,0.0
MTERF4,0.0,2.7806963596667937e-05,1.0,0.11990746226441451,2,0,0.0
KRT8,0.0,4.9635290253767454e-05,0.0,0.11559811528330625,1,0,0.0
STK38L,0.0,4.159217791385187e-05,0.0,0.12181150204473448,1,0,0.0
ALKAL2,0.0,3.5853081742300195e-05,0.0,0.14475932912130748,1,0,0.0
PRB2,0.0,0.00011486331265793706,0.0,0.00011487650775416428,1,0,0.0
PRB1,0.0,0.00011486331265793706,0.0,0.00011487650775416428,1,0,0.0
GXYLT2,0.0,0.00011486331265793706,0.0,0.00011487650775416428,1,0,0.0
GXYLT1,0.0,0.00011486331265793706,0.0,0.00011487650775416428,1,0,0.0
NLRP2,0.0,5.155763690539296e-05,1.0,0.14011085720785693,3,0,0.0
KLK14,0.0,6.163510961949977e-05,0.0,0.11231864246724932,1,0,0.0
PPP1R12B,0.0,2.9764105651314156e-05,0.0,0.13718807955866047,1,0,0.0
HNRNPUL1,0.0,2.7454352370694074e-05,0.0,0.13080886580088255,1,0,0.0
AKT2,0.0,5.109247394234878e-05,1.0,0.16627452001303344,2,0,0.0
AKT3,0.0,5.109247394234878e-05,1.0,0.16627452001303344,2,0,0.0
SP140,0.0,4.2944246714900775e-05,1.0,0.15438999767129213,2,0,0.0
PNLDC1,0.0,0.00011486331265793706,0.0,0.00011487650775416428,1,0,0.0
PARN,0.0,0.00011486331265793706,0.0,0.00011487650775416428,1,0,0.0
PIAS2,0.0,2.924783318319585e-05,0.0,0.15493335314569667,1,0,0.0
SENP1,0.0,5.375532414468744e-05,1.0,0.159559855590122,3,0,0.0
TF,0.0,3.4976949645449055e-05,0.0,0.142925023526249,1,0,0.0
GAB3,0.0,2.8216715507003637e-05,0.0,0.16555588855585993,1,0,0.0
SPRY1,0.0,2.8216715507003637e-05,0.0,0.16555588855585993,1,0,0.0
PDK1,0.0,5.508677187944748e-05,0.0,0.08103698634552375,1,0,0.0
SCN3B,0.0,3.6627646585347045e-05,0.0,0.12053959870496742,1,0,0.0
GRB10,5.882836172191532e-05,6.822426524023371e-05,0.16666666666666666,0.16570004834196794,4,0,0.0
RGS19,0.0,3.49308897532032e-05,0.0,0.1426347362305334,1,0,0.0
CASP4,0.0,6.038873188515447e-05,0.6666666666666666,0.13605533975327277,3,0,0.0
BCL2L10,0.0,2.9327085503660364e-05,0.0,0.13825878128348376,1,0,0.0
TSPAN8,0.0,2.7157274319554096e-05,0.0,0.14695183272357326,1,0,0.0
G6PD,0.0,9.367082172871192e-05,0.0,0.00015316867700555236,1,0,0.0
ZMYND8,9.535845588235295e-05,0.00010078032236085517,0.0,0.1106479990438234,2,0,0.0
ARAP1,0.0,3.233239892858207e-05,0.0,0.15020720141120875,1,0,0.0
DPP3,0.0,2.448311065128177e-05,0.0,0.15966782387869868,1,0,0.0
ST3GAL2,0.0,0.00011486331265793706,0.0,0.00011487650775416428,1,0,0.0
ST3GAL1,0.0,0.00011486331265793706,0.0,0.00011487650775416428,1,0,0.0
TFAP2B,0.0,5.237221215259731e-05,0.0,0.12398510731672378,1,0,0.0
TFAP2A,0.001741498161764705,7.980058679544195e-05,0.0,0.14596643294458359,2,0,0.0
NUMA1,0.0,8.660665808563686e-05,0.0,0.00020677771395749567,1,0,0.0
PPP6R3,0.0,9.416108205802443e-05,1.0,0.0002584721424468696,2,0,0.0
PPP6C,0.0,0.00013556554325784966,0.6666666666666666,0.0003446295232624928,3,0,0.0
ANKRD28,0.0,0.00013556554325784966,0.6666666666666666,0.0003446295232624928,3,0,0.0
SUCLG1,0.0,0.00011486331265793706,1.0,0.00022975301550832856,2,0,0.0
SUCLG2,0.0,0.00011486331265793706,1.0,0.00022975301550832856,2,0,0.0
SUCLA2,0.0,0.00011486331265793706,1.0,0.00022975301550832856,2,0,0.0
HMMR,0.0,3.062025495691508e-05,0.0,0.1600273287855682,1,0,0.0
MTHFD2,0.0,8.444116930275832e-05,1.0,0.00035898908673176336,2,0,0.0
MTHFD2L,0.0,8.444116930275832e-05,1.0,0.00035898908673176336,2,0,0.0
USP10,0.0,3.3341292681179265e-05,0.0,0.13887394465423045,1,0,0.0
SYNPO,8.183382519516172e-06,4.667692185021815e-05,0.3333333333333333,0.1663120220192388,3,0,0.0
ASNS,0.0,0.00011486331265793706,0.0,0.00011487650775416428,1,0,0.0
ASRGL1,0.0,0.00011486331265793706,0.0,0.00011487650775416428,1,0,0.0
HSPE1-MOB4,0.0,3.302777059669078e-05,0.0,0.1174929776334927,1,0,0.0
UTP14C,0.0,2.027933999413304e-05,0.0,0.13838527308394483,1,0,0.0
QRFPR,0.0,0.00011486331265793706,0.0,0.00011487650775416428,1,0,0.0
QRFP,0.0,0.00011486331265793706,0.0,0.00011487650775416428,1,0,0.0
GRK4,0.0,3.3626097272993405e-05,0.0,0.14008756639806225,1,0,0.0
TKFC,0.0,2.8822471002415295e-05,0.0,0.1513673257985836,1,0,0.0
VSIR,0.0,3.0257903073790287e-05,0.0,0.16129183083672557,1,0,0.0
ALAS1,0.0,0.00011486331265793706,0.0,0.00011487650775416428,1,0,0.0
ALAS2,0.0,0.00011486331265793706,0.0,0.00011487650775416428,1,0,0.0
VKORC1,0.0,0.00011486331265793706,0.0,0.00011487650775416428,1,0,0.0
VKORC1L1,0.0,0.00011486331265793706,0.0,0.00011487650775416428,1,0,0.0
POM121,0.0,0.00011486331265793706,1.0,0.00022975301550832856,2,0,0.0
POM121C,0.0,0.00011486331265793706,1.0,0.00022975301550832856,2,0,0.0
POM121L2,0.0,0.00011486331265793706,1.0,0.00022975301550832856,2,0,0.0
ALDOC,0.0,0.00011486331265793706,1.0,0.00022975301550832856,2,0,0.0
ALDOB,0.0,0.00011486331265793706,1.0,0.00022975301550832856,2,0,0.0
ALDOA,0.0,0.00011486331265793706,1.0,0.00022975301550832856,2,0,0.0
WIZ,0.0,2.2553179920823336e-05,0.0,0.1506714196215366,1,0,0.0
CDYL,0.0,2.2553179920823336e-05,0.0,0.1506714196215366,1,0,0.0
MPRIP,0.0,3.4975169247808364e-05,0.0,0.1494499245293474,1,0,0.0
CBY1,0.0,3.927038242478952e-05,1.0,0.1766722797550884,2,0,0.0
KHSRP,3.746617080986551e-05,4.809601881979672e-05,0.3333333333333333,0.16611532498936699,3,0,0.0
FOXP2,0.0,3.06785757077939e-05,0.0,0.14002438750082843,1,0,0.0
ITGA7,0.0,2.8613720877043868e-05,0.0,0.15952102274262847,1,0,0.0
GTF2A1L,0.0,2.4739833143370938e-05,1.0,0.1403441919687484,2,0,0.0
SYTL1,9.535845588235295e-05,0.00010265096738955342,0.0,0.10563700770056052,2,0,0.0
SOX5,0.0,3.9015420129412696e-05,0.0,0.13955730828063403,1,0,0.0
PRH2,0.0,0.00011486331265793706,0.0,0.00011487650775416428,1,0,0.0
PRH1,0.0,0.00011486331265793706,0.0,0.00011487650775416428,1,0,0.0
ARHGAP21,0.0,3.8305445934173865e-05,0.0,0.1291393918787741,1,0,0.0
COX7B2,0.0,2.203968333567882e-05,0.0,0.11020357976092213,1,0,0.0
AMPD3,0.0,0.00011486331265793706,1.0,0.00022975301550832856,2,0,0.0
AMPD1,0.0,0.00011486331265793706,1.0,0.00022975301550832856,2,0,0.0
AMPD2,0.0,0.00011486331265793706,1.0,0.00022975301550832856,2,0,0.0
TIMM17B,0.0,6.138927794373746e-05,1.0,0.1061330542445828,2,0,0.0
LTB4R2,0.0,4.171775708148257e-05,0.0,0.12641894908219364,1,0,0.0
TPTEP2-CSNK1E,0.0,2.9771207046185623e-05,0.0,0.1406185173421945,1,0,0.0
CARD10,0.0,7.827276322357978e-05,0.8333333333333334,0.1470214191262686,4,0,0.0
CARD14,0.0,6.351589242778966e-05,1.0,0.1470177550410567,3,0,0.0
MAFF,0.0,3.818013767598749e-05,0.0,0.1349226343950963,1,0,0.0
RAPGEF4,0.0,0.00011486331265793706,0.0,0.00011487650775416428,1,0,0.0
RAPGEF3,0.0,0.00011486331265793706,0.0,0.00011487650775416428,1,0,0.0
CAPN3,0.0,3.950921956563712e-05,0.0,0.1408300090962185,1,0,0.0
DDHD2,0.0,0.00011486331265793706,0.0,0.00011487650775416428,1,0,0.0
DDHD1,0.0,0.00011486331265793706,0.0,0.00011487650775416428,1,0,0.0
LPXN,0.0,3.0210387346459053e-05,0.0,0.1508447955870407,1,0,0.0
EIF4ENIF1,3.4594764929898392e-06,5.028829700074598e-05,0.6666666666666666,0.14886159839059254,3,0,0.0
LSM14A,0.0,5.2506794360690346e-05,0.6666666666666666,0.14384158935462193,3,0,0.0
CEP250,0.0,2.7970966677767454e-05,0.0,0.14446155065562388,1,0,0.0
WEE2,0.0,3.974832895217945e-05,0.0,0.12795174867739026,1,0,0.0
CDHR5,0.0,0.00011486331265793706,0.0,0.00011487650775416428,1,0,0.0
CDHR2,0.0,0.00011486331265793706,0.0,0.00011487650775416428,1,0,0.0
CCDC40,0.0,0.00011486331265793706,0.0,0.00011487650775416428,1,0,0.0
CCDC39,0.0,0.00011486331265793706,0.0,0.00011487650775416428,1,0,0.0
MYCBP,0.0,0.00011486331265793706,0.0,0.00011487650775416428,1,0,0.0
ENSP00000479064,0.0,0.00011486331265793706,0.0,0.00011487650775416428,1,0,0.0
NELL2,0.0,4.712795813836871e-05,0.0,0.12195504374568235,1,0,0.0
CFAP410,0.0,0.00011486331265793706,0.0,0.00011487650775416428,1,0,0.0
NEK1,0.0,0.00011486331265793706,0.0,0.00011487650775416428,1,0,0.0
CBSL,0.0,5.564754392149186e-05,0.0,0.0002953967342249938,1,0,0.0
CATSPERZ,0.0,6.82783244194481e-05,0.0,0.00024473690782408913,1,0,0.0
DDT,0.0,0.00011486331265793706,0.0,0.00011487650775416428,1,0,0.0
DDT-2,0.0,0.00011486331265793706,0.0,0.00011487650775416428,1,0,0.0
TMPRSS2,9.535845588235295e-05,7.971251608983704e-05,0.0,0.1400476573055031,2,0,0.0
TMPRSS4,0.0,5.098279347062909e-05,0.0,0.11968850652347274,1,0,0.0
TDRD3,0.0,3.6296058699364386e-05,0.0,0.11441652936542149,1,0,0.0
KCNJ15,0.0,9.367082172871192e-05,0.0,0.00015316867700555236,1,0,0.0
KCNJ16,0.0,0.00015724829451638727,0.0,0.00022975301550832856,2,0,0.0
MARK3,0.0,3.318901441227884e-05,0.0,0.13785169118833457,1,0,0.0
ZBTB33,0.0,2.953490512302358e-05,0.0,0.148080614027723,1,0,0.0
LCMT1,0.0,2.818879785232616e-05,0.0,0.13010779490565505,1,0,0.0
ALKBH5,0.0,2.1159694915883496e-05,0.0,0.1294766888571893,1,0,0.0
OTOG,0.0,0.00011486331265793706,0.0,0.00011487650775416428,1,0,0.0
STRC,0.0,0.00011486331265793706,0.0,0.00011487650775416428,1,0,0.0
PPP6R1,0.0,9.416108205802443e-05,1.0,0.0002584721424468696,2,0,0.0
MAP3K1,0.00011834284655095416,4.200591612005358e-05,0.0,0.17637647016152608,2,0,0.0
CDIP1,0.0,5.8089841717529016e-05,0.0,0.11058784509724615,1,0,0.0
KDM5A,0.0,4.2899159422394174e-05,1.0,0.14912501696300118,2,0,0.0
ZFHX3,0.0,3.112514917616799e-05,0.0,0.15659492503576758,1,0,0.0
RCOR3,0.0,2.5038558957971833e-05,0.0,0.15519421801642685,1,0,0.0
MAPK4,0.0,4.329147843957079e-05,0.0,0.12823824310389775,1,0,0.0
TXNRD2,0.0,8.270802114666727e-05,1.0,0.11928192136330806,2,0,0.0
TXNRD3,0.0,8.270802114666727e-05,1.0,0.11928192136330806,2,0,0.0
ASXL2,0.0,2.1959374733257094e-05,0.0,0.1494234256445807,1,0,0.0
CDCA7L,0.0,2.742680771490461e-05,0.0,0.1662323504669992,1,0,0.0
CCDC155,0.0,4.967910873762701e-05,1.0,0.1315380609856267,2,0,0.0
PENK,3.5860071882554744e-05,9.193881057644037e-05,0.6666666666666666,0.1402140953846359,3,0,0.02
PDYN,0.0,6.976554611150227e-05,1.0,0.1220509263034035,2,0,0.0
MC5R,0.0,4.3646607251989356e-05,0.0,0.12204840114665455,1,0,0.0
ZFPM2,4.026697613631757e-05,4.2476144314441864e-05,0.0,0.16206729363505595,2,0,0.0
CASTOR1,0.0,0.00011486331265793706,0.0,0.00011487650775416428,1,0,0.0
CASTOR2,0.0,0.00011486331265793706,0.0,0.00011487650775416428,1,0,0.0
ATG4B,1.7658261479999444e-06,4.361293834762066e-05,0.0,0.15453559901035813,2,0,0.0
ACY1,0.0,0.00011486331265793706,0.0,0.00011487650775416428,1,0,0.0
ABHD14A-ACY1,0.0,0.00011486331265793706,0.0,0.00011487650775416428,1,0,0.0
NPY5R,0.0,3.999579389536392e-05,0.0,0.11106673358730257,1,0,0.0
FSHR,0.0,7.339398021679087e-05,1.0,0.11653899565424841,2,0,0.0
FSHB,0.0,7.339398021679087e-05,1.0,0.11653899565424841,2,0,0.0
CIZ1,0.0,2.7083093209423237e-05,0.0,0.14831143736071406,1,0,0.0
TBC1D10A,0.0,5.975092475811378e-05,0.0,0.09362441945502795,1,0,0.0
UBE2W,0.0,2.5285856904712544e-05,0.0,0.13297314025251675,1,0,0.0
UNC5D,0.0,2.9332618323419995e-05,0.0,0.16223666623641816,1,0,0.0
TST,0.0,5.652101326520764e-05,0.0,0.11003501932481022,1,0,0.0
GABRR2,0.0,0.00011486331265793706,1.0,0.00022975301550832856,2,0,0.0
GABRR3,0.0,0.00011486331265793706,1.0,0.00022975301550832856,2,0,0.0
GABRR1,0.0,0.00011486331265793706,1.0,0.00022975301550832856,2,0,0.0
DAPK3,0.0,6.014307727133078e-05,1.0,0.13616211386350294,2,0,0.0
DAPK2,0.0,6.014307727133078e-05,1.0,0.13616211386350294,2,0,0.0
RGS14,0.0,3.445008334049108e-05,0.0,0.1444544756231457,1,0,0.0
TGOLN2,0.0,2.5964435749699118e-05,0.0,0.13774868467069237,1,0,0.0
AAK1,0.0,0.00011486331265793706,0.0,0.00011487650775416428,1,0,0.0
REPS1,0.0,0.00011486331265793706,0.0,0.00011487650775416428,1,0,0.0
PRPF40B,0.0,3.0093830636421795e-05,0.0,0.1373286018489245,1,0,0.0
ATG9A,9.535845588235295e-05,5.75697183361066e-05,0.0,0.14660124309804917,2,0,0.0
ATG9B,0.0,4.2017070240107595e-05,0.0,0.12444281961485108,1,0,0.0
HNRNPLL,0.0,2.2219316487609484e-05,0.0,0.1483039802152601,1,0,0.0
SMYD3,0.0,5.1773456719887665e-05,0.0,0.11767109672509378,1,0,0.0
GSDMD,0.0,4.6274505409172844e-05,1.0,0.13605220187325356,2,0,0.0
PLCD4,0.0,0.00011486331265793706,1.0,0.00022975301550832856,2,0,0.0
PLCD3,0.0,0.00011486331265793706,1.0,0.00022975301550832856,2,0,0.0
PLCD1,0.0,0.00011486331265793706,1.0,0.00022975301550832856,2,0,0.0
U2SURP,0.0,3.996424067754615e-05,1.0,0.12523006455700764,2,0,0.0
CYTH1,0.0,3.8305445934173865e-05,0.0,0.1291393918787741,1,0,0.0
PMF1-BGLAP,0.0,3.176230706008636e-05,0.0,0.12130053094716238,1,0,0.0
ARL8B,0.0,4.158785577616988e-05,0.0,0.1251556715114864,1,0,0.0
CTU1,0.0,0.00011486331265793706,0.0,0.00011487650775416428,1,0,0.0
CTU2,0.0,0.00011486331265793706,0.0,0.00011487650775416428,1,0,0.0
DDN,0.0,4.428892831544324e-05,0.0,0.12695219017845785,1,0,0.0
TDRD12,0.0,0.00011486331265793706,0.0,0.00011487650775416428,1,0,0.0
EXD1,0.0,0.00011486331265793706,0.0,0.00011487650775416428,1,0,0.0
RBFOX1,0.0,3.184959089037733e-05,0.0,0.13884779506243,1,0,0.0
PEX5L,0.0,3.3361467847830594e-05,0.0,0.14256923945724437,1,0,0.0
APLN,0.0,3.35422583178699e-05,0.0,0.13728385899516876,1,0,0.0
IGF2BP2,4.139496517742105e-06,4.565948094922376e-05,0.0,0.15282609899021765,2,0,0.0
NECAP2,0.0,3.4337046516526694e-05,1.0,0.1452369062467046,2,0,0.0
CHD7,0.0,2.2020368255020996e-05,0.0,0.1553127118377758,1,0,0.0
SAMHD1,0.0,2.257428645525634e-05,0.0,0.14690060066793836,1,0,0.0
DIXDC1,0.0,3.5812335673625196e-05,0.0,0.14138694295765886,1,0,0.0
PLEKHA2,0.0,5.0736093645360695e-05,0.0,0.12535513761495998,1,0,0.0
DOCK8,0.0,3.133446790647348e-05,0.0,0.16035357782489945,1,0,0.0
CLEC2A,0.0,0.00011486331265793706,0.0,0.00011487650775416428,1,0,0.0
KLRF2,0.0,0.00011486331265793706,0.0,0.00011487650775416428,1,0,0.0
GTF2IRD1,0.0,4.6980501512698856e-05,0.0,0.1264677333266674,1,0,0.0
GTF2I,9.535845588235295e-05,6.902204679803583e-05,0.0,0.14941964085669707,2,0,0.0
ALKBH8,0.0,4.0877388427341935e-05,0.0,0.12174865170417522,1,0,0.0
SP140L,0.0,4.2944246714900775e-05,1.0,0.15438999767129213,2,0,0.0
KYAT1-2,0.0,5.355636760002766e-05,0.0,0.0003446295232624928,1,0,0.0
TNIK,0.0,2.937685480593454e-05,0.0,0.15196392027157837,1,0,0.0
MYO9B,0.0,3.4975169247808364e-05,0.0,0.1494499245293474,1,0,0.0
DGKZ,0.0,3.41074728898936e-05,0.0,0.13260548084841076,1,0,0.0
SNAP91,0.0,2.882147385134533e-05,0.0,0.1345932469602866,1,0,0.0
CCL24,0.0,2.865006259876954e-05,0.0,0.13300911864495504,1,0,0.0
PPIP5K1,0.0,0.00011486331265793706,0.0,0.00011487650775416428,1,0,0.0
PPIP5K2,0.0,0.00011486331265793706,0.0,0.00011487650775416428,1,0,0.0
CTPS2,0.0,0.00011486331265793706,0.0,0.00011487650775416428,1,0,0.0
CTPS1,0.0,0.00011486331265793706,0.0,0.00011487650775416428,1,0,0.0
RANBP1,0.0,3.9172534202969455e-05,1.0,0.15151117043848467,2,0,0.0
MFN1,1.5602199417079367e-05,6.0624566379022805e-05,0.3333333333333333,0.16149052591153334,3,0,0.0
NECAP1,0.0,2.5964435749699118e-05,0.0,0.13774868467069237,1,0,0.0
BRAP,0.0,2.4053449063079038e-05,0.0,0.16820893701232967,1,0,0.0
GPR161,0.0,4.184583367013712e-05,1.0,0.1652544309331989,2,0,0.0
CNEP1R1,0.0,0.00011486331265793706,0.0,0.00011487650775416428,1,0,0.0
CTDNEP1,0.0,0.00011486331265793706,0.0,0.00011487650775416428,1,0,0.0
D6RAR5_HUMAN,0.0,5.185264306714373e-05,0.0,0.0005346175937789953,1,0,0.0
ACBD4,0.0,6.36570645154251e-05,0.0,0.07487957021391453,1,0,0.0
COASY,0.0,6.170183059511074e-05,1.0,0.0006839159531410711,2,0,0.0
GTF2IRD2,0.0,0.00011486331265793706,0.0,0.00011487650775416428,1,0,0.0
GTF2IRD2B,0.0,0.00011486331265793706,0.0,0.00011487650775416428,1,0,0.0
RASGRP4,0.0,3.0143314465468198e-05,0.0,0.15987120033123933,1,0,0.0
CDK3,0.0,2.0922078428763145e-05,0.0,0.13425629670730788,1,0,0.0
ERLIN1,0.0,4.916651140406762e-05,0.0,0.1259573690272537,1,0,0.0
ATP6V0E2,0.0,2.9089744121073284e-05,1.0,0.10887942822115912,2,0,0.0
ALDH3A1,0.0,0.00011486331265793706,1.0,0.00022975301550832856,2,0,0.0
ALDH3B1,0.0,0.00011486331265793706,1.0,0.00022975301550832856,2,0,0.0
ALDH3B2,0.0,0.00011486331265793706,1.0,0.00022975301550832856,2,0,0.0
LMOD2,0.0,3.422183085891225e-05,1.0,0.1656674741918221,2,0,0.0
TRIB3,0.0,2.934752764333821e-05,0.0,0.16626983345140509,1,0,0.0
MIF4GD,0.0,3.51503903633403e-05,0.0,0.12655726896555394,1,0,0.0
ARHGEF9,0.0,0.00013605580358716214,0.0,0.00026257487486666117,2,0,0.0
CMKLR1,0.0,5.167488274847052e-05,0.0,0.11144231346624855,1,0,0.0
IRF5,0.0,3.938754870711076e-05,1.0,0.17799968078882356,2,0,0.0
RECQL4,0.0,2.6286554525251582e-05,0.0,0.12670677709092942,1,0,0.0
CDKN2AIP,0.0,2.945701984502355e-05,0.0,0.1482406247429864,1,0,0.0
MIEF1-2,0.0,2.2838226731975497e-05,1.0,0.11951149556366289,2,0,0.0
RMND5B,0.0,7.734437826296678e-05,1.0,0.09542823852698128,2,0,0.0
TEAD1,0.0,5.9848038047721536e-05,1.0,0.15804654845337981,3,0,0.0
TEAD2,0.0,5.9848038047721536e-05,1.0,0.15804654845337981,3,0,0.0
SLC1A5,0.0,3.24434809485836e-05,0.0,0.15021102620244453,1,0,0.0
AWAT2,0.0,5.969275755309638e-05,0.0,0.0003127193822196694,1,0,0.0
IFFO1,0.0,2.4458279075356e-05,0.0,0.14312615054887426,1,0,0.0
USP51,0.0,2.2158339573159973e-05,0.0,0.15055605688893883,1,0,0.0
ZNF346,0.0,2.742680771490461e-05,0.0,0.1662323504669992,1,0,0.0
HTN1,0.0,0.00011486331265793706,0.0,0.00011487650775416428,1,0,0.0
HTN3,0.0,0.00011486331265793706,0.0,0.00011487650775416428,1,0,0.0
NDFIP2,0.0,3.0874951283498205e-05,0.0,0.1501269257653179,1,0,0.0
HARS1,0.0,0.00011486331265793706,0.0,0.00011487650775416428,1,0,0.0
HARS2,0.0,0.00011486331265793706,0.0,0.00011487650775416428,1,0,0.0
MIB2,0.0,3.132340017238339e-05,0.0,0.14687134124293294,1,0,0.0
GABRA2,0.0,7.985861325351287e-05,0.0,0.00018380241240666286,1,0,0.0
KIF13B,9.535845588235295e-05,7.189867939898832e-05,0.0,0.15712045334991082,2,0,0.0
ADAP1,0.0,4.7928841615792e-05,0.0,0.13194111878824424,1,0,0.0
SHISA9,0.0,3.643948906130592e-05,0.0,0.12803228260493546,1,0,0.0
CLINT1,0.0,2.930694845417767e-05,0.0,0.11341345447422618,1,0,0.0
HOPX,0.0,2.336440651491539e-05,0.0,0.1553086228318564,1,0,0.0
IDO1,0.0,0.00011486331265793706,1.0,0.00022975301550832856,2,0,0.0
TDO2,0.0,0.00011486331265793706,1.0,0.00022975301550832856,2,0,0.0
IDO2,0.0,0.00011486331265793706,1.0,0.00022975301550832856,2,0,0.0
SDR16C5,0.0,3.3182762382930815e-05,0.0,0.0923839919350769,1,0,0.0
IGHD,0.0,2.9723367092732344e-05,0.0,0.15510036864443397,1,0,0.0
IGHV3-15,0.0,4.2751773267832074e-05,1.0,0.1624645392735445,2,0,0.0
MS4A1,0.0,4.3515917011433286e-05,1.0,0.16161883345266853,2,0,0.0
FLI1,0.0,2.7851391467628002e-05,0.0,0.15163969515763714,1,0,0.0
PAX6,8.424216481137386e-06,3.1416177279956e-05,0.0,0.15523914265848424,2,0,0.0
MPPE1,0.0,2.1772621799749108e-05,0.0,0.14907979330357343,1,0,0.0
PARP10,0.0,2.742680771490461e-05,0.0,0.1662323504669992,1,0,0.0
EPS8L2,0.0,4.47674590344575e-05,0.0,0.11591156781919715,1,0,0.0
MUC5B,0.0,0.00011486331265793706,0.0,0.00011487650775416428,1,0,0.0
MUC5AC,0.0,0.00011486331265793706,0.0,0.00011487650775416428,1,0,0.0
LDHC,0.0,0.00011486331265793706,0.0,0.00011487650775416428,1,0,0.0
LDHA,0.0,0.00011486331265793706,0.0,0.00011487650775416428,1,0,0.0
ENSP00000493780,0.0,2.980825395515087e-05,0.0,0.14362096267766472,1,0,0.0
HNF1B,0.0,8.061241979261792e-05,0.0,0.0001723147616312464,1,0,0.0
MTRNR2L8,0.0,3.609198130663941e-05,0.0,0.14085354745642178,1,0,0.0
ZNF592,0.0,6.208258207266198e-05,0.0,0.09753943386997803,1,0,0.0
CYTH2,0.0,3.8305445934173865e-05,0.0,0.1291393918787741,1,0,0.0
IQSEC2,0.0,3.8305445934173865e-05,0.0,0.1291393918787741,1,0,0.0
GRM6,0.0,4.069609482908491e-05,0.0,0.11644008173823381,1,0,0.0
PHB2,0.0,0.00011486331265793706,0.0,0.00011487650775416428,1,0,0.0
PHB,0.0,0.00011486331265793706,0.0,0.00011487650775416428,1,0,0.0
PPFIA2,0.0,3.798826124585378e-05,0.0,0.12861288989954436,1,0,0.0
TMEM30B,0.0,3.728043609369724e-05,0.0,0.0004897366909519635,1,0,0.0
ACYP1,0.0,0.00011486331265793706,0.0,0.00011487650775416428,1,0,0.0
ACYP2,0.0,0.00011486331265793706,0.0,0.00011487650775416428,1,0,0.0
CDH8,0.0,2.718861951561534e-05,0.0,0.1734464561766017,1,0,0.0
TEFM,0.0,3.993033629195185e-05,0.0,0.12556860344031165,1,0,0.0
KCNJ10,0.0,9.367082172871192e-05,0.0,0.00015316867700555236,1,0,0.0
NPY4R2,8.588252849712588e-05,5.974800691835387e-05,0.0,0.14450401540852953,2,0,0.0
RAMACL,0.0,2.789682795076656e-05,0.0,0.139772240753996,1,0,0.0
COX6B2,0.0,2.1859190018297045e-05,0.0,0.11021387454267995,1,0,0.0
NEB,0.0,3.950921956563712e-05,0.0,0.1408300090962185,1,0,0.0
LRRC4B,0.0,3.7321707707220996e-05,0.0,0.12936595221540353,1,0,0.0
MTRNR2L12,0.0,3.609198130663941e-05,0.0,0.14085354745642178,1,0,0.0
KLK13,0.0,6.163510961949977e-05,0.0,0.11231864246724932,1,0,0.0
SLC38A5,0.0,0.00011486331265793706,0.0,0.00011487650775416428,1,0,0.0
SLC38A3,0.0,0.00011486331265793706,0.0,0.00011487650775416428,1,0,0.0
SARS2,0.0,9.367082172871192e-05,0.0,0.00015316867700555236,1,0,0.0
APELA,0.0,3.35422583178699e-05,0.0,0.13728385899516876,1,0,0.0
PNRC2,0.0,3.0864494858243583e-05,0.0,0.1224690130589271,1,0,0.0
ABCB1,0.0,3.0487510836333555e-05,0.0,0.14971163162760198,1,0,0.0
GPIHBP1,0.0,0.00011486331265793706,0.0,0.00011487650775416428,1,0,0.0
LPL,0.0,0.00011486331265793706,0.0,0.00011487650775416428,1,0,0.0
IFNA13,0.0,3.0257903073790287e-05,0.0,0.16129183083672557,1,0,0.0
LHB,0.0,4.2129660956773745e-05,0.0,0.11653669342201503,1,0,0.0
SSBP2,0.0,2.9980485113321642e-05,0.0,0.14721220355915354,1,0,0.0
CD1D,0.0,4.319803438688151e-05,1.0,0.14728203682676455,2,0,0.0
MPIG6B,0.0,2.9332618323419995e-05,0.0,0.16223666623641816,1,0,0.0
BIVM-ERCC5,0.0,2.3406936805091816e-05,0.0,0.14524405813178384,1,0,0.0
TMIE,0.0,9.645663757716625e-05,1.0,0.0003063373540111047,2,0,0.0
PITX2,0.0,2.718861951561534e-05,0.0,0.1734464561766017,1,0,0.0
SYNGAP1,0.0,3.1003325900842725e-05,0.0,0.1571120840818814,1,0,0.0
